customerId,currentBalance,averageBalance,minimumBalance,maximumBalance,balanceVolatility,averageTransactionValue,monthlyTransactionValue,transactionsPerMonth,daysSinceLastTransaction,monthlyActiveDays,transactionGrowthRate,engagementScore,engagementCategory,scoreBreakdown,numberOfProducts,hasCreditCard,hasLoan,hasInvestment,hasInsurance,complaintCount,complaintsLast90Days,unresolvedComplaints,averageResolutionTime,digitalUsagePercentage,mobileLoginFrequency,webLoginFrequency,digitalSessionDuration,age,income,creditScore,tenureMonths,churn
CUST-1001,1093.97,1233.55,200.0,9402.26,1.567,2212.19,24334.05,11.0,1,9,-0.162,67.5,Engaged,"{'transactionFrequency': 13.8, 'digitalUsage': 20.1, 'productUsage': 16.0, 'recency': 19.7, 'servicePenalty': 2.0}",4,False,True,True,True,1,1,0,19.0,80.3,8.0,3.5,515.9,44,493919,758,6,0
CUST-1002,170807.56,220792.41,170807.56,252266.78,0.11,2486.56,17405.95,7.0,2,7,1.385,55.6,At Risk,"{'transactionFrequency': 8.8, 'digitalUsage': 15.5, 'productUsage': 12.0, 'recency': 19.3, 'servicePenalty': 0.0}",3,True,True,False,False,1,0,0,66.0,61.9,3.3,4.0,612.5,50,515655,785,4,0
CUST-1003,976.6,14171.36,200.0,25411.87,0.58,2307.58,17306.84,7.5,9,5,0.35,46.5,At Risk,"{'transactionFrequency': 9.4, 'digitalUsage': 16.1, 'productUsage': 4.0, 'recency': 17.0, 'servicePenalty': 0.0}",1,False,False,False,False,0,0,0,0.0,64.4,3.5,2.2,478.6,36,657372,707,140,0
CUST-1004,7361.07,6083.87,326.82,17783.26,0.638,3360.14,11760.5,3.5,42,0,-0.357,38.2,Dormant,"{'transactionFrequency': 4.4, 'digitalUsage': 23.8, 'productUsage': 4.0, 'recency': 6.0, 'servicePenalty': 0.0}",1,False,False,False,False,0,0,0,0.0,95.2,5.7,1.0,569.4,39,250000,652,10,1
CUST-1005,1388.1,8661.25,200.0,49239.79,1.457,2251.88,67556.55,30.0,1,20,0.092,67.3,Engaged,"{'transactionFrequency': 25.0, 'digitalUsage': 18.6, 'productUsage': 4.0, 'recency': 19.7, 'servicePenalty': 0.0}",1,False,False,False,False,0,0,0,0.0,74.4,10.2,1.5,491.4,27,1326829,777,59,0
CUST-1006,200.0,19149.43,200.0,63798.91,1.073,3179.81,43987.33,13.83,5,11,0.297,57.6,At Risk,"{'transactionFrequency': 17.3, 'digitalUsage': 16.0, 'productUsage': 8.0, 'recency': 18.3, 'servicePenalty': 2.0}",2,False,False,False,True,1,1,0,26.0,63.9,2.8,3.8,522.6,36,846269,679,9,0
CUST-1007,200.0,2228.03,200.0,8394.71,1.164,2189.98,8394.93,3.83,12,2,-0.333,39.2,Dormant,"{'transactionFrequency': 4.8, 'digitalUsage': 17.4, 'productUsage': 8.0, 'recency': 16.0, 'servicePenalty': 7.0}",2,True,False,False,False,1,1,1,0.0,69.6,3.5,1.8,564.2,23,835083,737,7,1
CUST-1008,200.0,1526.92,200.0,18337.07,2.401,2339.52,12867.38,5.5,37,0,-0.542,38.5,Dormant,"{'transactionFrequency': 6.9, 'digitalUsage': 18.9, 'productUsage': 12.0, 'recency': 7.7, 'servicePenalty': 7.0}",3,False,True,True,False,1,1,1,0.0,75.8,8.3,2.5,428.7,39,319071,642,17,1
CUST-1009,1178.78,1449.04,200.0,6429.24,1.048,2545.39,17393.53,6.83,69,0,-0.464,35.4,Dormant,"{'transactionFrequency': 8.5, 'digitalUsage': 18.9, 'productUsage': 8.0, 'recency': 0.0, 'servicePenalty': 0.0}",2,True,False,False,False,0,0,0,0.0,75.6,1.8,2.5,457.6,29,250000,587,4,1
CUST-1010,2020.55,34856.64,2020.55,67174.41,0.411,2227.45,44920.24,20.17,1,16,-0.078,68.4,Engaged,"{'transactionFrequency': 25.0, 'digitalUsage': 17.8, 'productUsage': 8.0, 'recency': 19.7, 'servicePenalty': 2.0}",2,True,False,False,False,1,1,0,91.0,71.1,6.0,2.0,509.5,68,815297,850,80,0
CUST-1011,15037.27,22199.9,200.0,90029.25,1.06,2497.65,55364.68,22.17,1,16,0.109,76.3,Engaged,"{'transactionFrequency': 25.0, 'digitalUsage': 15.6, 'productUsage': 16.0, 'recency': 19.7, 'servicePenalty': 0.0}",4,False,True,True,True,0,0,0,0.0,62.4,2.3,2.8,345.2,21,1701543,616,17,0
CUST-1012,200.0,6866.78,200.0,22320.96,1.23,3423.37,7417.31,2.17,82,0,-0.333,22.3,Dormant,"{'transactionFrequency': 2.7, 'digitalUsage': 11.6, 'productUsage': 8.0, 'recency': 0.0, 'servicePenalty': 0.0}",2,False,True,False,False,0,0,0,0.0,46.2,1.2,1.0,522.6,52,387934,523,35,1
CUST-1013,7275.18,12349.61,200.0,61293.85,1.366,2651.72,57453.97,21.67,3,20,-0.114,79.6,Engaged,"{'transactionFrequency': 25.0, 'digitalUsage': 19.6, 'productUsage': 16.0, 'recency': 19.0, 'servicePenalty': 0.0}",4,False,True,True,True,0,0,0,0.0,78.5,7.2,3.5,477.2,21,566978,671,7,0
CUST-1014,60143.41,160492.86,60143.41,249292.26,0.423,2337.92,52603.23,22.5,1,14,-0.197,78.1,Engaged,"{'transactionFrequency': 25.0, 'digitalUsage': 17.4, 'productUsage': 16.0, 'recency': 19.7, 'servicePenalty': 0.0}",4,False,True,True,True,0,0,0,0.0,69.6,4.0,2.0,549.8,46,613992,763,57,0
CUST-1015,2842.07,19490.79,200.0,95049.09,1.426,2392.02,76146.07,31.83,1,24,0.032,77.1,Engaged,"{'transactionFrequency': 25.0, 'digitalUsage': 20.4, 'productUsage': 12.0, 'recency': 19.7, 'servicePenalty': 0.0}",3,False,True,True,False,0,0,0,0.0,81.7,11.2,5.3,419.0,34,430620,685,66,0
CUST-1016,781.59,31503.51,200.0,104770.98,0.87,2521.34,51687.37,20.5,1,9,0.5,68.1,Engaged,"{'transactionFrequency': 25.0, 'digitalUsage': 17.5, 'productUsage': 8.0, 'recency': 19.7, 'servicePenalty': 2.0}",2,True,False,False,False,1,1,0,85.0,69.9,5.5,1.5,465.5,26,250000,738,14,0
CUST-1017,200.0,8561.13,200.0,57941.87,1.546,2420.52,62126.6,25.67,2,25,0.026,88.0,Highly Engaged,"{'transactionFrequency': 25.0, 'digitalUsage': 23.7, 'productUsage': 20.0, 'recency': 19.3, 'servicePenalty': 0.0}",5,True,True,True,True,0,0,0,0.0,94.8,11.0,5.0,538.1,21,2062363,620,14,0
CUST-1018,11627.15,23447.44,200.0,52274.1,0.551,2280.81,39914.17,17.5,2,14,0.184,65.2,Engaged,"{'transactionFrequency': 21.9, 'digitalUsage': 16.0, 'productUsage': 12.0, 'recency': 19.3, 'servicePenalty': 4.0}",3,True,False,True,False,3,2,0,54.0,63.8,4.8,0.5,571.7,60,1051407,754,11,0
CUST-1019,200.0,58515.26,200.0,142718.23,0.874,2585.64,55591.29,21.5,1,16,0.079,72.0,Engaged,"{'transactionFrequency': 25.0, 'digitalUsage': 19.4, 'productUsage': 8.0, 'recency': 19.7, 'servicePenalty': 0.0}",2,False,True,False,False,0,0,0,0.0,77.5,8.5,3.0,539.6,60,275862,656,25,0
CUST-1020,372998.28,433890.04,367698.7,516016.11,0.084,2145.48,61861.31,28.83,1,21,-0.098,80.3,Highly Engaged,"{'transactionFrequency': 25.0, 'digitalUsage': 19.6, 'productUsage': 16.0, 'recency': 19.7, 'servicePenalty': 0.0}",4,True,True,True,False,0,0,0,0.0,78.6,6.7,2.3,484.4,35,407218,766,86,0
CUST-1021,200.0,79106.77,200.0,161402.39,0.614,2692.02,44867.08,16.67,11,12,0.04,68.9,Engaged,"{'transactionFrequency': 20.8, 'digitalUsage': 19.8, 'productUsage': 12.0, 'recency': 16.3, 'servicePenalty': 0.0}",3,False,True,True,False,0,0,0,0.0,79.0,5.3,3.5,528.3,39,486565,604,3,0
CUST-1022,252403.26,271117.73,252403.26,296167.18,0.041,1972.54,24985.46,12.67,4,6,-0.05,69.5,Engaged,"{'transactionFrequency': 15.8, 'digitalUsage': 23.0, 'productUsage': 12.0, 'recency': 18.7, 'servicePenalty': 0.0}",3,False,True,True,False,0,0,0,0.0,92.1,6.8,7.0,457.5,39,326971,740,12,0
CUST-1023,451.94,1928.87,200.0,24142.99,2.529,2054.96,25686.97,12.5,2,10,-0.167,56.6,At Risk,"{'transactionFrequency': 15.6, 'digitalUsage': 19.7, 'productUsage': 4.0, 'recency': 19.3, 'servicePenalty': 2.0}",1,False,False,False,False,1,1,0,74.0,78.7,4.3,1.2,499.8,51,351014,698,86,0
CUST-1024,3635.18,15301.87,200.0,52872.89,1.103,2713.26,42507.72,15.67,1,17,-0.08,67.5,Engaged,"{'transactionFrequency': 19.6, 'digitalUsage': 16.2, 'productUsage': 12.0, 'recency': 19.7, 'servicePenalty': 0.0}",3,True,True,False,False,1,0,0,73.0,64.9,5.0,2.8,472.2,21,505288,586,49,0
CUST-1025,57083.2,94489.85,57083.2,120469.11,0.212,2285.33,16759.09,7.33,1,8,0.875,65.0,Engaged,"{'transactionFrequency': 9.2, 'digitalUsage': 22.1, 'productUsage': 16.0, 'recency': 19.7, 'servicePenalty': 2.0}",4,False,True,True,True,1,1,0,34.0,88.6,9.8,4.5,511.8,21,1040158,658,29,0
CUST-1026,1169.96,51411.72,200.0,121263.22,0.803,2489.99,37764.82,15.17,1,10,-0.021,66.1,Engaged,"{'transactionFrequency': 19.0, 'digitalUsage': 19.5, 'productUsage': 8.0, 'recency': 19.7, 'servicePenalty': 0.0}",2,False,False,True,False,1,0,0,102.0,78.0,3.8,1.3,475.6,36,840365,623,48,0
CUST-1027,153242.02,188632.26,150976.11,227471.27,0.135,2303.18,24183.39,10.5,6,5,-0.03,56.2,At Risk,"{'transactionFrequency': 13.1, 'digitalUsage': 17.1, 'productUsage': 8.0, 'recency': 18.0, 'servicePenalty': 0.0}",2,False,False,False,True,0,0,0,0.0,68.3,4.2,4.0,518.7,55,1138594,621,19,0
CUST-1028,200.0,3527.86,200.0,24157.64,1.634,2268.66,26467.71,11.67,1,2,-0.468,61.2,Engaged,"{'transactionFrequency': 14.6, 'digitalUsage': 18.9, 'productUsage': 8.0, 'recency': 19.7, 'servicePenalty': 0.0}",2,False,False,True,False,0,0,0,0.0,75.7,3.7,3.7,499.2,51,913368,637,3,1
CUST-1029,828119.65,844229.66,826782.25,876809.33,0.018,1962.49,17989.51,9.17,2,4,-0.161,65.7,Engaged,"{'transactionFrequency': 11.5, 'digitalUsage': 20.9, 'productUsage': 16.0, 'recency': 19.3, 'servicePenalty': 2.0}",4,True,False,True,True,3,1,0,78.3,83.6,10.3,4.5,571.8,25,682394,635,42,0
CUST-1030,2785.69,2277.52,200.0,8892.25,1.194,2269.92,16646.05,7.33,16,1,-0.722,51.1,At Risk,"{'transactionFrequency': 9.2, 'digitalUsage': 23.3, 'productUsage': 4.0, 'recency': 14.7, 'servicePenalty': 0.0}",1,False,False,False,False,0,0,0,0.0,93.2,5.2,5.5,418.4,44,937976,541,123,1
CUST-1031,200.0,11672.31,200.0,49150.3,1.352,3187.2,33996.8,10.67,3,4,-0.35,59.5,At Risk,"{'transactionFrequency': 13.3, 'digitalUsage': 19.1, 'productUsage': 8.0, 'recency': 19.0, 'servicePenalty': 0.0}",2,True,False,False,False,0,0,0,0.0,76.6,8.5,1.3,569.4,25,963821,722,14,0
CUST-1032,334705.72,386801.86,334550.66,449779.55,0.093,2557.89,32399.98,12.67,5,10,-0.05,65.2,Engaged,"{'transactionFrequency': 15.8, 'digitalUsage': 21.1, 'productUsage': 12.0, 'recency': 18.3, 'servicePenalty': 2.0}",3,False,True,True,False,1,1,0,33.0,84.2,10.2,3.5,473.4,56,847186,829,3,0
CUST-1033,14143.45,36856.26,14143.45,84678.83,0.685,2430.27,20252.27,8.33,73,0,-0.632,36.4,Dormant,"{'transactionFrequency': 10.4, 'digitalUsage': 18.0, 'productUsage': 8.0, 'recency': 0.0, 'servicePenalty': 0.0}",2,False,True,False,False,0,0,0,0.0,72.0,3.8,0.2,687.0,49,422034,566,29,1
CUST-1034,200.0,19282.12,200.0,43533.45,0.769,2380.99,36905.28,15.5,1,15,0.021,65.3,Engaged,"{'transactionFrequency': 19.4, 'digitalUsage': 18.3, 'productUsage': 8.0, 'recency': 19.7, 'servicePenalty': 0.0}",2,True,False,False,False,0,0,0,0.0,73.1,5.5,2.3,493.7,47,346780,659,74,0
CUST-1035,200.0,933.38,200.0,7032.0,1.794,2416.0,20536.02,8.5,20,1,-0.707,48.6,At Risk,"{'transactionFrequency': 10.6, 'digitalUsage': 16.7, 'productUsage': 8.0, 'recency': 13.3, 'servicePenalty': 0.0}",2,False,False,True,False,1,0,0,97.0,66.7,2.8,1.7,497.8,38,740566,586,22,1
CUST-1036,200.0,2222.83,200.0,9000.35,0.976,2292.19,20629.67,9.0,15,2,-0.634,44.1,At Risk,"{'transactionFrequency': 11.2, 'digitalUsage': 19.9, 'productUsage': 8.0, 'recency': 15.0, 'servicePenalty': 10.0}",2,True,False,False,False,3,1,3,0.0,79.6,6.3,2.3,428.0,50,587819,687,22,1
CUST-1037,2466.88,22746.75,200.0,89154.11,1.156,2349.06,63033.08,26.83,1,20,0.063,65.9,Engaged,"{'transactionFrequency': 25.0, 'digitalUsage': 19.2, 'productUsage': 8.0, 'recency': 19.7, 'servicePenalty': 6.0}",2,True,False,False,False,4,3,0,39.8,77.0,7.8,3.5,527.3,56,375107,850,20,0
CUST-1038,148421.44,169883.84,145187.45,188897.29,0.09,2031.9,20996.28,10.33,2,9,-0.171,66.8,Engaged,"{'transactionFrequency': 12.9, 'digitalUsage': 20.6, 'productUsage': 16.0, 'recency': 19.3, 'servicePenalty': 2.0}",4,True,True,True,False,1,1,0,109.0,82.3,8.3,1.7,490.9,53,1166211,621,32,0
CUST-1039,41132.25,58475.28,41132.25,95955.41,0.19,2228.28,23025.56,10.33,3,7,0.0,68.1,Engaged,"{'transactionFrequency': 12.9, 'digitalUsage': 20.1, 'productUsage': 16.0, 'recency': 19.0, 'servicePenalty': 0.0}",4,True,False,True,True,1,0,0,111.0,80.6,10.8,3.0,457.3,28,1304118,797,113,0
CUST-1040,200.0,7883.7,200.0,34961.43,1.24,2365.39,32326.98,13.67,1,11,0.154,70.1,Engaged,"{'transactionFrequency': 17.1, 'digitalUsage': 17.4, 'productUsage': 16.0, 'recency': 19.7, 'servicePenalty': 0.0}",4,False,True,True,True,0,0,0,0.0,69.5,4.5,1.7,499.0,42,288641,832,50,0
CUST-1041,21460.11,93064.82,21460.11,164955.8,0.434,2150.35,54475.61,25.33,4,17,-0.075,75.6,Engaged,"{'transactionFrequency': 25.0, 'digitalUsage': 19.9, 'productUsage': 12.0, 'recency': 18.7, 'servicePenalty': 0.0}",3,True,False,False,True,0,0,0,0.0,79.6,6.7,3.3,509.3,21,636773,813,62,0
CUST-1042,628054.08,647581.5,619272.47,666833.17,0.019,2529.26,37095.78,14.67,6,10,0.143,67.9,Engaged,"{'transactionFrequency': 18.3, 'digitalUsage': 19.6, 'productUsage': 12.0, 'recency': 18.0, 'servicePenalty': 0.0}",3,False,True,True,False,0,0,0,0.0,78.4,6.8,3.8,575.8,38,558143,780,32,0
CUST-1043,29714.59,47820.35,29714.59,93681.68,0.334,2392.55,25121.8,10.5,8,2,-0.452,54.3,At Risk,"{'transactionFrequency': 13.1, 'digitalUsage': 15.9, 'productUsage': 8.0, 'recency': 17.3, 'servicePenalty': 0.0}",2,False,True,False,False,0,0,0,0.0,63.5,2.0,0.7,661.8,54,542892,553,37,1
CUST-1044,200.0,3091.7,200.0,16369.7,1.35,2615.3,15255.92,5.83,27,1,-0.577,39.4,Dormant,"{'transactionFrequency': 7.3, 'digitalUsage': 17.1, 'productUsage': 4.0, 'recency': 11.0, 'servicePenalty': 0.0}",1,False,False,False,False,0,0,0,0.0,68.6,5.3,1.7,463.9,33,487192,682,8,1
CUST-1045,200.0,8581.67,200.0,33953.83,1.144,2325.33,17827.54,7.67,10,1,-0.588,50.4,At Risk,"{'transactionFrequency': 9.6, 'digitalUsage': 20.1, 'productUsage': 4.0, 'recency': 16.7, 'servicePenalty': 0.0}",1,False,False,False,False,0,0,0,0.0,80.4,9.2,1.2,554.8,33,250000,703,4,1
CUST-1046,200.0,13537.41,200.0,39588.88,1.031,2437.8,38192.16,15.67,5,12,-0.041,69.1,Engaged,"{'transactionFrequency': 19.6, 'digitalUsage': 23.1, 'productUsage': 8.0, 'recency': 18.3, 'servicePenalty': 0.0}",2,False,False,False,True,1,0,0,32.0,92.6,9.7,5.0,457.0,24,262974,604,5,0
CUST-1047,200.0,1898.3,200.0,11712.6,1.485,2249.55,21370.75,9.5,1,2,-0.314,46.1,At Risk,"{'transactionFrequency': 11.9, 'digitalUsage': 13.6, 'productUsage': 8.0, 'recency': 19.7, 'servicePenalty': 7.0}",2,False,False,False,True,1,1,1,0.0,54.4,0.7,0.5,646.5,52,962103,767,133,1
CUST-1048,385.8,36074.74,200.0,109797.25,1.08,2423.66,47261.32,19.5,2,13,0.088,67.2,Engaged,"{'transactionFrequency': 24.4, 'digitalUsage': 19.4, 'productUsage': 8.0, 'recency': 19.3, 'servicePenalty': 4.0}",2,True,False,False,False,3,2,0,90.7,77.8,6.7,3.2,417.0,58,683116,645,129,0
CUST-1049,2230.3,54780.61,200.0,125930.89,0.735,2502.33,45876.03,18.33,3,14,-0.069,79.8,Engaged,"{'transactionFrequency': 22.9, 'digitalUsage': 23.9, 'productUsage': 16.0, 'recency': 19.0, 'servicePenalty': 2.0}",4,False,True,True,True,3,1,0,77.7,95.5,17.3,5.3,554.3,30,348168,627,50,0
CUST-1050,1159.9,63814.8,200.0,122628.15,0.613,2280.88,46757.99,20.5,1,14,0.119,75.7,Engaged,"{'transactionFrequency': 25.0, 'digitalUsage': 13.0, 'productUsage': 20.0, 'recency': 19.7, 'servicePenalty': 2.0}",5,True,True,True,True,3,1,0,77.0,52.0,2.0,0.2,492.3,35,549133,684,42,0
CUST-1051,110184.21,139132.6,103061.65,187747.1,0.199,2505.53,35077.39,14.0,17,6,-0.208,67.8,Engaged,"{'transactionFrequency': 17.5, 'digitalUsage': 19.9, 'productUsage': 16.0, 'recency': 14.3, 'servicePenalty': 0.0}",4,True,True,False,True,0,0,0,0.0,79.8,6.3,3.3,487.3,39,603578,781,35,0
CUST-1052,200.0,37634.67,200.0,81531.83,0.785,1995.7,18293.9,9.17,12,2,-0.161,56.8,At Risk,"{'transactionFrequency': 11.5, 'digitalUsage': 21.4, 'productUsage': 8.0, 'recency': 16.0, 'servicePenalty': 0.0}",2,True,False,False,False,0,0,0,0.0,85.5,11.5,3.3,516.6,28,258768,736,3,0
CUST-1053,200.0,1695.76,200.0,14213.29,1.576,2793.01,24671.58,8.83,3,3,-0.281,40.8,At Risk,"{'transactionFrequency': 11.0, 'digitalUsage': 11.8, 'productUsage': 4.0, 'recency': 19.0, 'servicePenalty': 5.0}",1,False,False,False,False,1,0,1,0.0,47.2,2.8,0.7,572.7,53,710308,666,24,1
CUST-1054,4451.84,2595.86,200.0,14226.2,1.194,2366.88,28008.06,11.83,6,1,-0.596,53.8,At Risk,"{'transactionFrequency': 14.8, 'digitalUsage': 13.0, 'productUsage': 8.0, 'recency': 18.0, 'servicePenalty': 0.0}",2,False,True,False,False,0,0,0,0.0,52.1,1.5,0.7,619.3,56,250000,730,9,1
CUST-1055,200.0,20253.87,200.0,69448.54,1.104,2394.21,60254.32,25.17,1,14,-0.134,65.9,Engaged,"{'transactionFrequency': 25.0, 'digitalUsage': 17.2, 'productUsage': 4.0, 'recency': 19.7, 'servicePenalty': 0.0}",1,False,False,False,False,0,0,0,0.0,68.9,4.3,2.5,496.4,33,694639,772,21,0
CUST-1056,200.0,25032.11,200.0,75299.77,0.968,2226.52,35253.31,15.83,2,11,-0.098,64.3,Engaged,"{'transactionFrequency': 19.8, 'digitalUsage': 13.2, 'productUsage': 12.0, 'recency': 19.3, 'servicePenalty': 0.0}",3,True,True,False,False,0,0,0,0.0,52.6,2.5,0.0,454.8,51,906962,711,60,0
CUST-1057,2680.22,2715.48,200.0,29849.66,2.268,2277.95,20881.23,9.17,1,5,-0.61,63.1,Engaged,"{'transactionFrequency': 11.5, 'digitalUsage': 20.0, 'productUsage': 12.0, 'recency': 19.7, 'servicePenalty': 0.0}",3,False,True,True,False,0,0,0,0.0,80.0,6.3,1.7,487.8,53,345739,608,10,0
CUST-1058,200.0,3150.55,200.0,11935.45,1.225,2696.92,21125.91,7.83,2,5,-0.31,54.4,At Risk,"{'transactionFrequency': 9.8, 'digitalUsage': 21.3, 'productUsage': 4.0, 'recency': 19.3, 'servicePenalty': 0.0}",1,False,False,False,False,0,0,0,0.0,85.1,5.2,2.0,284.4,44,575873,642,48,1
CUST-1059,200.0,34492.43,200.0,114436.63,1.185,2492.83,46117.42,18.5,1,17,-0.148,65.8,Engaged,"{'transactionFrequency': 23.1, 'digitalUsage': 11.0, 'productUsage': 12.0, 'recency': 19.7, 'servicePenalty': 0.0}",3,True,False,True,False,0,0,0,0.0,44.1,0.3,0.7,656.8,21,291050,742,59,0
CUST-1060,6275.65,5477.72,200.0,14622.09,0.629,2315.78,18526.2,8.0,17,1,-0.529,48.5,At Risk,"{'transactionFrequency': 10.0, 'digitalUsage': 16.1, 'productUsage': 8.0, 'recency': 14.3, 'servicePenalty': 0.0}",2,True,False,False,False,0,0,0,0.0,64.6,7.5,0.7,560.2,67,570862,629,11,1
CUST-1061,200.0,4494.5,200.0,23502.65,1.347,2075.7,30097.6,14.5,5,7,-0.382,61.4,Engaged,"{'transactionFrequency': 18.1, 'digitalUsage': 16.9, 'productUsage': 8.0, 'recency': 18.3, 'servicePenalty': 0.0}",2,True,False,False,False,1,0,0,50.0,67.8,5.7,1.5,550.2,45,403147,676,8,0
CUST-1062,200.0,5314.25,200.0,26680.27,1.373,2362.96,41351.82,17.5,5,13,-0.246,73.3,Engaged,"{'transactionFrequency': 21.9, 'digitalUsage': 23.1, 'productUsage': 12.0, 'recency': 18.3, 'servicePenalty': 2.0}",3,False,True,False,True,1,1,0,8.0,92.4,6.2,4.8,459.9,30,531050,819,81,0
CUST-1063,200.0,7414.68,200.0,53677.21,2.081,2313.41,58220.79,25.17,1,13,-0.134,71.9,Engaged,"{'transactionFrequency': 25.0, 'digitalUsage': 21.2, 'productUsage': 8.0, 'recency': 19.7, 'servicePenalty': 2.0}",2,False,False,False,True,1,1,0,65.0,84.8,8.0,4.2,561.0,34,891821,630,20,0
CUST-1064,156155.22,221046.62,155615.47,294724.95,0.176,2185.04,46250.0,21.17,1,14,0.081,73.1,Engaged,"{'transactionFrequency': 25.0, 'digitalUsage': 20.5, 'productUsage': 8.0, 'recency': 19.7, 'servicePenalty': 0.0}",2,False,True,False,False,0,0,0,0.0,81.9,13.3,6.7,450.3,39,1166732,787,112,0
CUST-1065,200.0,3579.59,200.0,34014.48,1.729,2479.43,37191.5,15.0,1,12,0.19,67.0,Engaged,"{'transactionFrequency': 18.8, 'digitalUsage': 20.6, 'productUsage': 8.0, 'recency': 19.7, 'servicePenalty': 0.0}",2,False,False,True,False,0,0,0,0.0,82.2,7.7,2.3,447.1,21,478144,702,3,0
CUST-1066,155395.5,191863.65,155395.5,213429.89,0.065,2097.98,21679.1,10.33,2,10,0.0,64.8,Engaged,"{'transactionFrequency': 12.9, 'digitalUsage': 20.6, 'productUsage': 12.0, 'recency': 19.3, 'servicePenalty': 0.0}",3,False,False,True,True,0,0,0,0.0,82.3,6.3,3.7,502.6,46,440352,697,21,0
CUST-1067,200.0,21106.31,200.0,60324.22,0.955,2436.48,22334.39,9.17,9,2,-0.61,45.6,At Risk,"{'transactionFrequency': 11.5, 'digitalUsage': 13.2, 'productUsage': 4.0, 'recency': 17.0, 'servicePenalty': 0.0}",1,False,False,False,False,0,0,0,0.0,52.7,0.5,0.0,163.0,43,579363,686,21,1
CUST-1068,200.0,1573.66,200.0,6017.69,1.418,1343.15,5148.74,3.83,64,0,-0.214,23.2,Dormant,"{'transactionFrequency': 4.8, 'digitalUsage': 17.4, 'productUsage': 8.0, 'recency': 0.0, 'servicePenalty': 7.0}",2,False,True,False,False,2,1,1,104.0,69.6,4.2,0.7,460.2,47,1708213,581,8,1
CUST-1069,197675.2,228262.82,194295.16,269532.8,0.117,2263.54,33953.15,15.0,2,13,-0.296,75.5,Engaged,"{'transactionFrequency': 18.8, 'digitalUsage': 21.4, 'productUsage': 16.0, 'recency': 19.3, 'servicePenalty': 0.0}",4,True,False,True,True,1,0,0,99.0,85.6,8.8,2.3,542.1,57,575296,633,20,0
CUST-1070,931.4,1192.84,200.0,8374.95,1.528,2508.47,24666.6,9.83,20,1,-0.674,46.1,At Risk,"{'transactionFrequency': 12.3, 'digitalUsage': 16.5, 'productUsage': 4.0, 'recency': 13.3, 'servicePenalty': 0.0}",1,False,False,False,False,0,0,0,0.0,66.1,3.0,1.0,437.2,34,939619,801,4,1
CUST-1071,237.83,2347.16,200.0,12510.28,1.494,2315.85,43229.2,18.67,4,15,0.375,78.1,Engaged,"{'transactionFrequency': 23.3, 'digitalUsage': 16.1, 'productUsage': 20.0, 'recency': 18.7, 'servicePenalty': 0.0}",5,True,True,True,True,0,0,0,0.0,64.3,2.2,0.7,437.7,21,565275,774,3,0
CUST-1072,1942.15,27943.19,200.0,72393.52,0.892,1895.74,27172.25,14.33,1,12,0.047,64.7,Engaged,"{'transactionFrequency': 17.9, 'digitalUsage': 17.1, 'productUsage': 12.0, 'recency': 19.7, 'servicePenalty': 2.0}",3,True,False,False,True,1,1,0,30.0,68.6,3.8,4.3,487.1,39,534576,761,15,0
CUST-1073,139269.81,191790.09,139269.81,247764.41,0.155,2213.45,34677.37,15.67,1,11,-0.118,69.6,Engaged,"{'transactionFrequency': 19.6, 'digitalUsage': 22.4, 'productUsage': 8.0, 'recency': 19.7, 'servicePenalty': 0.0}",2,True,False,False,False,0,0,0,0.0,89.4,7.5,2.7,490.4,53,529146,703,10,0
CUST-1074,2565.64,5684.38,200.0,27682.25,1.371,2428.68,46549.79,19.17,3,15,0.438,74.5,Engaged,"{'transactionFrequency': 24.0, 'digitalUsage': 19.6, 'productUsage': 16.0, 'recency': 19.0, 'servicePenalty': 4.0}",4,True,False,True,True,2,2,0,47.0,78.3,7.5,3.0,469.2,21,2080161,651,9,0
CUST-1075,2898.57,4235.05,200.0,13247.55,1.057,1791.27,17614.2,9.83,2,8,0.103,57.4,At Risk,"{'transactionFrequency': 12.3, 'digitalUsage': 17.8, 'productUsage': 8.0, 'recency': 19.3, 'servicePenalty': 0.0}",2,False,False,False,True,0,0,0,0.0,71.2,5.5,4.3,536.8,44,465607,624,27,0
CUST-1076,7547.81,12964.92,200.0,51594.97,1.026,2334.31,45519.02,19.5,2,12,-0.049,63.1,Engaged,"{'transactionFrequency': 24.4, 'digitalUsage': 15.4, 'productUsage': 4.0, 'recency': 19.3, 'servicePenalty': 0.0}",1,False,False,False,False,0,0,0,0.0,61.5,1.8,0.7,344.5,34,303784,685,32,0
CUST-1077,16638.83,77451.23,13952.4,146666.44,0.506,2327.11,33743.15,14.5,7,9,-0.288,57.6,At Risk,"{'transactionFrequency': 18.1, 'digitalUsage': 13.8, 'productUsage': 8.0, 'recency': 17.7, 'servicePenalty': 0.0}",2,False,False,False,True,0,0,0,0.0,55.2,2.2,0.5,369.2,35,633664,689,26,0
CUST-1078,200.0,28508.07,200.0,60615.79,0.721,2551.9,28070.92,11.0,1,9,0.429,56.4,At Risk,"{'transactionFrequency': 13.8, 'digitalUsage': 18.9, 'productUsage': 4.0, 'recency': 19.7, 'servicePenalty': 0.0}",1,False,False,False,False,0,0,0,0.0,75.8,8.0,2.2,532.5,38,593294,703,96,0
CUST-1079,150764.69,193518.05,150764.69,258725.13,0.15,2288.81,32806.34,14.33,3,9,-0.275,58.9,At Risk,"{'transactionFrequency': 17.9, 'digitalUsage': 18.0, 'productUsage': 4.0, 'recency': 19.0, 'servicePenalty': 0.0}",1,False,False,False,False,0,0,0,0.0,72.1,6.7,2.5,580.6,21,250000,634,71,0
CUST-1080,200.0,3352.15,200.0,15997.35,1.505,2619.03,12222.16,4.67,3,1,-0.75,45.8,At Risk,"{'transactionFrequency': 5.8, 'digitalUsage': 17.0, 'productUsage': 4.0, 'recency': 19.0, 'servicePenalty': 0.0}",1,False,False,False,False,1,0,0,116.0,67.9,4.0,1.8,499.2,37,308194,678,44,1
CUST-1081,200.0,26639.91,200.0,88738.56,1.096,2089.74,32739.24,15.67,3,11,-0.255,73.2,Engaged,"{'transactionFrequency': 19.6, 'digitalUsage': 18.6, 'productUsage': 16.0, 'recency': 19.0, 'servicePenalty': 0.0}",4,True,True,True,False,0,0,0,0.0,74.5,7.8,4.5,534.9,22,401965,608,6,0
CUST-1082,200.0,27498.79,200.0,79175.38,1.078,2395.33,37926.11,15.83,1,14,0.064,76.4,Engaged,"{'transactionFrequency': 19.8, 'digitalUsage': 18.9, 'productUsage': 20.0, 'recency': 19.7, 'servicePenalty': 2.0}",5,True,True,True,True,1,1,0,77.0,75.8,5.5,1.5,420.8,52,628355,747,3,0
CUST-1083,200.0,42351.88,200.0,111415.3,0.961,2187.56,49584.7,22.67,1,13,0.262,74.9,Engaged,"{'transactionFrequency': 25.0, 'digitalUsage': 22.2, 'productUsage': 8.0, 'recency': 19.7, 'servicePenalty': 0.0}",2,False,False,True,False,0,0,0,0.0,89.0,5.7,2.2,405.6,34,1117883,607,68,0
CUST-1084,35376.51,71187.57,34847.6,106267.16,0.324,2477.41,44180.44,17.83,3,14,0.137,72.4,Engaged,"{'transactionFrequency': 22.3, 'digitalUsage': 19.1, 'productUsage': 12.0, 'recency': 19.0, 'servicePenalty': 0.0}",3,False,False,True,True,0,0,0,0.0,76.6,4.7,2.0,446.1,47,295034,713,27,0
CUST-1085,200.0,17281.47,200.0,51846.27,1.098,2411.19,38177.22,15.83,2,7,0.109,65.1,Engaged,"{'transactionFrequency': 19.8, 'digitalUsage': 20.0, 'productUsage': 8.0, 'recency': 19.3, 'servicePenalty': 2.0}",2,False,False,True,False,1,1,0,98.0,80.0,9.3,5.3,401.9,25,1217539,791,43,0
CUST-1086,200.0,6736.18,200.0,38074.06,1.298,2343.9,41799.61,17.83,1,16,0.37,74.1,Engaged,"{'transactionFrequency': 22.3, 'digitalUsage': 16.1, 'productUsage': 16.0, 'recency': 19.7, 'servicePenalty': 0.0}",4,False,True,True,True,0,0,0,0.0,64.5,5.2,1.5,522.6,52,440007,733,69,0
CUST-1087,2100.0,8530.85,200.0,46150.26,1.644,2046.65,53553.9,26.17,2,13,-0.151,70.4,Engaged,"{'transactionFrequency': 25.0, 'digitalUsage': 20.1, 'productUsage': 8.0, 'recency': 19.3, 'servicePenalty': 2.0}",2,False,False,True,False,1,1,0,8.0,80.3,8.3,4.8,533.6,35,326690,664,15,0
CUST-1088,2693.23,40292.1,200.0,99404.74,0.789,2387.89,35818.4,15.0,1,11,-0.043,64.9,Engaged,"{'transactionFrequency': 18.8, 'digitalUsage': 22.5, 'productUsage': 4.0, 'recency': 19.7, 'servicePenalty': 0.0}",1,False,False,False,False,1,0,0,24.0,90.0,7.3,3.7,496.2,38,858354,637,54,0
CUST-1089,1028999.45,1071996.23,1028999.45,1131775.82,0.027,2626.86,38089.43,14.5,7,11,-0.065,63.1,Engaged,"{'transactionFrequency': 18.1, 'digitalUsage': 21.3, 'productUsage': 12.0, 'recency': 17.7, 'servicePenalty': 6.0}",3,True,True,False,False,4,3,0,55.5,85.1,9.2,3.7,525.6,65,250000,594,17,0
CUST-1090,5537.61,52960.72,200.0,111597.77,0.678,2371.49,43082.08,18.17,1,15,0.22,73.8,Engaged,"{'transactionFrequency': 22.7, 'digitalUsage': 17.4, 'productUsage': 16.0, 'recency': 19.7, 'servicePenalty': 2.0}",4,True,False,True,True,1,1,0,79.0,69.7,2.2,3.7,456.7,45,370897,642,45,0
CUST-1091,26895.59,82248.04,26221.37,128336.82,0.389,2245.85,59140.77,26.33,1,16,-0.14,74.4,Engaged,"{'transactionFrequency': 25.0, 'digitalUsage': 19.8, 'productUsage': 12.0, 'recency': 19.7, 'servicePenalty': 2.0}",3,True,True,False,False,1,1,0,95.0,79.1,7.2,1.0,590.2,30,376448,732,40,0
CUST-1092,11237.57,34533.53,200.0,107074.36,0.836,2533.67,54474.01,21.5,1,19,0.426,76.0,Engaged,"{'transactionFrequency': 25.0, 'digitalUsage': 21.3, 'productUsage': 12.0, 'recency': 19.7, 'servicePenalty': 2.0}",3,True,False,True,False,1,1,0,87.0,85.3,5.8,2.7,515.6,21,805128,662,6,0
CUST-1093,538990.64,596128.19,538990.64,652082.05,0.063,2195.77,43915.41,20.0,1,14,-0.152,71.2,Engaged,"{'transactionFrequency': 25.0, 'digitalUsage': 22.5, 'productUsage': 4.0, 'recency': 19.7, 'servicePenalty': 0.0}",1,False,False,False,False,1,0,0,95.0,90.0,9.0,4.5,547.0,29,501904,669,3,0
CUST-1094,5522.48,6089.23,200.0,44104.64,1.906,2774.26,40226.74,14.5,3,11,0.119,63.5,Engaged,"{'transactionFrequency': 18.1, 'digitalUsage': 18.4, 'productUsage': 8.0, 'recency': 19.0, 'servicePenalty': 0.0}",2,False,False,True,False,0,0,0,0.0,73.6,3.8,2.0,420.1,46,911828,850,48,0
CUST-1095,13612.28,70263.71,11686.1,136417.54,0.549,2129.83,44016.41,20.67,2,16,-0.147,69.9,Engaged,"{'transactionFrequency': 25.0, 'digitalUsage': 19.6, 'productUsage': 8.0, 'recency': 19.3, 'servicePenalty': 2.0}",2,True,False,False,False,1,1,0,39.0,78.2,5.3,1.3,457.4,40,250000,832,8,0
CUST-1096,934.07,4174.67,200.0,20703.01,1.218,2660.04,25270.37,9.5,6,9,0.269,66.5,Engaged,"{'transactionFrequency': 11.9, 'digitalUsage': 20.6, 'productUsage': 16.0, 'recency': 18.0, 'servicePenalty': 0.0}",4,True,False,True,True,1,0,0,32.0,82.5,10.0,1.2,514.5,41,365777,754,115,0
CUST-1097,20856.64,16964.2,358.8,26658.01,0.342,1969.02,20018.41,10.17,1,2,-0.25,63.3,Engaged,"{'transactionFrequency': 12.7, 'digitalUsage': 22.9, 'productUsage': 8.0, 'recency': 19.7, 'servicePenalty': 0.0}",2,True,False,False,False,0,0,0,0.0,91.8,9.5,1.8,479.7,41,447278,751,14,0
CUST-1098,4515.66,44390.38,1925.74,115490.83,0.8,2513.07,38952.51,15.5,1,11,-0.173,60.2,Engaged,"{'transactionFrequency': 19.4, 'digitalUsage': 17.2, 'productUsage': 8.0, 'recency': 19.7, 'servicePenalty': 4.0}",2,False,False,True,False,3,2,0,67.3,68.8,3.0,0.7,374.4,46,557924,695,39,0
CUST-1099,285529.55,320021.47,280425.24,376405.8,0.098,2694.22,29187.38,10.83,1,7,-0.282,62.4,Engaged,"{'transactionFrequency': 13.5, 'digitalUsage': 21.1, 'productUsage': 8.0, 'recency': 19.7, 'servicePenalty': 0.0}",2,False,True,False,False,0,0,0,0.0,84.6,12.0,2.0,434.7,35,612192,730,3,0
CUST-1100,200.0,25680.88,200.0,96113.02,1.085,2475.88,45391.14,18.33,2,8,0.074,74.9,Engaged,"{'transactionFrequency': 22.9, 'digitalUsage': 18.6, 'productUsage': 16.0, 'recency': 19.3, 'servicePenalty': 2.0}",4,True,True,True,False,1,1,0,107.0,74.5,3.8,1.2,471.7,21,250000,808,19,0
CUST-1101,23582.38,44923.4,23582.38,70989.87,0.244,2499.17,21242.9,8.5,2,8,-0.037,48.7,At Risk,"{'transactionFrequency': 10.6, 'digitalUsage': 14.7, 'productUsage': 4.0, 'recency': 19.3, 'servicePenalty': 0.0}",1,False,False,False,False,0,0,0,0.0,58.8,4.2,0.3,601.7,47,1575447,751,47,0
CUST-1102,344.91,55034.53,200.0,106210.73,0.696,2243.45,29912.71,13.33,2,6,-0.048,58.7,At Risk,"{'transactionFrequency': 16.7, 'digitalUsage': 18.8, 'productUsage': 4.0, 'recency': 19.3, 'servicePenalty': 0.0}",1,False,False,False,False,0,0,0,0.0,75.0,5.7,0.7,639.0,41,506779,771,49,0
CUST-1103,200.0,22819.17,200.0,85694.44,1.169,2508.72,53937.47,21.5,3,14,0.183,72.0,Engaged,"{'transactionFrequency': 25.0, 'digitalUsage': 19.9, 'productUsage': 8.0, 'recency': 19.0, 'servicePenalty': 0.0}",2,False,False,True,False,0,0,0,0.0,79.8,4.7,3.2,501.3,43,250000,640,63,0
CUST-1104,200.0,23264.48,200.0,77578.88,0.993,2374.73,44328.28,18.67,2,15,0.036,68.1,Engaged,"{'transactionFrequency': 23.3, 'digitalUsage': 19.4, 'productUsage': 8.0, 'recency': 19.3, 'servicePenalty': 2.0}",2,False,True,False,False,3,1,0,56.7,77.7,7.0,3.2,489.9,42,250000,695,19,0
CUST-1105,86007.71,168133.18,86007.71,244383.69,0.259,2929.04,34172.11,11.67,7,9,-0.054,58.1,At Risk,"{'transactionFrequency': 14.6, 'digitalUsage': 17.9, 'productUsage': 8.0, 'recency': 17.7, 'servicePenalty': 0.0}",2,False,False,False,True,0,0,0,0.0,71.4,5.8,2.3,466.9,40,288680,678,36,0
CUST-1106,21751.97,83328.65,4005.89,154904.43,0.606,2572.37,52733.51,20.5,2,12,-0.214,73.6,Engaged,"{'transactionFrequency': 25.0, 'digitalUsage': 17.3, 'productUsage': 12.0, 'recency': 19.3, 'servicePenalty': 0.0}",3,True,False,False,True,0,0,0,0.0,69.1,9.3,2.7,520.9,50,250000,746,56,0
CUST-1107,200.0,8575.56,200.0,54728.21,1.474,2398.34,64355.46,26.83,3,21,0.117,70.8,Engaged,"{'transactionFrequency': 25.0, 'digitalUsage': 14.8, 'productUsage': 12.0, 'recency': 19.0, 'servicePenalty': 0.0}",3,True,False,False,True,0,0,0,0.0,59.0,5.5,1.0,404.2,31,627469,768,27,0
CUST-1108,1950.55,32828.37,200.0,81060.4,0.812,2531.01,43027.22,17.0,1,9,-0.143,70.3,Engaged,"{'transactionFrequency': 21.2, 'digitalUsage': 17.4, 'productUsage': 12.0, 'recency': 19.7, 'servicePenalty': 0.0}",3,False,False,True,True,0,0,0,0.0,69.6,5.2,1.3,506.6,41,782573,685,28,0
CUST-1109,200.0,83759.56,200.0,149855.9,0.485,2527.73,40865.0,16.17,1,15,-0.059,59.3,At Risk,"{'transactionFrequency': 20.2, 'digitalUsage': 13.4, 'productUsage': 8.0, 'recency': 19.7, 'servicePenalty': 2.0}",2,True,False,False,False,1,1,0,10.0,53.6,3.3,0.0,518.2,47,627000,713,114,0
CUST-1110,31550.13,72163.17,31550.13,98876.13,0.245,2317.0,23942.32,10.33,9,4,-0.061,58.4,At Risk,"{'transactionFrequency': 12.9, 'digitalUsage': 16.5, 'productUsage': 12.0, 'recency': 17.0, 'servicePenalty': 0.0}",3,True,False,True,False,0,0,0,0.0,66.1,3.0,0.0,507.4,38,250000,739,111,0
CUST-1111,3014.19,15973.78,200.0,49721.51,1.167,2246.1,38932.39,17.33,2,12,0.038,69.3,Engaged,"{'transactionFrequency': 21.7, 'digitalUsage': 22.4, 'productUsage': 8.0, 'recency': 19.3, 'servicePenalty': 2.0}",2,True,False,False,False,2,1,0,69.0,89.4,6.8,6.2,559.1,35,1334466,733,19,0
CUST-1112,77821.68,98660.35,77821.68,124588.6,0.169,2124.78,16290.02,7.67,6,3,-0.545,59.5,At Risk,"{'transactionFrequency': 9.6, 'digitalUsage': 23.9, 'productUsage': 8.0, 'recency': 18.0, 'servicePenalty': 0.0}",2,False,False,False,True,0,0,0,0.0,95.7,5.5,1.3,462.4,33,279778,578,6,1
CUST-1113,1570.16,17834.38,200.0,43391.2,0.857,2279.21,25071.33,11.0,9,4,-0.381,57.7,At Risk,"{'transactionFrequency': 13.8, 'digitalUsage': 18.9, 'productUsage': 12.0, 'recency': 17.0, 'servicePenalty': 4.0}",3,True,True,False,False,2,2,0,53.0,75.8,4.2,2.7,466.4,26,590977,775,3,0
CUST-1114,200.0,7593.44,200.0,38928.9,1.452,2479.2,44625.57,18.0,2,12,0.037,86.1,Highly Engaged,"{'transactionFrequency': 22.5, 'digitalUsage': 24.3, 'productUsage': 20.0, 'recency': 19.3, 'servicePenalty': 0.0}",5,True,True,True,True,0,0,0,0.0,97.2,9.2,4.7,481.8,44,382277,759,14,0
CUST-1115,200.0,16495.25,200.0,82868.81,1.358,2804.83,45812.27,16.33,1,15,-0.039,69.5,Engaged,"{'transactionFrequency': 20.4, 'digitalUsage': 21.4, 'productUsage': 8.0, 'recency': 19.7, 'servicePenalty': 0.0}",2,True,False,False,False,0,0,0,0.0,85.7,8.5,5.7,411.6,21,714784,805,29,0
CUST-1116,3105.88,28379.06,200.0,77344.12,0.941,2367.86,60380.49,25.5,1,18,0.246,66.6,Engaged,"{'transactionFrequency': 25.0, 'digitalUsage': 18.0, 'productUsage': 8.0, 'recency': 19.7, 'servicePenalty': 4.0}",2,False,False,False,True,2,2,0,11.0,71.9,4.5,2.8,417.4,28,381763,716,31,0
CUST-1117,136955.24,225264.35,136955.24,306715.46,0.206,2247.12,49811.11,22.17,1,16,0.045,73.9,Engaged,"{'transactionFrequency': 25.0, 'digitalUsage': 21.2, 'productUsage': 8.0, 'recency': 19.7, 'servicePenalty': 0.0}",2,True,False,False,False,0,0,0,0.0,85.0,8.5,3.8,545.2,42,250000,842,20,0
CUST-1118,200.0,70859.14,200.0,161933.93,0.716,2415.57,64012.58,26.5,4,17,-0.06,67.3,Engaged,"{'transactionFrequency': 25.0, 'digitalUsage': 17.6, 'productUsage': 8.0, 'recency': 18.7, 'servicePenalty': 2.0}",2,True,False,False,False,2,1,0,57.0,70.4,2.7,2.3,582.4,50,250000,817,22,0
CUST-1119,200.0,28229.07,200.0,76462.27,0.971,2420.37,36305.51,15.0,7,7,-0.196,59.6,At Risk,"{'transactionFrequency': 18.8, 'digitalUsage': 19.2, 'productUsage': 4.0, 'recency': 17.7, 'servicePenalty': 0.0}",1,False,False,False,False,0,0,0,0.0,76.7,5.2,3.2,393.5,46,340947,677,91,0
CUST-1120,39704.05,79016.75,39196.19,127530.41,0.305,2497.83,21647.85,8.67,2,6,-0.138,52.0,At Risk,"{'transactionFrequency': 10.8, 'digitalUsage': 17.8, 'productUsage': 4.0, 'recency': 19.3, 'servicePenalty': 0.0}",1,False,False,False,False,0,0,0,0.0,71.2,6.2,0.8,571.1,26,1034842,775,24,0
CUST-1121,4432.78,77106.99,4432.78,178016.38,0.612,2443.49,47240.78,19.33,1,14,0.269,68.0,Engaged,"{'transactionFrequency': 24.2, 'digitalUsage': 16.2, 'productUsage': 8.0, 'recency': 19.7, 'servicePenalty': 0.0}",2,True,False,False,False,0,0,0,0.0,64.7,2.2,2.2,385.0,47,803176,816,56,0
CUST-1122,255035.59,268544.7,251305.57,284247.58,0.045,3225.33,15589.11,4.83,5,2,1.444,47.0,At Risk,"{'transactionFrequency': 6.0, 'digitalUsage': 14.6, 'productUsage': 8.0, 'recency': 18.3, 'servicePenalty': 0.0}",2,True,False,False,False,0,0,0,0.0,58.6,5.5,1.8,503.0,22,516948,784,49,0
CUST-1123,36902.79,67507.76,36902.79,94512.78,0.255,2028.04,23660.51,11.67,1,6,0.323,61.5,Engaged,"{'transactionFrequency': 14.6, 'digitalUsage': 19.3, 'productUsage': 8.0, 'recency': 19.7, 'servicePenalty': 0.0}",2,False,True,False,False,0,0,0,0.0,77.1,4.2,3.7,506.9,47,586211,601,28,0
CUST-1124,200.0,14197.92,200.0,41369.44,1.173,2416.89,16515.38,6.83,64,0,-0.806,26.7,Dormant,"{'transactionFrequency': 8.5, 'digitalUsage': 20.1, 'productUsage': 8.0, 'recency': 0.0, 'servicePenalty': 10.0}",2,False,True,False,False,4,3,4,0.0,80.5,5.8,0.5,564.1,44,623776,706,52,1
CUST-1125,217124.15,277062.27,217124.15,323450.43,0.126,2182.53,32374.23,14.83,7,10,-0.283,61.0,Engaged,"{'transactionFrequency': 18.5, 'digitalUsage': 20.8, 'productUsage': 4.0, 'recency': 17.7, 'servicePenalty': 0.0}",1,False,False,False,False,0,0,0,0.0,83.1,5.7,5.8,467.5,55,257952,778,4,0
CUST-1126,479.85,5696.1,200.0,24345.6,1.501,1872.55,19349.65,10.33,6,1,-0.667,66.7,Engaged,"{'transactionFrequency': 12.9, 'digitalUsage': 19.8, 'productUsage': 16.0, 'recency': 18.0, 'servicePenalty': 0.0}",4,True,True,True,False,0,0,0,0.0,79.0,4.5,2.5,565.2,27,567663,577,6,1
CUST-1127,11310.61,17592.62,200.0,32041.56,0.519,3252.95,21686.33,6.67,5,6,-0.091,58.9,At Risk,"{'transactionFrequency': 8.3, 'digitalUsage': 16.2, 'productUsage': 16.0, 'recency': 18.3, 'servicePenalty': 0.0}",4,True,True,True,False,1,0,0,21.0,65.0,4.5,2.0,567.2,29,398186,687,13,0
CUST-1128,11451.52,3529.4,200.0,29746.68,1.78,2694.99,56594.89,21.0,1,19,0.098,65.7,Engaged,"{'transactionFrequency': 25.0, 'digitalUsage': 19.1, 'productUsage': 4.0, 'recency': 19.7, 'servicePenalty': 2.0}",1,False,False,False,False,2,1,0,50.0,76.2,4.0,0.8,520.1,35,4855144,748,94,0
CUST-1129,1892.55,24548.45,200.0,110333.75,1.462,2690.7,64128.4,23.83,1,16,0.042,78.2,Engaged,"{'transactionFrequency': 25.0, 'digitalUsage': 21.5, 'productUsage': 12.0, 'recency': 19.7, 'servicePenalty': 0.0}",3,False,True,False,True,0,0,0,0.0,86.0,8.5,4.5,559.4,21,276192,850,30,0
CUST-1130,167264.15,210269.15,167264.15,270120.18,0.126,2758.37,34019.86,12.33,5,7,-0.19,67.0,Engaged,"{'transactionFrequency': 15.4, 'digitalUsage': 23.3, 'productUsage': 16.0, 'recency': 18.3, 'servicePenalty': 6.0}",4,False,True,True,True,3,3,0,53.3,93.2,13.2,5.0,451.4,30,368192,700,28,0
CUST-1131,200.0,2990.05,200.0,17841.3,1.399,2001.88,32697.32,16.33,1,7,-0.333,67.2,Engaged,"{'transactionFrequency': 20.4, 'digitalUsage': 19.1, 'productUsage': 8.0, 'recency': 19.7, 'servicePenalty': 0.0}",2,False,True,False,False,0,0,0,0.0,76.5,4.7,4.8,518.7,40,331071,773,40,0
CUST-1132,200.0,20958.65,200.0,93027.68,1.459,2539.4,38937.54,15.33,1,6,-0.433,68.5,Engaged,"{'transactionFrequency': 19.2, 'digitalUsage': 17.7, 'productUsage': 12.0, 'recency': 19.7, 'servicePenalty': 0.0}",3,True,False,True,False,2,0,0,69.5,70.7,6.8,3.3,429.7,42,1038837,850,11,0
CUST-1133,200.0,2365.93,200.0,12218.71,1.302,1883.21,19145.99,10.17,1,1,-0.5,49.7,At Risk,"{'transactionFrequency': 12.7, 'digitalUsage': 14.3, 'productUsage': 12.0, 'recency': 19.7, 'servicePenalty': 9.0}",3,False,False,True,True,2,2,1,35.0,57.4,1.3,0.0,419.5,52,511797,783,3,1
CUST-1134,200.0,5793.23,200.0,32032.31,1.622,2154.68,28369.89,13.17,6,6,-0.38,57.1,At Risk,"{'transactionFrequency': 16.5, 'digitalUsage': 18.7, 'productUsage': 4.0, 'recency': 18.0, 'servicePenalty': 0.0}",1,False,False,False,False,0,0,0,0.0,74.7,5.5,1.3,587.6,36,292696,640,61,0
CUST-1135,15131.07,63030.74,10235.83,105996.7,0.394,2902.42,38215.21,13.17,1,11,0.382,66.6,Engaged,"{'transactionFrequency': 16.5, 'digitalUsage': 16.4, 'productUsage': 16.0, 'recency': 19.7, 'servicePenalty': 2.0}",4,False,True,True,True,2,1,0,52.5,65.8,0.7,0.7,416.3,48,436670,706,140,0
CUST-1136,76326.25,129672.09,76326.25,186876.44,0.261,2281.2,25853.59,11.33,2,5,-0.056,60.6,Engaged,"{'transactionFrequency': 14.2, 'digitalUsage': 19.1, 'productUsage': 8.0, 'recency': 19.3, 'servicePenalty': 0.0}",2,False,False,True,False,0,0,0,0.0,76.5,5.0,5.5,482.4,36,250000,726,18,0
CUST-1137,7177.58,9770.95,200.0,30108.46,1.045,2491.4,27405.45,11.0,3,10,0.194,52.9,At Risk,"{'transactionFrequency': 13.8, 'digitalUsage': 18.2, 'productUsage': 4.0, 'recency': 19.0, 'servicePenalty': 2.0}",1,False,False,False,False,1,1,0,30.0,72.7,3.0,2.5,530.2,40,412582,762,34,0
CUST-1138,200.0,41220.87,200.0,78915.22,0.702,2150.98,17924.87,8.33,3,6,-0.074,47.4,At Risk,"{'transactionFrequency': 10.4, 'digitalUsage': 14.0, 'productUsage': 4.0, 'recency': 19.0, 'servicePenalty': 0.0}",1,False,False,False,False,1,0,0,66.0,56.0,2.3,1.0,581.5,66,329055,785,27,0
CUST-1139,200.0,15489.17,200.0,67956.44,1.343,2385.29,60029.91,25.17,1,20,-0.063,73.9,Engaged,"{'transactionFrequency': 25.0, 'digitalUsage': 17.2, 'productUsage': 12.0, 'recency': 19.7, 'servicePenalty': 0.0}",3,True,True,False,False,0,0,0,0.0,68.9,1.8,0.7,466.4,45,1123750,830,44,0
CUST-1140,5817.2,3126.31,200.0,6026.89,0.795,1947.85,13634.96,7.0,46,0,-0.706,30.9,Dormant,"{'transactionFrequency': 8.8, 'digitalUsage': 18.4, 'productUsage': 4.0, 'recency': 4.7, 'servicePenalty': 5.0}",1,False,False,False,False,1,0,1,0.0,73.8,4.8,0.8,512.2,35,364073,656,5,1
CUST-1141,48536.57,100623.61,48536.57,150944.79,0.35,2093.7,48852.94,23.33,1,19,0.058,72.7,Engaged,"{'transactionFrequency': 25.0, 'digitalUsage': 20.0, 'productUsage': 8.0, 'recency': 19.7, 'servicePenalty': 0.0}",2,True,False,False,False,2,0,0,50.0,80.0,8.3,3.8,497.7,48,463261,699,47,0
CUST-1142,594.87,3073.73,200.0,21859.06,1.734,3262.83,19033.19,5.83,70,0,-0.806,23.4,Dormant,"{'transactionFrequency': 7.3, 'digitalUsage': 17.1, 'productUsage': 4.0, 'recency': 0.0, 'servicePenalty': 5.0}",1,False,False,False,False,2,0,1,15.0,68.6,6.3,3.7,495.8,41,1598738,595,120,1
CUST-1143,200.0,30840.17,200.0,74759.52,0.933,2730.88,31860.26,11.67,9,4,-0.154,61.4,Engaged,"{'transactionFrequency': 14.6, 'digitalUsage': 21.8, 'productUsage': 8.0, 'recency': 17.0, 'servicePenalty': 0.0}",2,False,False,False,True,0,0,0,0.0,87.1,6.8,2.0,436.5,21,2395780,745,51,0
CUST-1144,200.0,26744.34,200.0,93969.32,1.078,2759.28,58404.83,21.17,2,10,0.048,70.4,Engaged,"{'transactionFrequency': 25.0, 'digitalUsage': 18.1, 'productUsage': 12.0, 'recency': 19.3, 'servicePenalty': 4.0}",3,False,True,False,True,4,2,0,60.0,72.4,4.3,3.3,525.9,22,470542,637,55,0
CUST-1145,32324.84,55750.37,31665.93,115551.67,0.441,2388.38,24679.98,10.33,9,2,-0.476,57.7,At Risk,"{'transactionFrequency': 12.9, 'digitalUsage': 19.8, 'productUsage': 8.0, 'recency': 17.0, 'servicePenalty': 0.0}",2,True,False,False,False,1,0,0,75.0,79.0,6.2,0.0,454.7,37,761871,671,67,1
CUST-1146,192852.39,250112.43,192852.39,320175.95,0.169,2323.29,32526.08,14.0,2,9,0.0,75.2,Engaged,"{'transactionFrequency': 17.5, 'digitalUsage': 22.3, 'productUsage': 16.0, 'recency': 19.3, 'servicePenalty': 0.0}",4,True,True,False,True,0,0,0,0.0,89.3,9.8,4.5,439.0,32,1418412,648,8,0
CUST-1147,1433.46,41397.67,1433.46,87381.45,0.528,2588.31,39256.0,15.17,3,9,-0.245,69.9,Engaged,"{'transactionFrequency': 19.0, 'digitalUsage': 23.9, 'productUsage': 8.0, 'recency': 19.0, 'servicePenalty': 0.0}",2,False,True,False,False,0,0,0,0.0,95.6,10.5,4.2,592.5,29,250000,546,56,0
CUST-1148,8681.95,5439.59,200.0,21708.63,0.889,2351.26,28998.87,12.33,42,0,-0.618,47.0,At Risk,"{'transactionFrequency': 15.4, 'digitalUsage': 18.6, 'productUsage': 12.0, 'recency': 6.0, 'servicePenalty': 5.0}",3,False,True,False,True,1,0,1,0.0,74.3,2.7,0.5,425.2,28,250000,596,58,1
CUST-1149,116917.9,162832.96,116917.9,237280.56,0.25,2630.37,32879.62,12.5,20,1,-0.625,47.6,At Risk,"{'transactionFrequency': 15.6, 'digitalUsage': 19.7, 'productUsage': 4.0, 'recency': 13.3, 'servicePenalty': 5.0}",1,False,False,False,False,1,0,1,0.0,78.7,6.0,2.8,504.5,41,260594,688,91,1
CUST-1150,6386.48,43416.56,200.0,79444.71,0.57,2480.56,37621.87,15.17,1,12,0.447,72.2,Engaged,"{'transactionFrequency': 19.0, 'digitalUsage': 17.6, 'productUsage': 16.0, 'recency': 19.7, 'servicePenalty': 0.0}",4,False,True,True,True,0,0,0,0.0,70.3,5.3,1.0,618.9,51,617871,673,41,0
CUST-1151,5457.18,2313.42,200.0,6030.59,0.979,2967.5,14837.52,5.0,29,1,-0.222,36.3,Dormant,"{'transactionFrequency': 6.2, 'digitalUsage': 21.7, 'productUsage': 8.0, 'recency': 10.3, 'servicePenalty': 10.0}",2,False,False,False,True,2,1,2,0.0,86.7,6.2,3.0,433.7,42,503374,748,6,1
CUST-1152,200.0,16549.32,200.0,43845.61,0.911,2472.36,40793.98,16.5,3,13,0.463,66.8,Engaged,"{'transactionFrequency': 20.6, 'digitalUsage': 21.2, 'productUsage': 8.0, 'recency': 19.0, 'servicePenalty': 2.0}",2,True,False,False,False,1,1,0,17.0,84.8,7.7,4.7,568.8,28,811047,781,99,0
CUST-1153,200.0,57032.46,200.0,155620.83,0.929,2525.04,61863.46,24.5,1,11,-0.16,73.1,Engaged,"{'transactionFrequency': 25.0, 'digitalUsage': 20.4, 'productUsage': 8.0, 'recency': 19.7, 'servicePenalty': 0.0}",2,False,False,True,False,0,0,0,0.0,81.6,8.3,3.5,454.5,42,366575,648,14,0
CUST-1154,525.97,10891.12,200.0,55751.88,1.508,2396.17,64696.72,27.0,3,15,-0.178,72.7,Engaged,"{'transactionFrequency': 25.0, 'digitalUsage': 20.7, 'productUsage': 8.0, 'recency': 19.0, 'servicePenalty': 0.0}",2,True,False,False,False,0,0,0,0.0,82.7,6.8,3.8,507.5,47,367920,814,50,0
CUST-1155,3975.35,32061.34,200.0,87247.96,0.97,2659.83,39454.18,14.83,6,10,0.022,68.4,Engaged,"{'transactionFrequency': 18.5, 'digitalUsage': 23.9, 'productUsage': 8.0, 'recency': 18.0, 'servicePenalty': 0.0}",2,False,False,True,False,0,0,0,0.0,95.5,10.0,4.7,455.8,39,874780,757,5,0
CUST-1156,200.0,34690.64,200.0,112251.25,0.951,2449.78,44504.31,18.17,1,14,0.265,71.0,Engaged,"{'transactionFrequency': 22.7, 'digitalUsage': 20.6, 'productUsage': 8.0, 'recency': 19.7, 'servicePenalty': 0.0}",2,False,False,True,False,0,0,0,0.0,82.6,4.0,3.3,519.4,45,250000,798,4,0
CUST-1157,200.0,1576.0,200.0,21720.22,2.828,2211.63,16955.8,7.67,42,0,-0.737,45.0,At Risk,"{'transactionFrequency': 9.6, 'digitalUsage': 17.4, 'productUsage': 12.0, 'recency': 6.0, 'servicePenalty': 0.0}",3,True,True,False,False,1,0,0,102.0,69.6,1.7,1.2,486.4,60,841383,726,11,1
CUST-1158,267484.67,314449.22,267484.67,351952.26,0.061,2344.25,32819.5,14.0,3,12,0.389,64.5,Engaged,"{'transactionFrequency': 17.5, 'digitalUsage': 22.0, 'productUsage': 8.0, 'recency': 19.0, 'servicePenalty': 2.0}",2,False,False,True,False,1,1,0,44.0,88.1,9.2,5.0,525.6,28,250000,831,4,0
CUST-1159,200.0,4588.0,200.0,18940.19,1.44,2400.35,23603.4,9.83,1,7,0.44,57.3,At Risk,"{'transactionFrequency': 12.3, 'digitalUsage': 17.4, 'productUsage': 8.0, 'recency': 19.7, 'servicePenalty': 0.0}",2,False,True,False,False,0,0,0,0.0,69.5,6.0,1.8,528.8,52,250000,650,56,0
CUST-1160,223446.97,244798.92,223446.97,274180.49,0.034,2435.14,23945.56,9.83,4,9,-0.351,56.6,At Risk,"{'transactionFrequency': 12.3, 'digitalUsage': 21.6, 'productUsage': 4.0, 'recency': 18.7, 'servicePenalty': 0.0}",1,False,False,False,False,1,0,0,11.0,86.4,10.7,5.7,453.1,31,1190391,850,18,0
CUST-1161,363731.43,427349.12,358333.2,526627.42,0.123,2568.95,58657.75,22.83,1,13,-0.284,62.9,Engaged,"{'transactionFrequency': 25.0, 'digitalUsage': 18.2, 'productUsage': 4.0, 'recency': 19.7, 'servicePenalty': 4.0}",1,False,False,False,False,3,2,0,66.3,73.0,4.2,1.7,512.8,38,337789,779,113,0
CUST-1162,7598.94,5804.5,200.0,31590.39,1.423,2200.81,48050.99,21.83,2,16,0.418,68.8,Engaged,"{'transactionFrequency': 25.0, 'digitalUsage': 20.4, 'productUsage': 4.0, 'recency': 19.3, 'servicePenalty': 0.0}",1,False,False,False,False,0,0,0,0.0,81.7,7.7,2.7,464.4,35,250000,799,75,0
CUST-1163,5853.85,64087.48,3238.35,114351.82,0.507,2658.52,47853.31,18.0,1,14,-0.07,72.4,Engaged,"{'transactionFrequency': 22.5, 'digitalUsage': 22.2, 'productUsage': 8.0, 'recency': 19.7, 'servicePenalty': 0.0}",2,True,False,False,False,0,0,0,0.0,88.9,8.0,1.2,578.7,42,346407,710,16,0
CUST-1164,20089.39,70587.41,20089.39,105067.09,0.365,2482.78,43862.44,17.67,2,10,0.0,70.3,Engaged,"{'transactionFrequency': 22.1, 'digitalUsage': 18.9, 'productUsage': 12.0, 'recency': 19.3, 'servicePenalty': 2.0}",3,True,False,True,False,1,1,0,112.0,75.5,4.5,3.5,489.8,57,416345,850,24,0
CUST-1165,200.0,809.86,200.0,2784.36,1.239,2560.91,10243.63,4.0,14,1,-0.471,43.1,At Risk,"{'transactionFrequency': 5.0, 'digitalUsage': 19.8, 'productUsage': 8.0, 'recency': 15.3, 'servicePenalty': 5.0}",2,False,False,True,False,2,0,1,40.0,79.2,4.5,0.5,461.5,31,675456,748,7,1
CUST-1166,200.0,6686.36,200.0,46797.75,2.008,3086.77,27780.89,9.0,32,0,-0.4,39.2,Dormant,"{'transactionFrequency': 11.2, 'digitalUsage': 17.6, 'productUsage': 8.0, 'recency': 9.3, 'servicePenalty': 7.0}",2,False,False,True,False,3,1,1,61.0,70.4,2.3,0.8,420.6,24,459386,749,48,1
CUST-1167,200.0,5062.42,200.0,14939.92,1.139,2597.9,21216.17,8.17,18,1,-0.455,44.1,At Risk,"{'transactionFrequency': 10.2, 'digitalUsage': 18.9, 'productUsage': 8.0, 'recency': 14.0, 'servicePenalty': 7.0}",2,False,False,True,False,3,1,1,113.5,75.5,5.2,2.3,420.0,42,1748261,700,25,1
CUST-1168,32479.41,63684.12,30843.9,89152.27,0.275,2742.22,32906.69,12.0,2,8,-0.053,63.2,Engaged,"{'transactionFrequency': 15.0, 'digitalUsage': 20.8, 'productUsage': 8.0, 'recency': 19.3, 'servicePenalty': 0.0}",2,True,False,False,False,0,0,0,0.0,83.3,8.2,2.3,449.3,33,250000,673,61,0
CUST-1169,1530.51,1743.85,200.0,10727.64,1.482,2199.48,42889.79,19.5,2,15,-0.081,66.4,Engaged,"{'transactionFrequency': 24.4, 'digitalUsage': 16.7, 'productUsage': 8.0, 'recency': 19.3, 'servicePenalty': 2.0}",2,False,False,True,False,1,1,0,117.0,66.7,2.7,1.2,451.9,38,280107,699,91,0
CUST-1170,200.0,28258.12,200.0,84599.49,1.034,2623.2,67328.86,25.67,1,17,0.229,75.2,Engaged,"{'transactionFrequency': 25.0, 'digitalUsage': 18.5, 'productUsage': 12.0, 'recency': 19.7, 'servicePenalty': 0.0}",3,False,True,False,True,0,0,0,0.0,74.0,4.8,1.2,612.6,37,439655,681,18,0
CUST-1171,200.0,13878.6,200.0,98837.74,1.61,3066.86,86383.24,28.17,3,20,0.111,73.5,Engaged,"{'transactionFrequency': 25.0, 'digitalUsage': 17.4, 'productUsage': 12.0, 'recency': 19.0, 'servicePenalty': 0.0}",3,True,True,False,False,0,0,0,0.0,69.8,6.2,2.0,637.3,21,2105080,751,16,0
CUST-1172,200.0,34600.73,200.0,116238.3,1.116,2524.2,53428.8,21.17,1,15,-0.257,74.9,Engaged,"{'transactionFrequency': 25.0, 'digitalUsage': 20.3, 'productUsage': 12.0, 'recency': 19.7, 'servicePenalty': 2.0}",3,True,False,True,False,2,1,0,111.0,81.1,6.3,3.2,539.0,34,250000,791,12,0
CUST-1173,200.0,8616.75,200.0,42732.69,1.469,2382.23,23028.23,9.67,3,4,-0.182,65.5,Engaged,"{'transactionFrequency': 12.1, 'digitalUsage': 22.4, 'productUsage': 12.0, 'recency': 19.0, 'servicePenalty': 0.0}",3,False,True,False,True,1,0,0,81.0,89.7,9.0,3.2,479.9,32,279588,689,46,0
CUST-1174,263754.82,300365.06,263754.82,346577.02,0.084,1985.05,19188.84,9.67,2,5,-0.378,65.4,Engaged,"{'transactionFrequency': 12.1, 'digitalUsage': 22.0, 'productUsage': 12.0, 'recency': 19.3, 'servicePenalty': 0.0}",3,False,True,False,True,0,0,0,0.0,87.9,9.2,4.0,507.2,42,581055,627,12,0
CUST-1175,25095.49,97531.31,25095.49,175972.33,0.395,2745.71,37067.09,13.5,2,9,0.128,66.7,Engaged,"{'transactionFrequency': 16.9, 'digitalUsage': 18.5, 'productUsage': 12.0, 'recency': 19.3, 'servicePenalty': 0.0}",3,True,False,True,False,0,0,0,0.0,74.1,6.3,2.5,537.4,21,339227,738,3,0
CUST-1176,86547.21,150920.52,86547.21,197478.32,0.195,2408.8,47373.14,19.67,3,13,-0.235,70.7,Engaged,"{'transactionFrequency': 24.6, 'digitalUsage': 19.1, 'productUsage': 12.0, 'recency': 19.0, 'servicePenalty': 4.0}",3,False,True,True,False,3,2,0,75.7,76.3,8.0,0.7,583.1,21,309716,622,96,0
CUST-1177,3056.39,4655.65,200.0,38233.84,1.868,2205.25,49985.76,22.67,1,16,-0.184,85.4,Highly Engaged,"{'transactionFrequency': 25.0, 'digitalUsage': 20.8, 'productUsage': 20.0, 'recency': 19.7, 'servicePenalty': 0.0}",5,True,True,True,True,0,0,0,0.0,83.1,5.2,3.0,494.1,28,993822,821,13,0
CUST-1178,188809.42,228018.52,187617.79,263774.51,0.086,2296.81,23733.74,10.33,2,10,0.462,64.4,Engaged,"{'transactionFrequency': 12.9, 'digitalUsage': 24.2, 'productUsage': 8.0, 'recency': 19.3, 'servicePenalty': 0.0}",2,False,True,False,False,0,0,0,0.0,96.8,11.5,2.5,456.6,23,787397,640,3,0
CUST-1179,3164.8,65032.09,200.0,157751.99,0.877,2545.65,75945.12,29.83,4,18,0.263,81.0,Highly Engaged,"{'transactionFrequency': 25.0, 'digitalUsage': 21.4, 'productUsage': 16.0, 'recency': 18.7, 'servicePenalty': 0.0}",4,True,True,False,True,0,0,0,0.0,85.5,9.3,2.7,459.2,34,845281,759,32,0
CUST-1180,220079.24,263125.82,210467.29,308062.34,0.1,2191.97,27034.35,12.33,5,11,0.0,57.6,At Risk,"{'transactionFrequency': 15.4, 'digitalUsage': 13.8, 'productUsage': 12.0, 'recency': 18.3, 'servicePenalty': 2.0}",3,False,True,True,False,1,1,0,66.0,55.4,5.3,0.7,652.4,51,593430,769,44,0
CUST-1181,200.0,2453.47,200.0,27406.2,1.762,2654.19,49544.8,18.67,2,10,-0.131,71.9,Engaged,"{'transactionFrequency': 23.3, 'digitalUsage': 21.2, 'productUsage': 8.0, 'recency': 19.3, 'servicePenalty': 0.0}",2,True,False,False,False,0,0,0,0.0,84.8,8.3,6.5,485.4,33,250000,708,20,0
CUST-1182,293689.38,297997.03,291327.13,307301.63,0.013,1839.75,11651.76,6.33,17,2,-0.333,51.9,At Risk,"{'transactionFrequency': 7.9, 'digitalUsage': 21.7, 'productUsage': 8.0, 'recency': 14.3, 'servicePenalty': 0.0}",2,False,True,False,False,0,0,0,0.0,86.8,8.7,3.7,595.4,29,954235,745,33,0
CUST-1183,200.0,15921.39,200.0,69186.68,1.232,2761.34,65811.91,23.83,1,16,-0.232,68.2,Engaged,"{'transactionFrequency': 25.0, 'digitalUsage': 15.6, 'productUsage': 8.0, 'recency': 19.7, 'servicePenalty': 0.0}",2,True,False,False,False,0,0,0,0.0,62.2,3.3,1.7,372.6,50,250000,712,76,0
CUST-1184,86413.91,158767.86,83075.3,248062.63,0.322,2613.0,64889.51,24.83,2,16,-0.202,74.6,Engaged,"{'transactionFrequency': 25.0, 'digitalUsage': 14.2, 'productUsage': 16.0, 'recency': 19.3, 'servicePenalty': 0.0}",4,True,True,False,True,0,0,0,0.0,57.0,1.0,0.3,539.3,21,680029,763,11,0
CUST-1185,200.0,41041.42,200.0,116785.71,0.927,2274.89,67867.49,29.83,1,17,0.207,73.6,Engaged,"{'transactionFrequency': 25.0, 'digitalUsage': 16.9, 'productUsage': 12.0, 'recency': 19.7, 'servicePenalty': 0.0}",3,True,False,False,True,0,0,0,0.0,67.6,4.7,3.2,532.7,21,553587,605,8,0
CUST-1186,8489.25,10945.2,200.0,52189.76,1.219,2520.55,45789.97,18.17,3,15,0.135,76.1,Engaged,"{'transactionFrequency': 22.7, 'digitalUsage': 18.4, 'productUsage': 16.0, 'recency': 19.0, 'servicePenalty': 0.0}",4,True,False,True,True,0,0,0,0.0,73.4,3.8,2.5,446.5,46,283049,795,17,0
CUST-1187,7839.39,7683.3,200.0,25849.77,0.769,2675.82,20068.67,7.5,61,0,-0.657,27.3,Dormant,"{'transactionFrequency': 9.4, 'digitalUsage': 18.9, 'productUsage': 4.0, 'recency': 0.0, 'servicePenalty': 5.0}",1,False,False,False,False,1,0,1,0.0,75.6,3.7,1.2,576.0,24,1046692,802,3,1
CUST-1188,1351.47,58376.58,200.0,129249.69,0.652,2273.55,40545.06,17.83,2,13,-0.121,70.8,Engaged,"{'transactionFrequency': 22.3, 'digitalUsage': 19.1, 'productUsage': 12.0, 'recency': 19.3, 'servicePenalty': 2.0}",3,True,False,True,False,2,1,0,102.5,76.6,5.7,4.7,612.6,40,288512,665,23,0
CUST-1189,296803.96,326730.05,296687.91,363053.02,0.059,2690.17,21969.69,8.17,2,7,-0.038,57.4,At Risk,"{'transactionFrequency': 10.2, 'digitalUsage': 15.8, 'productUsage': 12.0, 'recency': 19.3, 'servicePenalty': 0.0}",3,True,True,False,False,1,0,0,73.0,63.3,5.5,1.7,486.3,56,1507433,700,71,0
CUST-1190,1250.94,14414.48,200.0,65883.49,1.402,2460.25,38543.98,15.67,7,13,-0.118,75.6,Engaged,"{'transactionFrequency': 19.6, 'digitalUsage': 18.4, 'productUsage': 20.0, 'recency': 17.7, 'servicePenalty': 0.0}",5,True,True,True,True,0,0,0,0.0,73.4,4.0,1.0,410.2,54,569816,739,9,0
CUST-1191,103894.31,149727.36,103894.31,192215.49,0.165,2689.17,37648.41,14.0,1,13,0.688,70.4,Engaged,"{'transactionFrequency': 17.5, 'digitalUsage': 23.2, 'productUsage': 12.0, 'recency': 19.7, 'servicePenalty': 2.0}",3,True,False,True,False,1,1,0,15.0,92.9,6.3,2.8,564.5,27,500191,747,26,0
CUST-1192,103920.31,153893.51,103920.31,186256.16,0.167,2494.87,33680.76,13.5,1,12,-0.156,62.9,Engaged,"{'transactionFrequency': 16.9, 'digitalUsage': 20.4, 'productUsage': 8.0, 'recency': 19.7, 'servicePenalty': 2.0}",2,True,False,False,False,4,1,0,73.5,81.5,5.0,2.3,526.4,36,689052,618,42,0
CUST-1193,200.0,5479.12,200.0,35842.85,1.413,2534.21,54907.81,21.67,2,16,-0.141,68.1,Engaged,"{'transactionFrequency': 25.0, 'digitalUsage': 15.8, 'productUsage': 12.0, 'recency': 19.3, 'servicePenalty': 4.0}",3,False,False,True,True,3,2,0,74.7,63.1,4.5,1.3,508.7,41,776896,754,126,0
CUST-1194,925.57,14653.42,200.0,37638.97,0.74,2249.43,29992.35,13.33,2,9,0.343,71.7,Engaged,"{'transactionFrequency': 16.7, 'digitalUsage': 19.7, 'productUsage': 16.0, 'recency': 19.3, 'servicePenalty': 0.0}",4,True,False,True,True,0,0,0,0.0,78.7,7.7,3.5,406.0,21,495797,716,9,0
CUST-1195,7003.55,12337.26,200.0,58614.21,1.182,2779.11,69014.46,24.83,1,18,-0.284,73.3,Engaged,"{'transactionFrequency': 25.0, 'digitalUsage': 20.6, 'productUsage': 8.0, 'recency': 19.7, 'servicePenalty': 0.0}",2,True,False,False,False,0,0,0,0.0,82.6,7.5,2.7,374.9,21,1233088,748,16,0
CUST-1196,16769.88,14919.87,200.0,50872.45,0.932,2970.86,52980.3,17.83,3,17,0.096,68.4,Engaged,"{'transactionFrequency': 22.3, 'digitalUsage': 19.1, 'productUsage': 8.0, 'recency': 19.0, 'servicePenalty': 0.0}",2,False,False,True,False,0,0,0,0.0,76.6,7.5,1.8,488.0,48,533221,615,19,0
CUST-1197,254990.93,324251.34,254990.93,374093.52,0.103,2832.15,79772.23,28.17,1,19,-0.121,76.0,Engaged,"{'transactionFrequency': 25.0, 'digitalUsage': 19.4, 'productUsage': 12.0, 'recency': 19.7, 'servicePenalty': 0.0}",3,True,False,False,True,0,0,0,0.0,77.5,6.8,1.7,521.7,36,1454524,686,18,0
CUST-1198,20708.33,48463.5,20708.33,87082.91,0.437,2705.23,31110.12,11.5,2,9,0.29,63.1,Engaged,"{'transactionFrequency': 14.4, 'digitalUsage': 21.4, 'productUsage': 8.0, 'recency': 19.3, 'servicePenalty': 0.0}",2,False,False,False,True,0,0,0,0.0,85.5,10.5,3.8,413.5,47,252269,671,10,0
CUST-1199,68158.32,153352.89,68158.32,225871.5,0.275,2668.97,45372.55,17.0,4,13,0.039,78.7,Engaged,"{'transactionFrequency': 21.2, 'digitalUsage': 22.8, 'productUsage': 16.0, 'recency': 18.7, 'servicePenalty': 0.0}",4,False,True,True,True,1,0,0,105.0,91.2,9.8,2.7,492.6,45,636903,728,12,0
CUST-1200,200.0,7001.6,200.0,20591.99,1.018,2238.89,17911.14,8.0,3,7,0.273,52.6,At Risk,"{'transactionFrequency': 10.0, 'digitalUsage': 15.6, 'productUsage': 8.0, 'recency': 19.0, 'servicePenalty': 0.0}",2,False,False,False,True,1,0,0,99.0,62.5,3.8,2.5,398.3,39,250000,691,24,0
CUST-1201,39580.68,62759.87,35923.15,99936.24,0.314,2007.25,25425.11,12.67,2,9,-0.267,68.5,Engaged,"{'transactionFrequency': 15.8, 'digitalUsage': 21.4, 'productUsage': 12.0, 'recency': 19.3, 'servicePenalty': 0.0}",3,True,False,True,False,0,0,0,0.0,85.5,12.0,3.2,532.0,35,322977,739,9,0
CUST-1202,3751.09,4986.16,200.0,17759.76,1.023,2594.54,22918.45,8.83,63,0,-0.659,40.3,At Risk,"{'transactionFrequency': 11.0, 'digitalUsage': 21.2, 'productUsage': 8.0, 'recency': 0.0, 'servicePenalty': 0.0}",2,True,False,False,False,1,0,0,29.0,84.9,4.3,4.8,459.3,42,986356,703,9,1
CUST-1203,58159.87,67573.82,57187.54,76110.73,0.08,1726.55,10934.81,6.33,1,6,-0.261,56.6,At Risk,"{'transactionFrequency': 7.9, 'digitalUsage': 25.0, 'productUsage': 4.0, 'recency': 19.7, 'servicePenalty': 0.0}",1,False,False,False,False,1,0,0,51.0,100.0,9.5,7.2,515.1,32,976587,622,48,0
CUST-1204,200.0,40245.26,200.0,95363.44,0.768,2222.09,27405.77,12.33,1,5,-0.273,63.7,Engaged,"{'transactionFrequency': 15.4, 'digitalUsage': 20.6, 'productUsage': 8.0, 'recency': 19.7, 'servicePenalty': 0.0}",2,True,False,False,False,0,0,0,0.0,82.4,7.0,2.2,443.7,22,1691205,685,20,0
CUST-1205,200.0,10368.41,200.0,37261.4,1.095,2548.53,61164.73,24.0,2,18,0.028,68.9,Engaged,"{'transactionFrequency': 25.0, 'digitalUsage': 18.6, 'productUsage': 12.0, 'recency': 19.3, 'servicePenalty': 6.0}",3,True,True,False,False,4,3,0,65.5,74.3,3.3,1.5,545.2,52,951113,747,112,0
CUST-1206,200.0,6258.99,200.0,29461.35,1.345,2909.29,39760.35,13.67,1,10,-0.415,60.9,Engaged,"{'transactionFrequency': 17.1, 'digitalUsage': 20.1, 'productUsage': 4.0, 'recency': 19.7, 'servicePenalty': 0.0}",1,False,False,False,False,0,0,0,0.0,80.5,5.5,2.0,559.7,31,1286416,720,23,0
CUST-1207,200.0,1473.2,200.0,14901.58,1.779,2779.39,56977.45,20.5,1,18,0.404,77.8,Engaged,"{'transactionFrequency': 25.0, 'digitalUsage': 19.1, 'productUsage': 16.0, 'recency': 19.7, 'servicePenalty': 2.0}",4,False,True,True,True,1,1,0,117.0,76.4,6.3,0.2,438.2,21,684421,759,5,0
CUST-1208,200.0,10529.15,200.0,37239.25,1.07,2231.53,27894.13,12.5,4,10,0.081,62.0,Engaged,"{'transactionFrequency': 15.6, 'digitalUsage': 15.7, 'productUsage': 12.0, 'recency': 18.7, 'servicePenalty': 0.0}",3,True,True,False,False,0,0,0,0.0,62.7,4.7,0.3,450.2,21,1141902,732,7,0
CUST-1209,11175.43,17998.89,200.0,80423.23,1.436,2214.59,57579.22,26.0,2,19,-0.163,71.6,Engaged,"{'transactionFrequency': 25.0, 'digitalUsage': 15.2, 'productUsage': 12.0, 'recency': 19.3, 'servicePenalty': 0.0}",3,True,True,False,False,0,0,0,0.0,60.9,3.5,0.8,596.8,32,1001278,630,60,0
CUST-1210,11223.63,61614.67,11223.63,100353.32,0.478,2141.42,22484.88,10.5,7,5,0.167,57.4,At Risk,"{'transactionFrequency': 13.1, 'digitalUsage': 18.6, 'productUsage': 8.0, 'recency': 17.7, 'servicePenalty': 0.0}",2,True,False,False,False,0,0,0,0.0,74.6,6.0,1.8,510.9,26,460794,627,3,0
CUST-1211,19695.57,64774.66,200.0,160555.42,0.762,2764.23,45609.86,16.5,5,12,-0.094,65.4,Engaged,"{'transactionFrequency': 20.6, 'digitalUsage': 18.4, 'productUsage': 8.0, 'recency': 18.3, 'servicePenalty': 0.0}",2,False,True,False,False,0,0,0,0.0,73.7,6.2,2.7,527.4,54,1410000,625,36,0
CUST-1212,2221.25,1848.02,200.0,14890.21,1.812,1964.25,14731.87,7.5,19,1,-0.618,44.3,At Risk,"{'transactionFrequency': 9.4, 'digitalUsage': 22.2, 'productUsage': 8.0, 'recency': 13.7, 'servicePenalty': 9.0}",2,False,True,False,False,2,2,1,55.0,88.9,8.3,3.0,500.9,54,250000,645,9,1
CUST-1213,5029.92,6501.31,200.0,33999.17,1.422,2737.77,44716.94,16.33,1,11,-0.214,68.4,Engaged,"{'transactionFrequency': 20.4, 'digitalUsage': 16.3, 'productUsage': 12.0, 'recency': 19.7, 'servicePenalty': 0.0}",3,True,False,True,False,2,0,0,41.0,65.3,3.5,0.0,598.8,28,250000,807,4,0
CUST-1214,200.0,22430.41,200.0,61047.81,0.964,2357.25,28287.01,12.0,13,2,-0.458,53.6,At Risk,"{'transactionFrequency': 15.0, 'digitalUsage': 14.9, 'productUsage': 8.0, 'recency': 15.7, 'servicePenalty': 0.0}",2,True,False,False,False,0,0,0,0.0,59.7,4.2,3.7,535.2,48,250000,696,27,0
CUST-1215,200.0,11773.35,200.0,57741.52,1.467,2197.32,40650.5,18.5,7,11,0.055,59.4,At Risk,"{'transactionFrequency': 23.1, 'digitalUsage': 14.6, 'productUsage': 4.0, 'recency': 17.7, 'servicePenalty': 0.0}",1,False,False,False,False,0,0,0,0.0,58.6,1.2,2.5,514.0,40,675317,796,22,0
CUST-1216,42868.8,107364.14,42868.8,189025.69,0.398,2621.1,35384.86,13.5,2,10,-0.114,64.0,Engaged,"{'transactionFrequency': 16.9, 'digitalUsage': 19.8, 'productUsage': 8.0, 'recency': 19.3, 'servicePenalty': 0.0}",2,True,False,False,False,0,0,0,0.0,79.0,2.7,1.8,392.6,54,668616,714,30,0
CUST-1217,1980.48,2828.23,200.0,16576.66,1.349,2536.25,31703.08,12.5,31,0,-0.758,43.0,At Risk,"{'transactionFrequency': 15.6, 'digitalUsage': 13.7, 'productUsage': 4.0, 'recency': 9.7, 'servicePenalty': 0.0}",1,False,False,False,False,0,0,0,0.0,54.7,2.5,0.0,487.8,30,250000,662,45,1
CUST-1218,21662.06,97083.09,21662.06,182158.11,0.495,2391.48,40655.24,17.0,2,9,-0.207,72.2,Engaged,"{'transactionFrequency': 21.2, 'digitalUsage': 19.6, 'productUsage': 12.0, 'recency': 19.3, 'servicePenalty': 0.0}",3,False,True,True,False,0,0,0,0.0,78.4,7.7,2.7,508.1,30,487008,668,140,0
CUST-1219,200.0,16824.27,200.0,69525.56,1.207,2562.72,75173.27,29.33,3,20,0.198,75.0,Engaged,"{'transactionFrequency': 25.0, 'digitalUsage': 19.0, 'productUsage': 12.0, 'recency': 19.0, 'servicePenalty': 0.0}",3,False,True,True,False,0,0,0,0.0,76.1,3.8,2.5,477.4,53,299647,725,109,0
CUST-1220,285839.36,329765.94,285839.36,388031.29,0.089,2217.67,28460.07,12.83,5,6,-0.119,66.8,Engaged,"{'transactionFrequency': 16.0, 'digitalUsage': 20.4, 'productUsage': 12.0, 'recency': 18.3, 'servicePenalty': 0.0}",3,True,False,True,False,1,0,0,101.0,81.8,8.3,4.2,515.5,41,312784,840,3,0
CUST-1221,2179.5,2616.18,200.0,17884.55,1.815,2292.9,25604.01,11.17,2,2,-0.768,58.6,At Risk,"{'transactionFrequency': 14.0, 'digitalUsage': 21.3, 'productUsage': 4.0, 'recency': 19.3, 'servicePenalty': 0.0}",1,False,False,False,False,0,0,0,0.0,85.1,3.0,2.0,486.4,47,341484,613,10,1
CUST-1222,3446.22,14338.14,200.0,72934.11,1.203,2254.5,40956.74,18.17,4,11,-0.18,71.2,Engaged,"{'transactionFrequency': 22.7, 'digitalUsage': 21.8, 'productUsage': 8.0, 'recency': 18.7, 'servicePenalty': 0.0}",2,True,False,False,False,0,0,0,0.0,87.2,10.2,3.7,446.6,32,1881068,698,69,0
CUST-1223,415690.88,444446.69,415690.88,473371.88,0.044,2119.1,29667.43,14.0,2,9,0.606,65.7,Engaged,"{'transactionFrequency': 17.5, 'digitalUsage': 20.8, 'productUsage': 12.0, 'recency': 19.3, 'servicePenalty': 4.0}",3,True,False,True,False,3,2,0,42.0,83.3,7.0,3.7,475.8,21,1359428,718,9,0
CUST-1224,200.0,946.46,200.0,5548.25,1.609,2830.85,17928.75,6.33,62,0,-0.75,19.4,Dormant,"{'transactionFrequency': 7.9, 'digitalUsage': 12.5, 'productUsage': 4.0, 'recency': 0.0, 'servicePenalty': 5.0}",1,False,False,False,False,1,0,1,0.0,50.0,3.0,0.0,282.3,48,250000,675,5,1
CUST-1225,210548.2,287961.74,210548.2,364360.23,0.165,2180.16,47600.24,21.83,1,15,-0.015,77.1,Engaged,"{'transactionFrequency': 25.0, 'digitalUsage': 16.4, 'productUsage': 16.0, 'recency': 19.7, 'servicePenalty': 0.0}",4,True,True,True,False,2,0,0,107.5,65.6,4.8,3.7,542.5,27,250000,848,11,0
CUST-1226,4711.11,7518.82,200.0,44142.8,1.334,2619.44,72034.49,27.5,1,22,0.141,78.6,Engaged,"{'transactionFrequency': 25.0, 'digitalUsage': 22.0, 'productUsage': 12.0, 'recency': 19.7, 'servicePenalty': 0.0}",3,False,False,True,True,1,0,0,90.0,87.9,13.2,3.2,461.6,45,351259,698,51,0
CUST-1227,159590.38,249449.59,159590.38,322670.45,0.203,2138.27,38488.83,18.0,1,17,0.0,77.4,Engaged,"{'transactionFrequency': 22.5, 'digitalUsage': 19.2, 'productUsage': 16.0, 'recency': 19.7, 'servicePenalty': 0.0}",4,True,False,True,True,0,0,0,0.0,76.9,6.0,3.2,581.9,43,273454,681,3,0
CUST-1228,601.37,16110.4,200.0,45831.89,1.118,2326.59,41103.13,17.67,1,13,0.204,74.0,Engaged,"{'transactionFrequency': 22.1, 'digitalUsage': 20.3, 'productUsage': 12.0, 'recency': 19.7, 'servicePenalty': 0.0}",3,True,True,False,False,0,0,0,0.0,81.1,10.0,1.7,449.6,37,404057,689,14,0
CUST-1229,200.0,14740.06,200.0,53636.38,1.232,2397.79,29972.38,12.5,8,11,-0.167,60.0,Engaged,"{'transactionFrequency': 15.6, 'digitalUsage': 19.0, 'productUsage': 8.0, 'recency': 17.3, 'servicePenalty': 0.0}",2,True,False,False,False,0,0,0,0.0,76.0,2.7,3.2,519.5,35,343882,705,18,0
CUST-1230,4076.35,1673.19,200.0,7553.83,1.185,2508.23,10868.98,4.33,2,1,-0.783,52.9,At Risk,"{'transactionFrequency': 5.4, 'digitalUsage': 20.2, 'productUsage': 8.0, 'recency': 19.3, 'servicePenalty': 0.0}",2,False,False,True,False,1,0,0,19.0,80.8,3.8,3.3,496.8,50,372523,565,7,1
CUST-1231,138777.59,206791.83,138777.59,289667.59,0.209,2624.25,43300.13,16.5,4,8,-0.13,69.0,Engaged,"{'transactionFrequency': 20.6, 'digitalUsage': 21.7, 'productUsage': 8.0, 'recency': 18.7, 'servicePenalty': 0.0}",2,False,True,False,False,0,0,0,0.0,86.9,7.2,2.8,502.7,53,717718,548,130,0
CUST-1232,48677.18,89526.21,46407.41,133153.92,0.293,2414.89,30991.04,12.83,1,9,0.324,60.6,Engaged,"{'transactionFrequency': 16.0, 'digitalUsage': 16.9, 'productUsage': 8.0, 'recency': 19.7, 'servicePenalty': 0.0}",2,False,False,True,False,0,0,0,0.0,67.5,6.3,5.8,519.8,27,897441,705,52,0
CUST-1233,233261.21,341861.31,233261.21,444405.85,0.166,2323.16,58079.03,25.0,3,18,-0.123,73.3,Engaged,"{'transactionFrequency': 25.0, 'digitalUsage': 21.3, 'productUsage': 8.0, 'recency': 19.0, 'servicePenalty': 0.0}",2,True,False,False,False,0,0,0,0.0,85.3,9.7,4.2,489.2,47,385070,668,47,0
CUST-1234,43885.19,65152.82,37058.23,80362.16,0.132,1966.36,20646.78,10.5,4,12,0.031,61.7,Engaged,"{'transactionFrequency': 13.1, 'digitalUsage': 15.9, 'productUsage': 16.0, 'recency': 18.7, 'servicePenalty': 2.0}",4,True,True,True,False,2,1,0,52.0,63.5,3.3,2.2,466.1,51,363078,727,10,0
CUST-1235,10141.51,10922.49,200.0,54014.76,1.618,2480.5,71934.43,29.0,1,19,0.023,74.3,Engaged,"{'transactionFrequency': 25.0, 'digitalUsage': 17.7, 'productUsage': 12.0, 'recency': 19.7, 'servicePenalty': 0.0}",3,True,False,False,True,0,0,0,0.0,70.7,7.8,3.7,526.1,24,410001,777,69,0
CUST-1236,172463.01,236955.54,172463.01,299926.9,0.156,2483.96,66238.83,26.67,2,19,0.132,74.7,Engaged,"{'transactionFrequency': 25.0, 'digitalUsage': 22.4, 'productUsage': 8.0, 'recency': 19.3, 'servicePenalty': 0.0}",2,False,False,True,False,0,0,0,0.0,89.4,9.2,7.7,420.0,34,400715,639,52,0
CUST-1237,13120.79,63880.75,13120.79,102838.26,0.306,2202.72,22761.42,10.33,1,12,0.37,59.2,At Risk,"{'transactionFrequency': 12.9, 'digitalUsage': 20.6, 'productUsage': 8.0, 'recency': 19.7, 'servicePenalty': 2.0}",2,False,False,True,False,1,1,0,42.0,82.3,6.5,3.2,515.1,42,319815,706,116,0
CUST-1238,3834.5,4444.96,200.0,11490.62,0.697,2121.19,6363.57,3.0,6,1,-0.824,42.4,At Risk,"{'transactionFrequency': 3.8, 'digitalUsage': 16.7, 'productUsage': 4.0, 'recency': 18.0, 'servicePenalty': 0.0}",1,False,False,False,False,1,0,0,58.0,66.7,5.5,1.5,469.8,21,299008,593,3,1
CUST-1239,3481.37,5611.03,200.0,19077.97,0.862,2337.57,19090.16,8.17,22,1,-0.725,37.7,Dormant,"{'transactionFrequency': 10.2, 'digitalUsage': 16.8, 'productUsage': 8.0, 'recency': 12.7, 'servicePenalty': 10.0}",2,True,False,False,False,4,3,3,28.0,67.3,3.3,1.2,591.2,43,315486,697,67,1
CUST-1240,2108.89,3450.49,200.0,21445.0,1.414,1978.98,16161.63,8.17,66,0,-0.725,29.6,Dormant,"{'transactionFrequency': 10.2, 'digitalUsage': 21.4, 'productUsage': 8.0, 'recency': 0.0, 'servicePenalty': 10.0}",2,True,False,False,False,4,2,4,0.0,85.7,5.5,0.5,439.3,37,618604,525,4,1
CUST-1241,4009.16,32898.5,200.0,90902.02,0.883,1779.8,43308.55,24.33,1,19,0.0,80.4,Highly Engaged,"{'transactionFrequency': 25.0, 'digitalUsage': 19.7, 'productUsage': 16.0, 'recency': 19.7, 'servicePenalty': 0.0}",4,True,True,True,False,1,0,0,17.0,78.8,7.7,2.8,639.7,31,785626,695,42,0
CUST-1242,1077.84,6655.03,200.0,36872.2,1.451,2401.98,48439.98,20.17,1,17,0.085,67.3,Engaged,"{'transactionFrequency': 25.0, 'digitalUsage': 18.6, 'productUsage': 4.0, 'recency': 19.7, 'servicePenalty': 0.0}",1,False,False,False,False,0,0,0,0.0,74.4,4.8,3.5,518.9,44,639320,687,95,0
CUST-1243,4876.86,1810.04,200.0,8926.09,1.379,2268.54,26844.39,11.83,25,1,-0.447,42.5,At Risk,"{'transactionFrequency': 14.8, 'digitalUsage': 19.0, 'productUsage': 4.0, 'recency': 11.7, 'servicePenalty': 7.0}",1,False,False,False,False,1,1,1,0.0,76.1,5.3,1.7,459.6,23,289667,689,12,1
CUST-1244,1942.85,2368.72,200.0,19700.44,1.419,2312.21,45858.74,19.83,1,12,0.283,69.1,Engaged,"{'transactionFrequency': 24.8, 'digitalUsage': 16.6, 'productUsage': 8.0, 'recency': 19.7, 'servicePenalty': 0.0}",2,True,False,False,False,0,0,0,0.0,66.4,0.7,0.5,361.0,52,309651,776,38,0
CUST-1245,200.0,766.61,200.0,3984.03,1.268,2564.72,17525.58,6.83,49,0,-0.735,34.3,Dormant,"{'transactionFrequency': 8.5, 'digitalUsage': 20.1, 'productUsage': 12.0, 'recency': 3.7, 'servicePenalty': 10.0}",3,True,True,False,False,3,1,3,0.0,80.5,4.5,1.5,434.6,21,250000,750,4,1
CUST-1246,3651.52,15581.2,200.0,48430.38,0.887,2306.79,16147.56,7.0,4,8,-0.308,58.3,At Risk,"{'transactionFrequency': 8.8, 'digitalUsage': 14.9, 'productUsage': 16.0, 'recency': 18.7, 'servicePenalty': 0.0}",4,True,False,True,True,0,0,0,0.0,59.5,5.2,3.8,515.8,27,342448,685,4,0
CUST-1247,200.0,2201.37,200.0,13155.45,1.527,2308.06,30389.5,13.17,11,3,-0.5,58.2,At Risk,"{'transactionFrequency': 16.5, 'digitalUsage': 17.4, 'productUsage': 8.0, 'recency': 16.3, 'servicePenalty': 0.0}",2,False,False,True,False,0,0,0,0.0,69.6,3.2,1.3,396.0,33,896060,768,7,1
CUST-1248,119039.6,127386.18,93868.46,180089.86,0.211,2207.27,37891.44,17.17,3,13,-0.091,74.5,Engaged,"{'transactionFrequency': 21.5, 'digitalUsage': 22.1, 'productUsage': 12.0, 'recency': 19.0, 'servicePenalty': 0.0}",3,True,False,False,True,0,0,0,0.0,88.3,8.7,1.3,576.3,42,250000,681,11,0
CUST-1249,328.78,3410.59,200.0,15106.8,1.159,2142.14,32489.19,15.17,2,13,-0.176,71.2,Engaged,"{'transactionFrequency': 19.0, 'digitalUsage': 20.9, 'productUsage': 12.0, 'recency': 19.3, 'servicePenalty': 0.0}",3,True,False,True,False,0,0,0,0.0,83.5,7.8,2.7,504.9,36,301422,646,32,0
CUST-1250,1019150.78,1102798.69,1017199.4,1166840.63,0.042,2392.55,42268.39,17.67,1,17,0.512,78.5,Engaged,"{'transactionFrequency': 22.1, 'digitalUsage': 20.8, 'productUsage': 16.0, 'recency': 19.7, 'servicePenalty': 0.0}",4,True,False,True,True,0,0,0,0.0,83.0,6.7,3.8,468.1,37,711341,822,3,0
CUST-1251,1740.83,6750.48,200.0,37551.47,1.508,2455.13,22914.54,9.33,5,10,-0.242,59.0,At Risk,"{'transactionFrequency': 11.7, 'digitalUsage': 17.0, 'productUsage': 12.0, 'recency': 18.3, 'servicePenalty': 0.0}",3,True,True,False,False,0,0,0,0.0,67.9,2.7,4.2,319.7,34,399435,609,39,0
CUST-1252,51169.31,77693.62,47697.5,109514.21,0.211,2124.54,39304.03,18.5,1,12,-0.177,74.0,Engaged,"{'transactionFrequency': 23.1, 'digitalUsage': 23.2, 'productUsage': 8.0, 'recency': 19.7, 'servicePenalty': 0.0}",2,True,False,False,False,1,0,0,74.0,92.8,8.5,2.8,507.0,34,679565,735,49,0
CUST-1253,50816.51,80716.72,50450.33,123268.92,0.297,2346.61,31679.26,13.5,1,8,-0.024,67.4,Engaged,"{'transactionFrequency': 16.9, 'digitalUsage': 14.8, 'productUsage': 16.0, 'recency': 19.7, 'servicePenalty': 0.0}",4,True,True,True,False,1,0,0,52.0,59.3,1.3,0.5,290.8,47,1565190,850,29,0
CUST-1254,2152.57,22215.69,200.0,84221.3,1.168,2588.36,28471.91,11.0,1,10,0.0,69.9,Engaged,"{'transactionFrequency': 13.8, 'digitalUsage': 20.4, 'productUsage': 16.0, 'recency': 19.7, 'servicePenalty': 0.0}",4,True,True,True,False,0,0,0,0.0,81.8,7.3,3.2,421.0,33,376273,644,41,0
CUST-1255,2596.57,49758.02,2529.05,100673.06,0.559,2024.55,34417.32,17.0,5,8,-0.109,71.7,Engaged,"{'transactionFrequency': 21.2, 'digitalUsage': 20.1, 'productUsage': 12.0, 'recency': 18.3, 'servicePenalty': 0.0}",3,False,True,True,False,0,0,0,0.0,80.4,7.5,4.3,519.5,33,250000,776,38,0
CUST-1256,3492.06,2104.02,200.0,10894.46,0.931,2102.42,16819.35,8.0,11,1,-0.571,46.5,At Risk,"{'transactionFrequency': 10.0, 'digitalUsage': 16.1, 'productUsage': 4.0, 'recency': 16.3, 'servicePenalty': 0.0}",1,False,False,False,False,0,0,0,0.0,64.6,4.2,0.8,499.4,47,700771,692,3,1
CUST-1257,359752.64,432232.47,358741.13,524509.29,0.119,2177.05,43178.18,19.83,2,11,0.051,63.4,Engaged,"{'transactionFrequency': 24.8, 'digitalUsage': 15.3, 'productUsage': 4.0, 'recency': 19.3, 'servicePenalty': 0.0}",1,False,False,False,False,0,0,0,0.0,61.3,3.5,1.2,536.2,24,392715,622,69,0
CUST-1258,587.33,12696.48,200.0,43437.03,1.186,2730.48,22298.96,8.17,41,0,-0.3,36.4,Dormant,"{'transactionFrequency': 10.2, 'digitalUsage': 15.8, 'productUsage': 4.0, 'recency': 6.3, 'servicePenalty': 0.0}",1,False,False,False,False,0,0,0,0.0,63.3,2.3,0.3,547.2,45,884477,772,10,1
CUST-1259,2839.61,49559.41,200.0,109802.48,0.624,2485.47,67107.79,27.0,1,19,0.31,82.0,Highly Engaged,"{'transactionFrequency': 25.0, 'digitalUsage': 21.3, 'productUsage': 16.0, 'recency': 19.7, 'servicePenalty': 0.0}",4,True,True,False,True,0,0,0,0.0,85.2,8.7,3.8,500.1,33,254653,776,55,0
CUST-1260,15206.68,62808.79,15206.68,95440.47,0.428,2314.4,26229.87,11.33,7,10,0.414,65.1,Engaged,"{'transactionFrequency': 14.2, 'digitalUsage': 17.3, 'productUsage': 16.0, 'recency': 17.7, 'servicePenalty': 0.0}",4,True,False,True,True,0,0,0,0.0,69.1,3.8,1.2,500.4,45,1008339,787,83,0
CUST-1261,200.0,2130.12,200.0,6298.01,1.085,2728.92,16828.33,6.17,36,0,-0.655,41.7,At Risk,"{'transactionFrequency': 7.7, 'digitalUsage': 20.9, 'productUsage': 12.0, 'recency': 8.0, 'servicePenalty': 7.0}",3,False,False,True,True,1,1,1,0.0,83.8,4.2,1.7,439.1,47,250000,663,8,1
CUST-1262,407.45,3572.15,200.0,18582.68,1.63,2796.42,14448.18,5.17,70,0,-0.862,19.8,Dormant,"{'transactionFrequency': 6.5, 'digitalUsage': 15.3, 'productUsage': 8.0, 'recency': 0.0, 'servicePenalty': 10.0}",2,True,False,False,False,4,1,3,110.0,61.3,2.3,0.5,454.8,41,444097,649,32,1
CUST-1263,200.0,2561.32,200.0,13284.33,1.219,2321.05,17407.88,7.5,17,2,-0.379,46.4,At Risk,"{'transactionFrequency': 9.4, 'digitalUsage': 21.7, 'productUsage': 8.0, 'recency': 14.3, 'servicePenalty': 7.0}",2,True,False,False,False,1,1,1,0.0,86.7,3.5,2.0,524.5,30,528889,713,35,1
CUST-1264,189419.39,231979.43,187453.09,326275.9,0.175,2221.95,51104.74,23.0,3,14,0.029,80.8,Highly Engaged,"{'transactionFrequency': 25.0, 'digitalUsage': 20.8, 'productUsage': 16.0, 'recency': 19.0, 'servicePenalty': 0.0}",4,True,True,False,True,0,0,0,0.0,83.3,10.0,3.5,484.1,40,526116,707,3,0
CUST-1265,1030027.48,1067609.83,1024576.65,1105051.82,0.023,2358.22,34980.22,14.83,1,12,0.22,63.8,Engaged,"{'transactionFrequency': 18.5, 'digitalUsage': 21.6, 'productUsage': 4.0, 'recency': 19.7, 'servicePenalty': 0.0}",1,False,False,False,False,0,0,0,0.0,86.5,7.5,3.2,483.0,43,492565,773,84,0
CUST-1266,200.0,8329.83,200.0,43087.64,1.349,2500.13,60836.52,24.33,4,13,-0.15,71.5,Engaged,"{'transactionFrequency': 25.0, 'digitalUsage': 19.9, 'productUsage': 8.0, 'recency': 18.7, 'servicePenalty': 0.0}",2,True,False,False,False,0,0,0,0.0,79.5,7.0,4.5,533.2,22,356074,800,3,0
CUST-1267,145984.96,220441.51,144373.11,283842.09,0.181,2431.92,46206.45,19.0,2,12,0.035,73.9,Engaged,"{'transactionFrequency': 23.8, 'digitalUsage': 18.9, 'productUsage': 12.0, 'recency': 19.3, 'servicePenalty': 0.0}",3,True,False,True,False,0,0,0,0.0,75.4,8.2,3.3,546.6,22,1108973,769,3,0
CUST-1268,17934.53,7073.26,200.0,22111.29,0.994,2512.36,34335.54,13.67,10,1,-0.6,57.9,At Risk,"{'transactionFrequency': 17.1, 'digitalUsage': 20.1, 'productUsage': 4.0, 'recency': 16.7, 'servicePenalty': 0.0}",1,False,False,False,False,0,0,0,0.0,80.5,5.2,3.0,375.9,46,377581,598,3,1
CUST-1269,62352.41,107053.45,55550.7,153098.11,0.254,2387.97,35421.49,14.83,2,11,0.275,58.7,At Risk,"{'transactionFrequency': 18.5, 'digitalUsage': 16.9, 'productUsage': 12.0, 'recency': 19.3, 'servicePenalty': 8.0}",3,False,True,True,False,4,4,0,79.0,67.4,4.3,0.2,384.3,33,376540,762,39,0
CUST-1270,200.0,23949.7,200.0,83300.19,1.152,2393.27,62224.98,26.0,1,18,0.026,74.9,Engaged,"{'transactionFrequency': 25.0, 'digitalUsage': 18.3, 'productUsage': 12.0, 'recency': 19.7, 'servicePenalty': 0.0}",3,False,True,True,False,0,0,0,0.0,73.1,4.0,2.3,388.5,33,845878,827,3,0
CUST-1271,352331.71,460138.2,352331.71,542038.3,0.124,2784.23,59861.04,21.5,2,20,0.079,74.6,Engaged,"{'transactionFrequency': 25.0, 'digitalUsage': 22.3, 'productUsage': 8.0, 'recency': 19.3, 'servicePenalty': 0.0}",2,False,True,False,False,0,0,0,0.0,89.1,9.0,4.8,484.1,57,480341,630,8,0
CUST-1272,200.0,19820.59,200.0,76602.4,1.218,2440.95,41496.17,17.0,4,10,0.039,64.7,Engaged,"{'transactionFrequency': 21.2, 'digitalUsage': 22.8, 'productUsage': 4.0, 'recency': 18.7, 'servicePenalty': 2.0}",1,False,False,False,False,2,1,0,24.5,91.2,9.3,4.7,533.7,37,426652,841,12,0
CUST-1273,8542.26,6401.98,200.0,35300.36,1.158,2651.25,50815.69,19.17,4,10,-0.461,75.1,Engaged,"{'transactionFrequency': 24.0, 'digitalUsage': 20.4, 'productUsage': 12.0, 'recency': 18.7, 'servicePenalty': 0.0}",3,False,True,True,False,0,0,0,0.0,81.7,8.3,2.2,577.1,39,1112032,719,122,0
CUST-1274,5129.14,7792.22,200.0,17159.92,0.691,2636.07,19331.15,7.33,8,2,-0.686,49.4,At Risk,"{'transactionFrequency': 9.2, 'digitalUsage': 19.9, 'productUsage': 8.0, 'recency': 17.3, 'servicePenalty': 5.0}",2,False,False,True,False,1,0,1,0.0,79.5,4.8,1.5,510.4,31,981512,708,3,1
CUST-1275,68397.11,119725.87,65151.37,173657.2,0.275,2823.6,34824.43,12.33,8,8,0.0,72.7,Engaged,"{'transactionFrequency': 15.4, 'digitalUsage': 24.0, 'productUsage': 16.0, 'recency': 17.3, 'servicePenalty': 0.0}",4,True,True,True,False,0,0,0,0.0,95.9,11.3,5.2,523.0,26,375660,596,71,0
CUST-1276,200.0,3986.67,200.0,28483.74,1.819,2570.37,21419.76,8.33,4,4,0.167,65.6,Engaged,"{'transactionFrequency': 10.4, 'digitalUsage': 22.5, 'productUsage': 16.0, 'recency': 18.7, 'servicePenalty': 2.0}",4,True,True,False,True,1,1,0,73.0,90.0,6.8,5.3,558.7,43,250000,633,3,0
CUST-1277,10958.94,26228.59,200.0,69457.89,0.892,2380.71,31742.82,13.33,1,13,0.05,69.9,Engaged,"{'transactionFrequency': 16.7, 'digitalUsage': 21.6, 'productUsage': 12.0, 'recency': 19.7, 'servicePenalty': 0.0}",3,True,False,True,False,0,0,0,0.0,86.2,10.3,5.7,510.8,37,506460,739,110,0
CUST-1278,200.0,1942.12,200.0,5641.87,0.984,2279.8,14818.7,6.5,11,2,-0.586,53.9,At Risk,"{'transactionFrequency': 8.1, 'digitalUsage': 22.4, 'productUsage': 12.0, 'recency': 16.3, 'servicePenalty': 5.0}",3,False,True,False,True,2,0,1,40.0,89.7,4.8,2.5,581.4,25,724161,721,3,1
CUST-1279,14899.66,53729.38,14899.66,85614.22,0.382,2242.69,22053.13,9.83,1,5,0.033,62.3,Engaged,"{'transactionFrequency': 12.3, 'digitalUsage': 20.4, 'productUsage': 12.0, 'recency': 19.7, 'servicePenalty': 2.0}",3,True,False,True,False,1,1,0,82.0,81.4,4.0,0.0,401.5,37,864204,733,7,0
CUST-1280,340.08,9987.89,200.0,65416.57,1.917,2543.81,52572.04,20.67,4,13,0.0,75.4,Engaged,"{'transactionFrequency': 25.0, 'digitalUsage': 19.8, 'productUsage': 12.0, 'recency': 18.7, 'servicePenalty': 0.0}",3,True,False,False,True,1,0,0,10.0,79.0,8.2,3.3,494.0,37,380119,747,3,0
CUST-1281,200.0,2002.68,200.0,21351.9,1.898,2236.26,48824.91,21.83,4,12,0.078,77.0,Engaged,"{'transactionFrequency': 25.0, 'digitalUsage': 21.4, 'productUsage': 12.0, 'recency': 18.7, 'servicePenalty': 0.0}",3,False,True,True,False,0,0,0,0.0,85.5,7.3,1.7,475.9,54,1277966,618,5,0
CUST-1282,37840.66,55099.96,28217.2,84782.17,0.267,2298.66,26817.72,11.67,5,9,-0.154,61.7,Engaged,"{'transactionFrequency': 14.6, 'digitalUsage': 16.8, 'productUsage': 12.0, 'recency': 18.3, 'servicePenalty': 0.0}",3,False,False,True,True,0,0,0,0.0,67.1,2.8,1.7,430.3,26,769633,606,25,0
CUST-1283,953.7,38657.21,200.0,117340.89,0.914,2761.96,48334.28,17.5,4,12,0.058,75.1,Engaged,"{'transactionFrequency': 21.9, 'digitalUsage': 18.6, 'productUsage': 16.0, 'recency': 18.7, 'servicePenalty': 0.0}",4,True,True,True,False,0,0,0,0.0,74.3,6.3,3.3,464.6,50,420980,699,24,0
CUST-1284,101650.65,139606.74,101650.65,165216.47,0.108,2010.52,34178.89,17.0,1,11,0.311,67.3,Engaged,"{'transactionFrequency': 21.2, 'digitalUsage': 18.4, 'productUsage': 8.0, 'recency': 19.7, 'servicePenalty': 0.0}",2,False,False,True,False,0,0,0,0.0,73.5,2.2,1.3,567.5,52,1137394,684,89,0
CUST-1285,8644.86,7592.61,200.0,35816.13,1.29,2281.09,34976.73,15.33,6,10,-0.042,65.5,Engaged,"{'transactionFrequency': 19.2, 'digitalUsage': 20.4, 'productUsage': 8.0, 'recency': 18.0, 'servicePenalty': 0.0}",2,True,False,False,False,0,0,0,0.0,81.5,5.8,1.8,498.5,36,503235,740,16,0
CUST-1286,1830.21,18912.75,200.0,75769.02,1.303,2469.65,41572.52,16.83,2,9,-0.339,63.4,Engaged,"{'transactionFrequency': 21.0, 'digitalUsage': 19.1, 'productUsage': 4.0, 'recency': 19.3, 'servicePenalty': 0.0}",1,False,False,False,False,0,0,0,0.0,76.2,5.3,2.3,516.9,27,250000,688,93,0
CUST-1287,90073.48,139731.18,90073.48,167070.61,0.165,2381.71,24214.09,10.17,1,10,0.625,56.9,At Risk,"{'transactionFrequency': 12.7, 'digitalUsage': 20.5, 'productUsage': 8.0, 'recency': 19.7, 'servicePenalty': 4.0}",2,False,False,False,True,2,2,0,52.5,82.0,5.5,1.8,525.8,32,270542,717,34,0
CUST-1288,248588.21,323219.48,248588.21,404672.55,0.148,2416.68,47930.91,19.83,2,12,-0.194,72.6,Engaged,"{'transactionFrequency': 24.8, 'digitalUsage': 18.5, 'productUsage': 12.0, 'recency': 19.3, 'servicePenalty': 2.0}",3,False,True,False,True,1,1,0,43.0,73.9,6.7,2.0,559.3,32,250000,626,13,0
CUST-1289,95004.58,172138.17,95004.58,255224.09,0.309,2148.51,47267.17,22.0,2,17,-0.029,76.0,Engaged,"{'transactionFrequency': 25.0, 'digitalUsage': 23.7, 'productUsage': 8.0, 'recency': 19.3, 'servicePenalty': 0.0}",2,True,False,False,False,0,0,0,0.0,94.7,8.7,3.0,506.7,43,346133,793,98,0
CUST-1290,19096.18,79546.51,19096.18,111880.65,0.313,2320.56,29393.74,12.67,1,12,0.0,61.6,Engaged,"{'transactionFrequency': 15.8, 'digitalUsage': 18.1, 'productUsage': 12.0, 'recency': 19.7, 'servicePenalty': 4.0}",3,True,False,False,True,3,2,0,56.7,72.4,5.2,2.2,483.2,28,250000,698,140,0
CUST-1291,611731.54,673477.51,611731.54,719606.78,0.041,2513.31,31416.41,12.5,1,12,0.484,62.6,Engaged,"{'transactionFrequency': 15.6, 'digitalUsage': 17.3, 'productUsage': 12.0, 'recency': 19.7, 'servicePenalty': 2.0}",3,True,False,True,False,1,1,0,39.0,69.3,6.2,1.3,468.4,43,869585,736,39,0
CUST-1292,50844.91,64200.75,34339.84,91335.92,0.253,3006.9,30069.04,10.0,1,4,0.0,57.7,At Risk,"{'transactionFrequency': 12.5, 'digitalUsage': 17.5, 'productUsage': 8.0, 'recency': 19.7, 'servicePenalty': 0.0}",2,False,False,True,False,0,0,0,0.0,70.0,3.8,1.8,457.2,45,687357,741,3,0
CUST-1293,200.0,6560.5,200.0,37804.27,1.554,2171.42,60437.96,27.83,2,18,0.113,72.9,Engaged,"{'transactionFrequency': 25.0, 'digitalUsage': 18.6, 'productUsage': 12.0, 'recency': 19.3, 'servicePenalty': 2.0}",3,False,True,False,True,2,1,0,72.0,74.3,7.5,3.0,586.0,21,836486,665,15,0
CUST-1294,200.0,9306.81,200.0,51141.75,1.314,2404.39,48889.22,20.33,1,14,-0.149,78.6,Engaged,"{'transactionFrequency': 25.0, 'digitalUsage': 21.9, 'productUsage': 12.0, 'recency': 19.7, 'servicePenalty': 0.0}",3,False,False,True,True,2,0,0,87.0,87.7,7.7,2.7,542.6,25,686294,726,20,0
CUST-1295,256883.33,302787.66,256883.33,340899.12,0.075,2103.93,32961.6,15.67,2,12,-0.08,67.1,Engaged,"{'transactionFrequency': 19.6, 'digitalUsage': 20.2, 'productUsage': 8.0, 'recency': 19.3, 'servicePenalty': 0.0}",2,False,True,False,False,0,0,0,0.0,80.9,6.3,3.8,643.6,21,1207690,645,62,0
CUST-1296,200.0,5412.41,200.0,37325.08,1.859,2330.24,22914.02,9.83,1,2,-0.644,59.0,At Risk,"{'transactionFrequency': 12.3, 'digitalUsage': 19.1, 'productUsage': 8.0, 'recency': 19.7, 'servicePenalty': 0.0}",2,True,False,False,False,0,0,0,0.0,76.3,4.7,1.7,390.3,52,1092897,663,3,1
CUST-1297,158362.37,172840.97,148203.7,204026.09,0.115,2688.88,34507.25,12.83,8,9,0.026,63.9,Engaged,"{'transactionFrequency': 16.0, 'digitalUsage': 18.5, 'productUsage': 12.0, 'recency': 17.3, 'servicePenalty': 0.0}",3,True,False,True,False,0,0,0,0.0,74.0,7.0,5.0,430.8,51,369693,667,45,0
CUST-1298,77423.83,165305.55,76292.74,256200.02,0.304,2129.38,60687.36,28.5,3,15,-0.12,77.9,Engaged,"{'transactionFrequency': 25.0, 'digitalUsage': 21.9, 'productUsage': 12.0, 'recency': 19.0, 'servicePenalty': 0.0}",3,True,False,False,True,1,0,0,23.0,87.7,8.8,3.2,514.8,28,737656,674,28,0
CUST-1299,57242.0,78706.21,55224.57,105555.45,0.22,2081.86,18389.77,8.83,10,6,0.115,61.2,Engaged,"{'transactionFrequency': 11.0, 'digitalUsage': 17.4, 'productUsage': 16.0, 'recency': 16.7, 'servicePenalty': 0.0}",4,True,True,False,True,0,0,0,0.0,69.8,4.2,2.8,573.4,38,2263683,798,12,0
CUST-1300,200.0,23783.82,200.0,58991.31,0.952,2170.16,44126.61,20.33,2,13,0.138,72.0,Engaged,"{'transactionFrequency': 25.0, 'digitalUsage': 19.7, 'productUsage': 8.0, 'recency': 19.3, 'servicePenalty': 0.0}",2,True,False,False,False,0,0,0,0.0,78.7,7.5,3.2,467.5,35,426821,753,35,0
CUST-1301,5944.04,11739.34,200.0,36524.45,1.064,2692.78,36801.27,13.67,3,8,0.211,66.2,Engaged,"{'transactionFrequency': 17.1, 'digitalUsage': 24.1, 'productUsage': 8.0, 'recency': 19.0, 'servicePenalty': 2.0}",2,False,False,True,False,1,1,0,11.0,96.3,11.5,5.5,436.0,43,250000,640,67,0
CUST-1302,210059.85,264213.46,210059.85,328619.44,0.114,2224.38,27804.81,12.5,4,11,0.026,67.0,Engaged,"{'transactionFrequency': 15.6, 'digitalUsage': 20.7, 'productUsage': 12.0, 'recency': 18.7, 'servicePenalty': 0.0}",3,True,False,True,False,1,0,0,107.0,82.7,8.7,6.7,486.0,44,440987,787,22,0
CUST-1303,5755.13,91815.05,200.0,164270.58,0.56,2471.07,48185.92,19.5,3,13,-0.017,78.4,Engaged,"{'transactionFrequency': 24.4, 'digitalUsage': 19.0, 'productUsage': 16.0, 'recency': 19.0, 'servicePenalty': 0.0}",4,True,True,False,True,0,0,0,0.0,76.1,3.7,3.2,535.6,38,320665,746,48,0
CUST-1304,1228322.46,1353260.73,1228322.46,1418627.07,0.042,2845.95,54547.39,19.17,1,18,0.854,74.1,Engaged,"{'transactionFrequency': 24.0, 'digitalUsage': 20.4, 'productUsage': 12.0, 'recency': 19.7, 'servicePenalty': 2.0}",3,False,True,True,False,2,1,0,37.0,81.7,5.5,7.5,514.7,50,723656,802,62,0
CUST-1305,200.0,9911.81,200.0,37727.45,1.227,2342.93,30067.59,12.83,1,9,-0.073,69.9,Engaged,"{'transactionFrequency': 16.0, 'digitalUsage': 18.2, 'productUsage': 16.0, 'recency': 19.7, 'servicePenalty': 0.0}",4,True,True,False,True,0,0,0,0.0,72.7,8.3,4.7,448.8,30,341611,646,18,0
CUST-1306,200.0,23653.02,200.0,78493.58,1.052,2309.68,46578.47,20.17,1,14,0.365,79.6,Engaged,"{'transactionFrequency': 25.0, 'digitalUsage': 22.9, 'productUsage': 12.0, 'recency': 19.7, 'servicePenalty': 0.0}",3,False,True,True,False,0,0,0,0.0,91.7,9.2,3.5,442.2,21,480650,679,20,0
CUST-1307,1387.66,34844.16,200.0,81416.81,0.85,2278.94,34563.85,15.17,2,8,0.067,72.8,Engaged,"{'transactionFrequency': 19.0, 'digitalUsage': 22.5, 'productUsage': 12.0, 'recency': 19.3, 'servicePenalty': 0.0}",3,True,False,True,False,0,0,0,0.0,90.1,8.7,5.2,540.2,46,1230665,706,128,0
CUST-1308,200.0,8045.67,200.0,51946.29,1.696,2646.21,48513.93,18.33,1,16,-0.035,72.1,Engaged,"{'transactionFrequency': 22.9, 'digitalUsage': 17.5, 'productUsage': 12.0, 'recency': 19.7, 'servicePenalty': 0.0}",3,True,False,True,False,0,0,0,0.0,70.0,3.7,2.2,493.5,39,789969,621,26,0
CUST-1309,265269.7,314579.24,262495.33,372324.49,0.101,2199.43,27126.28,12.33,1,10,0.111,66.0,Engaged,"{'transactionFrequency': 15.4, 'digitalUsage': 18.9, 'productUsage': 12.0, 'recency': 19.7, 'servicePenalty': 0.0}",3,True,False,True,False,0,0,0,0.0,75.7,2.8,2.7,577.6,46,304531,827,18,0
CUST-1310,200.0,5297.58,200.0,37323.69,1.718,2017.53,29926.62,14.83,2,9,-0.345,72.1,Engaged,"{'transactionFrequency': 18.5, 'digitalUsage': 18.2, 'productUsage': 16.0, 'recency': 19.3, 'servicePenalty': 0.0}",4,True,True,True,False,0,0,0,0.0,73.0,3.3,4.2,474.9,45,760585,697,37,0
CUST-1311,200.0,4079.0,200.0,26673.75,1.749,2149.39,13254.6,6.17,32,0,-0.655,35.6,Dormant,"{'transactionFrequency': 7.7, 'digitalUsage': 17.6, 'productUsage': 8.0, 'recency': 9.3, 'servicePenalty': 7.0}",2,False,False,True,False,1,1,1,0.0,70.3,3.3,1.2,485.7,48,928718,666,15,1
CUST-1312,164234.95,208146.94,154633.02,255003.44,0.146,2284.53,37314.07,16.33,3,11,-0.276,63.8,Engaged,"{'transactionFrequency': 20.4, 'digitalUsage': 20.4, 'productUsage': 4.0, 'recency': 19.0, 'servicePenalty': 0.0}",1,False,False,False,False,0,0,0,0.0,81.6,6.3,2.8,461.6,42,2275305,787,99,0
CUST-1313,592026.0,671388.56,592026.0,715954.08,0.054,2371.5,42686.94,18.0,2,15,0.0,66.9,Engaged,"{'transactionFrequency': 22.5, 'digitalUsage': 21.1, 'productUsage': 4.0, 'recency': 19.3, 'servicePenalty': 0.0}",1,False,False,False,False,0,0,0,0.0,84.3,9.3,5.3,493.8,31,752586,754,9,0
CUST-1314,1215.49,14351.73,200.0,80262.23,1.471,2361.19,54700.85,23.17,1,15,0.074,82.1,Highly Engaged,"{'transactionFrequency': 25.0, 'digitalUsage': 21.4, 'productUsage': 16.0, 'recency': 19.7, 'servicePenalty': 0.0}",4,True,False,True,True,0,0,0,0.0,85.6,10.7,4.8,508.9,48,694227,735,21,0
CUST-1315,11852.25,12236.07,200.0,36639.04,0.825,2619.62,24886.35,9.5,50,0,-0.659,45.2,At Risk,"{'transactionFrequency': 11.9, 'digitalUsage': 18.0, 'productUsage': 12.0, 'recency': 3.3, 'servicePenalty': 0.0}",3,False,True,True,False,0,0,0,0.0,71.9,5.7,1.5,487.7,41,250000,522,8,1
CUST-1316,11904.08,64777.5,11904.08,144761.96,0.53,2130.72,50071.96,23.5,1,19,-0.041,83.0,Highly Engaged,"{'transactionFrequency': 25.0, 'digitalUsage': 22.4, 'productUsage': 16.0, 'recency': 19.7, 'servicePenalty': 0.0}",4,True,True,True,False,0,0,0,0.0,89.4,9.0,3.3,551.7,36,886479,823,47,0
CUST-1317,7296.25,3659.09,200.0,13366.82,0.805,2160.22,24122.49,11.17,35,0,-0.647,47.7,At Risk,"{'transactionFrequency': 14.0, 'digitalUsage': 22.4, 'productUsage': 8.0, 'recency': 8.3, 'servicePenalty': 5.0}",2,True,False,False,False,1,0,1,0.0,89.6,5.8,2.7,488.7,28,426755,736,38,1
CUST-1318,325622.7,371308.9,325622.7,409821.39,0.066,2522.46,27326.66,10.83,1,8,0.393,63.3,Engaged,"{'transactionFrequency': 13.5, 'digitalUsage': 18.1, 'productUsage': 12.0, 'recency': 19.7, 'servicePenalty': 0.0}",3,True,True,False,False,1,0,0,104.0,72.3,4.2,1.8,453.6,35,490148,755,8,0
CUST-1319,200.0,66887.29,200.0,159919.56,0.638,2170.85,53185.72,24.5,1,21,-0.065,71.1,Engaged,"{'transactionFrequency': 25.0, 'digitalUsage': 14.4, 'productUsage': 12.0, 'recency': 19.7, 'servicePenalty': 0.0}",3,True,True,False,False,0,0,0,0.0,57.8,1.8,1.2,563.9,52,830727,720,96,0
CUST-1320,29772.67,41779.07,200.0,84733.91,0.662,2275.58,31478.9,13.83,6,8,0.073,66.6,Engaged,"{'transactionFrequency': 17.3, 'digitalUsage': 19.3, 'productUsage': 16.0, 'recency': 18.0, 'servicePenalty': 4.0}",4,True,False,True,True,3,2,0,57.3,77.1,5.2,2.0,468.5,34,455171,773,12,0
CUST-1321,1056.81,57096.53,200.0,147130.91,0.698,2609.15,55226.94,21.17,1,19,-0.015,72.3,Engaged,"{'transactionFrequency': 25.0, 'digitalUsage': 19.7, 'productUsage': 8.0, 'recency': 19.7, 'servicePenalty': 0.0}",2,False,True,False,False,1,0,0,85.0,78.7,4.7,2.5,608.2,21,539297,850,89,0
CUST-1322,200.0,71282.86,200.0,143264.6,0.53,2477.65,43358.84,17.5,2,12,-0.089,68.0,Engaged,"{'transactionFrequency': 21.9, 'digitalUsage': 18.8, 'productUsage': 8.0, 'recency': 19.3, 'servicePenalty': 0.0}",2,True,False,False,False,0,0,0,0.0,75.2,6.7,0.7,504.0,55,1116324,705,15,0
CUST-1323,200.0,101922.53,200.0,226494.7,0.651,2529.35,76723.56,30.33,1,18,-0.103,74.7,Engaged,"{'transactionFrequency': 25.0, 'digitalUsage': 18.0, 'productUsage': 12.0, 'recency': 19.7, 'servicePenalty': 0.0}",3,True,True,False,False,0,0,0,0.0,72.0,4.3,2.0,517.2,36,450432,810,15,0
CUST-1324,492.14,1570.11,200.0,16383.96,2.035,2476.91,43758.68,17.67,8,11,0.25,70.3,Engaged,"{'transactionFrequency': 22.1, 'digitalUsage': 18.9, 'productUsage': 12.0, 'recency': 17.3, 'servicePenalty': 0.0}",3,False,False,True,True,0,0,0,0.0,75.5,6.7,3.3,460.6,58,515558,762,3,0
CUST-1325,239086.72,249285.82,236273.41,271075.04,0.031,1738.92,8984.44,5.17,21,3,-0.35,50.0,At Risk,"{'transactionFrequency': 6.5, 'digitalUsage': 18.6, 'productUsage': 12.0, 'recency': 13.0, 'servicePenalty': 0.0}",3,False,False,True,True,0,0,0,0.0,74.2,5.8,2.2,592.2,21,725457,659,53,0
CUST-1326,447221.12,485257.26,447221.12,528435.53,0.053,2932.11,30298.46,10.33,6,5,-0.171,58.7,At Risk,"{'transactionFrequency': 12.9, 'digitalUsage': 19.8, 'productUsage': 8.0, 'recency': 18.0, 'servicePenalty': 0.0}",2,True,False,False,False,0,0,0,0.0,79.0,5.2,2.8,484.8,44,794815,829,43,0
CUST-1327,2163.42,4993.38,200.0,18469.73,1.064,2510.72,63604.99,25.33,4,19,-0.075,79.1,Engaged,"{'transactionFrequency': 25.0, 'digitalUsage': 19.4, 'productUsage': 16.0, 'recency': 18.7, 'servicePenalty': 0.0}",4,True,True,True,False,0,0,0,0.0,77.6,7.8,0.5,452.6,48,305426,691,6,0
CUST-1328,1489.09,2085.97,200.0,3888.88,0.822,1375.17,3208.74,2.33,17,1,-0.4,44.9,At Risk,"{'transactionFrequency': 2.9, 'digitalUsage': 19.6, 'productUsage': 8.0, 'recency': 14.3, 'servicePenalty': 0.0}",2,False,False,True,False,0,0,0,0.0,78.6,3.3,2.3,558.9,39,288794,573,3,1
CUST-1329,3635.59,81371.32,3635.59,147669.86,0.485,2120.95,48074.81,22.67,4,14,-0.275,77.1,Engaged,"{'transactionFrequency': 25.0, 'digitalUsage': 17.5, 'productUsage': 16.0, 'recency': 18.7, 'servicePenalty': 0.0}",4,True,True,True,False,0,0,0,0.0,69.9,4.3,1.8,499.6,46,444015,738,3,0
CUST-1330,200.0,52901.22,200.0,104987.95,0.621,2297.08,33690.48,14.67,7,12,-0.302,61.6,Engaged,"{'transactionFrequency': 18.3, 'digitalUsage': 19.6, 'productUsage': 8.0, 'recency': 17.7, 'servicePenalty': 2.0}",2,False,True,False,False,1,1,0,15.0,78.4,6.5,2.8,548.4,42,432224,680,39,0
CUST-1331,200.0,15150.94,200.0,74445.34,1.22,2583.61,47796.78,18.5,1,14,-0.362,74.4,Engaged,"{'transactionFrequency': 23.1, 'digitalUsage': 19.6, 'productUsage': 12.0, 'recency': 19.7, 'servicePenalty': 0.0}",3,True,False,True,False,1,0,0,48.0,78.4,4.3,1.5,463.3,35,250000,683,14,0
CUST-1332,2022.85,36750.07,200.0,94695.73,0.773,2691.55,39027.46,14.5,1,13,0.282,61.1,Engaged,"{'transactionFrequency': 18.1, 'digitalUsage': 21.3, 'productUsage': 8.0, 'recency': 19.7, 'servicePenalty': 6.0}",2,False,False,True,False,4,3,0,30.0,85.1,9.0,2.0,562.0,30,374710,771,54,0
CUST-1333,200.0,24218.62,200.0,61651.83,0.815,2214.65,28052.17,12.67,4,9,-0.05,61.6,Engaged,"{'transactionFrequency': 15.8, 'digitalUsage': 19.1, 'productUsage': 8.0, 'recency': 18.7, 'servicePenalty': 0.0}",2,False,False,False,True,0,0,0,0.0,76.3,10.5,0.8,382.3,49,438632,617,48,0
CUST-1334,7163.04,1982.96,200.0,22166.65,1.704,2340.88,51109.12,21.83,1,13,-0.127,79.9,Engaged,"{'transactionFrequency': 25.0, 'digitalUsage': 23.3, 'productUsage': 12.0, 'recency': 19.7, 'servicePenalty': 0.0}",3,True,False,True,False,0,0,0,0.0,93.1,6.7,4.8,512.9,35,1265699,574,43,0
CUST-1335,1700.85,15281.51,200.0,71548.0,1.535,2346.14,42230.52,18.0,1,14,0.075,76.2,Engaged,"{'transactionFrequency': 22.5, 'digitalUsage': 22.0, 'productUsage': 12.0, 'recency': 19.7, 'servicePenalty': 0.0}",3,False,True,True,False,0,0,0,0.0,88.0,8.7,4.0,602.0,40,312327,790,23,0
CUST-1336,1979.05,18930.22,200.0,63856.76,1.154,2169.68,38330.93,17.67,4,8,-0.23,70.8,Engaged,"{'transactionFrequency': 22.1, 'digitalUsage': 20.1, 'productUsage': 12.0, 'recency': 18.7, 'servicePenalty': 2.0}",3,True,False,True,False,1,1,0,10.0,80.2,9.3,2.3,445.9,33,776818,770,25,0
CUST-1337,200.0,62585.61,200.0,149037.52,0.758,2549.52,59913.76,23.5,1,13,-0.093,76.5,Engaged,"{'transactionFrequency': 25.0, 'digitalUsage': 19.9, 'productUsage': 12.0, 'recency': 19.7, 'servicePenalty': 0.0}",3,False,False,True,True,0,0,0,0.0,79.4,8.7,2.5,478.0,43,705738,714,55,0
CUST-1338,2465.35,6078.69,200.0,30024.71,1.529,2116.8,65973.49,31.17,2,23,-0.11,72.8,Engaged,"{'transactionFrequency': 25.0, 'digitalUsage': 20.4, 'productUsage': 8.0, 'recency': 19.3, 'servicePenalty': 0.0}",2,False,False,True,False,0,0,0,0.0,81.8,4.3,0.7,375.2,31,901858,766,23,0
CUST-1339,53287.87,99133.03,53287.87,146332.4,0.243,2437.95,35350.27,14.5,2,9,0.023,67.0,Engaged,"{'transactionFrequency': 18.1, 'digitalUsage': 17.5, 'productUsage': 12.0, 'recency': 19.3, 'servicePenalty': 0.0}",3,True,True,False,False,0,0,0,0.0,70.1,2.3,2.5,598.2,58,514789,664,28,0
CUST-1340,200.0,7977.1,200.0,42960.27,1.412,2124.45,41780.86,19.67,1,18,0.4,74.5,Engaged,"{'transactionFrequency': 24.6, 'digitalUsage': 18.2, 'productUsage': 12.0, 'recency': 19.7, 'servicePenalty': 0.0}",3,False,False,True,True,0,0,0,0.0,72.9,7.0,2.5,549.1,21,915104,723,55,0
CUST-1341,200.0,2596.85,200.0,14974.54,1.428,2676.89,26768.85,10.0,11,1,-0.368,54.0,At Risk,"{'transactionFrequency': 12.5, 'digitalUsage': 19.2, 'productUsage': 8.0, 'recency': 16.3, 'servicePenalty': 2.0}",2,False,False,True,False,1,1,0,88.0,76.7,5.5,3.5,372.0,53,511134,796,4,1
CUST-1342,10443.55,22431.82,200.0,80119.59,1.126,2421.47,54079.56,22.33,2,16,0.159,72.0,Engaged,"{'transactionFrequency': 25.0, 'digitalUsage': 15.7, 'productUsage': 12.0, 'recency': 19.3, 'servicePenalty': 0.0}",3,True,False,True,False,1,0,0,37.0,62.7,4.7,0.7,447.4,53,456008,772,17,0
CUST-1343,2652.13,7809.72,200.0,22251.75,0.951,2301.56,16878.07,7.33,54,0,-0.606,28.9,Dormant,"{'transactionFrequency': 9.2, 'digitalUsage': 18.8, 'productUsage': 4.0, 'recency': 2.0, 'servicePenalty': 5.0}",1,False,False,False,False,1,0,1,0.0,75.0,2.0,1.7,515.5,64,705296,627,10,1
CUST-1344,200.0,37241.15,200.0,91602.17,0.845,2238.76,43282.62,19.33,2,15,0.107,67.9,Engaged,"{'transactionFrequency': 24.2, 'digitalUsage': 16.4, 'productUsage': 8.0, 'recency': 19.3, 'servicePenalty': 0.0}",2,False,False,True,False,0,0,0,0.0,65.5,6.7,1.5,402.1,26,410704,709,85,0
CUST-1345,9431.36,70120.76,9431.36,117117.5,0.364,2416.93,35851.07,14.83,3,9,0.167,72.6,Engaged,"{'transactionFrequency': 18.5, 'digitalUsage': 23.0, 'productUsage': 12.0, 'recency': 19.0, 'servicePenalty': 0.0}",3,False,False,True,True,1,0,0,69.0,92.1,11.0,4.7,462.7,41,790025,677,14,0
CUST-1346,200.0,24110.28,200.0,55576.85,0.769,2928.59,50762.22,17.33,1,14,0.078,67.1,Engaged,"{'transactionFrequency': 21.7, 'digitalUsage': 17.8, 'productUsage': 8.0, 'recency': 19.7, 'servicePenalty': 0.0}",2,False,False,True,False,0,0,0,0.0,71.2,6.2,0.7,479.3,42,822125,658,56,0
CUST-1347,200.0,1908.07,200.0,24390.36,1.504,2633.06,18870.3,7.17,12,2,-0.393,37.9,Dormant,"{'transactionFrequency': 9.0, 'digitalUsage': 13.9, 'productUsage': 8.0, 'recency': 16.0, 'servicePenalty': 9.0}",2,False,True,False,False,2,2,1,23.0,55.8,0.2,0.8,638.7,56,1243389,683,35,1
CUST-1348,200.0,1955.95,200.0,12501.03,1.261,2881.84,39865.48,13.83,6,2,-0.651,54.8,At Risk,"{'transactionFrequency': 17.3, 'digitalUsage': 17.5, 'productUsage': 12.0, 'recency': 18.0, 'servicePenalty': 10.0}",3,False,True,False,True,3,3,2,105.0,69.9,5.8,1.3,560.1,36,293995,678,30,1
CUST-1349,200.0,8243.65,200.0,47483.25,1.59,2928.75,41490.67,14.17,1,10,0.289,66.8,Engaged,"{'transactionFrequency': 17.7, 'digitalUsage': 19.4, 'productUsage': 12.0, 'recency': 19.7, 'servicePenalty': 2.0}",3,False,True,False,True,2,1,0,74.0,77.6,5.0,2.0,534.3,32,441736,776,70,0
CUST-1350,147823.66,176136.08,147823.66,232136.16,0.12,1728.17,32835.27,19.0,3,14,-0.067,66.7,Engaged,"{'transactionFrequency': 23.8, 'digitalUsage': 21.9, 'productUsage': 4.0, 'recency': 19.0, 'servicePenalty': 2.0}",1,False,False,False,False,1,1,0,28.0,87.7,6.3,3.3,460.3,44,448973,756,64,0
CUST-1351,9234.19,35845.69,200.0,132370.09,1.211,2394.35,67041.79,28.0,1,22,0.329,86.4,Highly Engaged,"{'transactionFrequency': 25.0, 'digitalUsage': 21.7, 'productUsage': 20.0, 'recency': 19.7, 'servicePenalty': 0.0}",5,True,True,True,True,0,0,0,0.0,86.9,8.3,2.5,516.0,37,623431,727,71,0
CUST-1352,200.0,4078.75,200.0,23988.19,1.522,2295.63,35199.74,15.33,1,9,0.0,76.6,Engaged,"{'transactionFrequency': 19.2, 'digitalUsage': 21.8, 'productUsage': 16.0, 'recency': 19.7, 'servicePenalty': 0.0}",4,False,True,True,True,0,0,0,0.0,87.0,8.8,1.0,503.8,37,1415758,707,20,0
CUST-1353,204371.57,212018.56,189725.25,237956.1,0.07,2658.4,21267.17,8.0,3,4,0.0,60.9,Engaged,"{'transactionFrequency': 10.0, 'digitalUsage': 21.9, 'productUsage': 12.0, 'recency': 19.0, 'servicePenalty': 2.0}",3,False,True,True,False,1,1,0,75.0,87.5,8.2,5.2,504.0,21,547009,782,41,0
CUST-1354,259.07,36925.68,200.0,117867.36,0.842,2578.84,59313.33,23.0,1,21,0.295,79.1,Engaged,"{'transactionFrequency': 25.0, 'digitalUsage': 18.5, 'productUsage': 16.0, 'recency': 19.7, 'servicePenalty': 0.0}",4,True,True,False,True,0,0,0,0.0,73.9,6.5,3.2,547.0,41,446658,847,51,0
CUST-1355,200.0,8944.04,200.0,45068.61,1.278,2489.99,55194.86,22.17,1,20,0.045,70.5,Engaged,"{'transactionFrequency': 25.0, 'digitalUsage': 17.9, 'productUsage': 8.0, 'recency': 19.7, 'servicePenalty': 0.0}",2,False,False,True,False,2,0,0,64.5,71.4,6.2,3.3,517.0,47,477116,643,57,0
CUST-1356,81599.86,155458.18,81599.86,254841.79,0.318,2225.9,55276.62,24.83,1,16,-0.113,69.4,Engaged,"{'transactionFrequency': 25.0, 'digitalUsage': 16.8, 'productUsage': 8.0, 'recency': 19.7, 'servicePenalty': 0.0}",2,False,False,True,False,1,0,0,25.0,67.1,5.3,0.5,472.4,44,2053695,710,4,0
CUST-1357,200.0,7680.66,200.0,53121.41,1.74,2240.88,60503.83,27.0,1,19,0.187,76.6,Engaged,"{'transactionFrequency': 25.0, 'digitalUsage': 23.9, 'productUsage': 8.0, 'recency': 19.7, 'servicePenalty': 0.0}",2,True,False,False,False,0,0,0,0.0,95.7,12.5,4.0,449.2,29,292893,740,3,0
CUST-1358,71525.24,113691.15,71525.24,151864.1,0.259,2028.05,26702.7,13.17,8,7,0.455,63.2,Engaged,"{'transactionFrequency': 16.5, 'digitalUsage': 17.4, 'productUsage': 12.0, 'recency': 17.3, 'servicePenalty': 0.0}",3,False,False,True,True,0,0,0,0.0,69.6,3.0,2.3,508.5,34,634565,631,8,0
CUST-1359,214221.01,244025.59,214221.01,270264.31,0.061,2613.67,40947.53,15.67,1,9,0.233,70.7,Engaged,"{'transactionFrequency': 19.6, 'digitalUsage': 19.4, 'productUsage': 12.0, 'recency': 19.7, 'servicePenalty': 0.0}",3,True,False,True,False,0,0,0,0.0,77.7,5.3,4.3,574.0,36,499987,783,3,0
CUST-1360,109580.45,138493.9,109580.45,157487.23,0.104,2287.06,21727.03,9.5,16,7,0.107,53.8,At Risk,"{'transactionFrequency': 11.9, 'digitalUsage': 19.3, 'productUsage': 8.0, 'recency': 14.7, 'servicePenalty': 0.0}",2,True,False,False,False,0,0,0,0.0,77.2,9.8,4.7,422.2,31,250000,722,12,0
CUST-1361,16731.48,6309.61,200.0,39979.89,1.52,2565.55,50883.45,19.83,1,18,0.017,75.4,Engaged,"{'transactionFrequency': 24.8, 'digitalUsage': 18.9, 'productUsage': 12.0, 'recency': 19.7, 'servicePenalty': 0.0}",3,True,False,True,False,1,0,0,120.0,75.6,5.0,3.5,445.6,44,1040157,657,79,0
CUST-1362,1772.11,46970.83,200.0,108268.19,0.837,2492.36,44447.16,17.83,3,13,-0.121,65.3,Engaged,"{'transactionFrequency': 22.3, 'digitalUsage': 18.0, 'productUsage': 12.0, 'recency': 19.0, 'servicePenalty': 6.0}",3,False,True,True,False,3,3,0,46.3,72.0,6.5,4.2,634.5,28,250000,772,3,0
CUST-1363,44634.42,85046.16,39918.87,126772.39,0.311,2169.73,23505.37,10.83,4,5,-0.477,63.1,Engaged,"{'transactionFrequency': 13.5, 'digitalUsage': 18.9, 'productUsage': 12.0, 'recency': 18.7, 'servicePenalty': 0.0}",3,True,False,False,True,0,0,0,0.0,75.4,6.8,3.5,483.4,37,682189,702,18,0
CUST-1364,200.0,924.72,200.0,6985.48,1.804,2274.51,9856.22,4.33,65,0,-0.783,29.6,Dormant,"{'transactionFrequency': 5.4, 'digitalUsage': 20.2, 'productUsage': 4.0, 'recency': 0.0, 'servicePenalty': 0.0}",1,False,False,False,False,0,0,0,0.0,80.8,5.5,2.8,426.5,50,530275,653,8,1
CUST-1365,43538.09,78938.38,31107.02,124913.53,0.39,2277.32,37196.27,16.33,4,10,-0.077,66.3,Engaged,"{'transactionFrequency': 20.4, 'digitalUsage': 21.2, 'productUsage': 8.0, 'recency': 18.7, 'servicePenalty': 2.0}",2,False,False,False,True,3,1,0,64.3,84.7,8.7,4.3,539.3,47,322525,669,12,0
CUST-1366,1416.14,7118.15,200.0,48119.88,1.606,3198.31,28251.74,8.83,61,0,-0.721,27.3,Dormant,"{'transactionFrequency': 11.0, 'digitalUsage': 12.3, 'productUsage': 4.0, 'recency': 0.0, 'servicePenalty': 0.0}",1,False,False,False,False,0,0,0,0.0,49.1,2.7,0.7,458.0,42,653512,643,11,1
CUST-1367,11993.89,4607.94,200.0,25647.98,1.061,2259.9,50847.71,22.5,1,13,-0.221,79.9,Engaged,"{'transactionFrequency': 25.0, 'digitalUsage': 19.2, 'productUsage': 16.0, 'recency': 19.7, 'servicePenalty': 0.0}",4,True,False,True,True,0,0,0,0.0,77.0,7.2,5.0,512.9,43,479203,750,140,0
CUST-1368,21570.83,113731.31,21398.66,208310.49,0.521,2385.85,50102.77,21.0,1,17,0.207,80.3,Highly Engaged,"{'transactionFrequency': 25.0, 'digitalUsage': 23.6, 'productUsage': 12.0, 'recency': 19.7, 'servicePenalty': 0.0}",3,False,True,True,False,0,0,0,0.0,94.4,8.5,3.3,455.0,29,338698,813,7,0
CUST-1369,200.0,6533.6,200.0,31981.48,1.26,2109.11,30582.07,14.5,1,13,0.171,63.6,Engaged,"{'transactionFrequency': 18.1, 'digitalUsage': 15.8, 'productUsage': 12.0, 'recency': 19.7, 'servicePenalty': 2.0}",3,False,False,True,True,2,1,0,39.0,63.2,3.8,0.8,362.7,56,250000,718,79,0
CUST-1370,200.0,53896.96,200.0,118819.98,0.662,2355.47,52998.08,22.5,1,18,-0.097,65.6,Engaged,"{'transactionFrequency': 25.0, 'digitalUsage': 18.9, 'productUsage': 4.0, 'recency': 19.7, 'servicePenalty': 2.0}",1,False,False,False,False,3,1,0,62.3,75.6,6.3,3.7,615.2,56,729379,732,106,0
CUST-1371,473.64,12411.67,200.0,72797.13,1.585,2695.62,37289.44,13.83,29,1,-0.629,59.5,At Risk,"{'transactionFrequency': 17.3, 'digitalUsage': 19.9, 'productUsage': 12.0, 'recency': 10.3, 'servicePenalty': 0.0}",3,False,False,True,True,1,0,0,70.0,79.5,6.3,4.8,373.0,55,444140,630,5,1
CUST-1372,9861.73,42191.97,9861.73,75819.93,0.441,2213.21,21763.26,9.83,2,7,-0.257,61.8,Engaged,"{'transactionFrequency': 12.3, 'digitalUsage': 18.2, 'productUsage': 12.0, 'recency': 19.3, 'servicePenalty': 0.0}",3,True,False,True,False,0,0,0,0.0,72.9,2.7,3.0,588.2,50,1015812,731,62,0
CUST-1373,1084.64,997.78,200.0,11040.11,1.685,2541.92,43636.25,17.17,2,11,-0.125,68.0,Engaged,"{'transactionFrequency': 21.5, 'digitalUsage': 17.2, 'productUsage': 12.0, 'recency': 19.3, 'servicePenalty': 2.0}",3,False,False,True,True,2,1,0,33.0,68.9,5.2,5.2,522.3,24,955694,676,24,0
CUST-1374,200.0,13800.93,200.0,34221.92,0.863,2206.41,24270.46,11.0,7,1,-0.692,59.5,At Risk,"{'transactionFrequency': 13.8, 'digitalUsage': 20.1, 'productUsage': 8.0, 'recency': 17.7, 'servicePenalty': 0.0}",2,False,False,False,True,0,0,0,0.0,80.3,5.3,2.5,482.5,39,518387,657,6,1
CUST-1375,2746.74,69558.6,200.0,148628.34,0.742,2730.22,37312.97,13.67,1,8,-0.047,62.1,Engaged,"{'transactionFrequency': 17.1, 'digitalUsage': 17.4, 'productUsage': 8.0, 'recency': 19.7, 'servicePenalty': 0.0}",2,False,True,False,False,0,0,0,0.0,69.5,5.5,2.3,547.1,36,973156,714,8,0
CUST-1376,214756.95,277353.97,214756.95,317906.24,0.104,2446.7,46487.39,19.0,1,15,0.035,70.1,Engaged,"{'transactionFrequency': 23.8, 'digitalUsage': 18.6, 'productUsage': 8.0, 'recency': 19.7, 'servicePenalty': 0.0}",2,True,False,False,False,1,0,0,88.0,74.6,5.8,2.0,466.5,46,304403,709,48,0
CUST-1377,200.0,76089.54,200.0,145829.34,0.511,2465.98,41099.69,16.67,1,17,0.0,69.3,Engaged,"{'transactionFrequency': 20.8, 'digitalUsage': 18.8, 'productUsage': 12.0, 'recency': 19.7, 'servicePenalty': 2.0}",3,True,False,True,False,2,1,0,80.0,75.0,4.3,2.5,434.2,35,250000,713,17,0
CUST-1378,480784.99,528521.57,480784.99,570973.29,0.054,2016.08,29233.09,14.5,2,12,-0.065,69.0,Engaged,"{'transactionFrequency': 18.1, 'digitalUsage': 21.6, 'productUsage': 12.0, 'recency': 19.3, 'servicePenalty': 2.0}",3,False,True,False,True,1,1,0,40.0,86.2,7.7,5.3,525.7,24,250000,725,21,0
CUST-1379,976.95,20040.74,200.0,87707.54,1.328,2300.49,71315.04,31.0,1,19,0.066,68.8,Engaged,"{'transactionFrequency': 25.0, 'digitalUsage': 14.1, 'productUsage': 12.0, 'recency': 19.7, 'servicePenalty': 2.0}",3,True,False,True,False,1,1,0,116.0,56.5,3.0,1.2,476.9,37,1115278,850,37,0
CUST-1380,1155.78,26424.59,200.0,87271.12,0.973,2238.8,43283.55,19.33,1,13,-0.212,72.7,Engaged,"{'transactionFrequency': 24.2, 'digitalUsage': 20.9, 'productUsage': 8.0, 'recency': 19.7, 'servicePenalty': 0.0}",2,False,False,True,False,0,0,0,0.0,83.6,10.7,3.7,415.2,29,513241,665,15,0
CUST-1381,145979.34,226928.9,140994.34,320047.46,0.224,2403.17,54071.43,22.5,1,19,0.141,68.8,Engaged,"{'transactionFrequency': 25.0, 'digitalUsage': 20.2, 'productUsage': 4.0, 'recency': 19.7, 'servicePenalty': 0.0}",1,False,False,False,False,0,0,0,0.0,80.7,4.8,1.8,509.6,47,905387,604,75,0
CUST-1382,10331.7,5875.83,200.0,11123.35,0.634,2501.9,12092.53,4.83,17,1,-0.278,44.7,At Risk,"{'transactionFrequency': 6.0, 'digitalUsage': 16.4, 'productUsage': 8.0, 'recency': 14.3, 'servicePenalty': 0.0}",2,False,True,False,False,0,0,0,0.0,65.5,5.7,0.8,524.9,29,274857,664,20,1
CUST-1383,200.0,4146.6,200.0,35492.39,2.12,2368.6,53293.49,22.5,2,14,-0.07,67.0,Engaged,"{'transactionFrequency': 25.0, 'digitalUsage': 14.6, 'productUsage': 12.0, 'recency': 19.3, 'servicePenalty': 4.0}",3,True,True,False,False,2,2,0,52.0,58.5,2.0,0.8,617.0,38,753500,717,140,0
CUST-1384,200.0,5041.33,200.0,27730.13,1.567,2518.32,37774.75,15.0,1,10,-0.083,69.6,Engaged,"{'transactionFrequency': 18.8, 'digitalUsage': 19.2, 'productUsage': 12.0, 'recency': 19.7, 'servicePenalty': 0.0}",3,True,False,False,True,0,0,0,0.0,76.7,5.3,3.2,369.2,34,250000,736,61,0
CUST-1385,200.0,51786.15,200.0,104957.82,0.687,2486.03,47234.48,19.0,1,14,0.367,67.6,Engaged,"{'transactionFrequency': 23.8, 'digitalUsage': 16.2, 'productUsage': 8.0, 'recency': 19.7, 'servicePenalty': 0.0}",2,True,False,False,False,0,0,0,0.0,64.9,2.0,1.5,561.6,53,386494,686,40,0
CUST-1386,7885.14,4918.29,200.0,14153.92,0.847,2607.64,34333.91,13.17,7,2,-0.554,61.8,Engaged,"{'transactionFrequency': 16.5, 'digitalUsage': 19.6, 'productUsage': 8.0, 'recency': 17.7, 'servicePenalty': 0.0}",2,False,True,False,False,0,0,0,0.0,78.5,5.3,2.2,497.9,39,463454,601,6,1
CUST-1387,4255.13,25532.75,200.0,94262.18,0.897,2802.21,58379.42,20.83,1,18,-0.076,66.1,Engaged,"{'transactionFrequency': 25.0, 'digitalUsage': 21.4, 'productUsage': 4.0, 'recency': 19.7, 'servicePenalty': 4.0}",1,False,False,False,False,2,2,0,71.0,85.6,5.7,3.0,429.3,29,250000,672,37,0
CUST-1388,200.0,17247.45,200.0,55783.34,1.001,2276.65,45533.03,20.0,1,16,0.259,70.2,Engaged,"{'transactionFrequency': 25.0, 'digitalUsage': 17.5, 'productUsage': 8.0, 'recency': 19.7, 'servicePenalty': 0.0}",2,False,False,False,True,1,0,0,63.0,70.0,4.0,1.0,288.6,39,1318373,615,61,0
CUST-1389,6351.76,37463.43,200.0,124225.7,0.988,2466.77,47690.92,19.33,4,13,-0.239,77.2,Engaged,"{'transactionFrequency': 24.2, 'digitalUsage': 24.4, 'productUsage': 12.0, 'recency': 18.7, 'servicePenalty': 2.0}",3,True,True,False,False,3,1,0,81.0,97.4,10.2,5.7,498.4,32,729806,699,74,0
CUST-1390,18716.02,63847.48,18716.02,107984.17,0.419,2344.27,34382.64,14.67,2,6,-0.421,64.7,Engaged,"{'transactionFrequency': 18.3, 'digitalUsage': 21.0, 'productUsage': 8.0, 'recency': 19.3, 'servicePenalty': 2.0}",2,False,True,False,False,1,1,0,101.0,84.1,7.3,2.7,579.8,47,425627,849,11,0
CUST-1391,2298.9,4725.18,200.0,14220.36,0.903,1954.83,23783.71,12.17,34,0,-0.661,47.1,At Risk,"{'transactionFrequency': 15.2, 'digitalUsage': 19.2, 'productUsage': 4.0, 'recency': 8.7, 'servicePenalty': 0.0}",1,False,False,False,False,0,0,0,0.0,76.7,4.7,1.3,482.9,40,252142,719,21,1
CUST-1392,418674.46,468797.65,418674.46,507277.57,0.055,1891.17,24585.18,13.0,1,14,0.162,61.2,Engaged,"{'transactionFrequency': 16.2, 'digitalUsage': 17.3, 'productUsage': 8.0, 'recency': 19.7, 'servicePenalty': 0.0}",2,True,False,False,False,0,0,0,0.0,69.2,4.7,2.8,508.4,35,995389,706,37,0
CUST-1393,5081.45,17182.67,200.0,56340.48,1.164,2357.67,52654.58,22.33,4,14,0.267,80.9,Highly Engaged,"{'transactionFrequency': 25.0, 'digitalUsage': 21.3, 'productUsage': 16.0, 'recency': 18.7, 'servicePenalty': 0.0}",4,True,True,False,True,0,0,0,0.0,85.1,6.3,4.5,516.0,27,1464749,735,23,0
CUST-1394,287427.53,347536.36,287427.53,390690.4,0.086,2608.21,38253.72,14.67,1,8,-0.043,71.9,Engaged,"{'transactionFrequency': 18.3, 'digitalUsage': 21.9, 'productUsage': 12.0, 'recency': 19.7, 'servicePenalty': 0.0}",3,True,False,True,False,0,0,0,0.0,87.5,10.8,2.7,488.5,36,250000,746,40,0
CUST-1395,200.0,4089.96,200.0,29477.02,1.376,2129.63,25910.45,12.17,12,1,-0.585,49.9,At Risk,"{'transactionFrequency': 15.2, 'digitalUsage': 14.7, 'productUsage': 4.0, 'recency': 16.0, 'servicePenalty': 0.0}",1,False,False,False,False,0,0,0,0.0,58.9,2.7,0.8,389.0,45,384435,707,17,1
CUST-1396,7785.27,34047.62,280.34,73747.32,0.655,2303.83,26877.98,11.67,7,4,-0.105,55.8,At Risk,"{'transactionFrequency': 14.6, 'digitalUsage': 13.6, 'productUsage': 12.0, 'recency': 17.7, 'servicePenalty': 2.0}",3,True,False,False,True,2,1,0,17.5,54.3,3.5,1.2,459.7,24,507384,654,4,0
CUST-1397,105327.16,137436.81,105327.16,179630.08,0.19,2147.29,22904.42,10.67,7,7,-0.167,58.8,At Risk,"{'transactionFrequency': 13.3, 'digitalUsage': 23.8, 'productUsage': 4.0, 'recency': 17.7, 'servicePenalty': 0.0}",1,False,False,False,False,0,0,0,0.0,95.3,9.3,4.8,624.9,38,522937,744,124,0
CUST-1398,1765.86,4445.29,200.0,23019.91,1.468,2298.71,66662.61,29.0,1,23,0.047,81.8,Highly Engaged,"{'transactionFrequency': 25.0, 'digitalUsage': 21.1, 'productUsage': 16.0, 'recency': 19.7, 'servicePenalty': 0.0}",4,True,True,True,False,0,0,0,0.0,84.5,6.2,4.8,489.8,41,739600,791,15,0
CUST-1399,429697.88,496792.76,429697.88,552437.96,0.072,2475.7,48688.75,19.67,3,18,0.264,78.7,Engaged,"{'transactionFrequency': 24.6, 'digitalUsage': 23.1, 'productUsage': 12.0, 'recency': 19.0, 'servicePenalty': 0.0}",3,False,True,False,True,0,0,0,0.0,92.4,12.3,4.0,478.3,29,1248533,738,6,0
CUST-1400,200.0,2185.72,200.0,20744.97,1.68,2674.03,26740.26,10.0,51,0,-0.652,36.6,Dormant,"{'transactionFrequency': 12.5, 'digitalUsage': 17.1, 'productUsage': 4.0, 'recency': 3.0, 'servicePenalty': 0.0}",1,False,False,False,False,0,0,0,0.0,68.3,1.3,1.0,589.0,39,425528,659,27,1
CUST-1401,195761.02,272685.5,195761.02,378888.15,0.196,2028.78,52072.02,25.67,2,13,-0.323,75.1,Engaged,"{'transactionFrequency': 25.0, 'digitalUsage': 22.7, 'productUsage': 8.0, 'recency': 19.3, 'servicePenalty': 0.0}",2,True,False,False,False,0,0,0,0.0,90.9,7.0,4.7,577.1,34,449169,741,34,0
CUST-1402,1921.3,4720.67,200.0,15923.22,0.949,2025.98,22961.15,11.33,7,3,-0.542,47.2,At Risk,"{'transactionFrequency': 14.2, 'digitalUsage': 21.3, 'productUsage': 4.0, 'recency': 17.7, 'servicePenalty': 10.0}",1,False,False,False,False,2,0,2,0.0,85.3,7.7,1.0,471.9,35,866047,755,19,1
CUST-1403,200.0,2865.48,200.0,11669.88,1.143,2606.43,52997.45,20.33,1,14,-0.032,74.0,Engaged,"{'transactionFrequency': 25.0, 'digitalUsage': 21.3, 'productUsage': 8.0, 'recency': 19.7, 'servicePenalty': 0.0}",2,True,False,False,False,1,0,0,73.0,85.2,3.8,2.3,518.8,26,1137767,646,47,0
CUST-1404,200.0,6330.95,200.0,40654.08,1.456,2207.82,22814.17,10.33,1,9,-0.27,58.0,At Risk,"{'transactionFrequency': 12.9, 'digitalUsage': 21.4, 'productUsage': 4.0, 'recency': 19.7, 'servicePenalty': 0.0}",1,False,False,False,False,1,0,0,31.0,85.5,8.2,7.5,505.6,40,722003,646,29,0
CUST-1405,6118.48,80599.51,200.0,174873.89,0.572,2454.52,43772.33,17.83,1,11,0.019,75.3,Engaged,"{'transactionFrequency': 22.3, 'digitalUsage': 17.3, 'productUsage': 16.0, 'recency': 19.7, 'servicePenalty': 0.0}",4,True,True,False,True,1,0,0,73.0,69.2,4.8,2.2,479.3,36,441534,690,71,0
CUST-1406,1768.32,2193.76,200.0,8773.62,0.927,2541.05,28375.03,11.17,4,1,-0.745,55.2,At Risk,"{'transactionFrequency': 14.0, 'digitalUsage': 20.5, 'productUsage': 4.0, 'recency': 18.7, 'servicePenalty': 2.0}",1,False,False,False,False,1,1,0,26.0,82.1,5.3,1.7,511.4,23,1018396,691,3,1
CUST-1407,200.0,15137.83,200.0,45096.77,0.882,2680.92,59426.98,22.17,1,18,-0.015,77.7,Engaged,"{'transactionFrequency': 25.0, 'digitalUsage': 21.1, 'productUsage': 12.0, 'recency': 19.7, 'servicePenalty': 0.0}",3,True,False,False,True,0,0,0,0.0,84.2,8.3,3.2,465.0,28,250000,727,6,0
CUST-1408,445.8,15255.18,200.0,52611.42,1.23,2738.95,56148.58,20.5,2,16,0.315,68.3,Engaged,"{'transactionFrequency': 25.0, 'digitalUsage': 19.9, 'productUsage': 4.0, 'recency': 19.3, 'servicePenalty': 0.0}",1,False,False,False,False,0,0,0,0.0,79.7,10.5,2.5,514.0,22,533414,796,65,0
CUST-1409,146641.62,247905.83,146641.62,357255.14,0.244,2294.23,52384.86,22.83,4,15,0.138,79.2,Engaged,"{'transactionFrequency': 25.0, 'digitalUsage': 23.6, 'productUsage': 12.0, 'recency': 18.7, 'servicePenalty': 0.0}",3,True,False,True,False,0,0,0,0.0,94.2,9.3,5.8,494.0,44,364001,721,58,0
CUST-1410,200365.54,246011.45,200365.54,294596.03,0.115,2098.25,41265.51,19.67,4,13,-0.125,73.3,Engaged,"{'transactionFrequency': 24.6, 'digitalUsage': 18.0, 'productUsage': 12.0, 'recency': 18.7, 'servicePenalty': 0.0}",3,True,False,True,False,0,0,0,0.0,72.0,3.2,1.0,483.1,37,281204,784,106,0
CUST-1411,5745.82,14028.02,200.0,60785.08,1.291,2023.66,43508.69,21.5,10,12,-0.101,67.1,Engaged,"{'transactionFrequency': 25.0, 'digitalUsage': 17.4, 'productUsage': 8.0, 'recency': 16.7, 'servicePenalty': 0.0}",2,False,False,True,False,0,0,0,0.0,69.8,1.5,3.8,517.6,47,269319,619,42,0
CUST-1412,200.0,5709.66,200.0,20999.54,1.13,2732.51,42809.25,15.67,3,9,0.133,68.8,Engaged,"{'transactionFrequency': 19.6, 'digitalUsage': 20.2, 'productUsage': 12.0, 'recency': 19.0, 'servicePenalty': 2.0}",3,True,False,False,True,1,1,0,87.0,80.9,6.7,3.3,471.9,34,390363,850,13,0
CUST-1413,1801517.78,1845655.99,1801517.78,1910646.95,0.016,2200.32,31171.17,14.17,1,11,-0.188,74.3,Engaged,"{'transactionFrequency': 17.7, 'digitalUsage': 22.9, 'productUsage': 16.0, 'recency': 19.7, 'servicePenalty': 2.0}",4,True,False,True,True,1,1,0,60.0,91.8,7.5,3.3,545.8,37,250000,640,50,0
CUST-1414,72861.36,104059.22,70059.52,168344.46,0.235,2644.04,51118.09,19.33,2,14,-0.127,82.5,Highly Engaged,"{'transactionFrequency': 24.2, 'digitalUsage': 23.1, 'productUsage': 16.0, 'recency': 19.3, 'servicePenalty': 0.0}",4,True,True,True,False,0,0,0,0.0,92.2,9.7,2.7,518.6,30,766048,689,3,0
CUST-1415,559630.14,633446.56,556488.85,747630.53,0.088,2242.42,58302.92,26.0,1,19,-0.205,70.0,Engaged,"{'transactionFrequency': 25.0, 'digitalUsage': 17.3, 'productUsage': 8.0, 'recency': 19.7, 'servicePenalty': 0.0}",2,False,False,True,False,0,0,0,0.0,69.2,2.7,2.8,417.0,47,533734,816,55,0
CUST-1416,200.0,1451.86,200.0,19855.26,1.852,2388.22,43784.01,18.33,2,13,0.286,77.1,Engaged,"{'transactionFrequency': 22.9, 'digitalUsage': 18.9, 'productUsage': 16.0, 'recency': 19.3, 'servicePenalty': 0.0}",4,True,True,True,False,0,0,0,0.0,75.5,6.0,4.0,417.4,31,951493,796,6,0
CUST-1417,9977.12,25293.41,200.0,74299.1,0.822,2166.98,42256.06,19.5,2,10,-0.224,75.6,Engaged,"{'transactionFrequency': 24.4, 'digitalUsage': 23.9, 'productUsage': 8.0, 'recency': 19.3, 'servicePenalty': 0.0}",2,False,True,False,False,1,0,0,9.0,95.7,9.8,3.5,547.0,43,1170917,724,3,0
CUST-1418,151062.78,188631.75,151062.78,238202.67,0.128,2192.67,31428.28,14.33,2,11,0.316,62.6,Engaged,"{'transactionFrequency': 17.9, 'digitalUsage': 13.4, 'productUsage': 12.0, 'recency': 19.3, 'servicePenalty': 0.0}",3,True,True,False,False,0,0,0,0.0,53.5,2.5,2.0,548.2,41,502997,776,3,0
CUST-1419,91779.13,114908.71,91779.13,173797.5,0.212,2311.74,39684.85,17.17,2,12,-0.125,68.3,Engaged,"{'transactionFrequency': 21.5, 'digitalUsage': 15.5, 'productUsage': 12.0, 'recency': 19.3, 'servicePenalty': 0.0}",3,True,False,True,False,0,0,0,0.0,62.1,3.3,1.8,526.7,29,412913,683,27,0
CUST-1420,178457.15,216017.4,178457.15,293735.45,0.147,2640.03,39160.37,14.83,6,6,-0.375,69.4,Engaged,"{'transactionFrequency': 18.5, 'digitalUsage': 16.9, 'productUsage': 16.0, 'recency': 18.0, 'servicePenalty': 0.0}",4,True,False,True,True,0,0,0,0.0,67.4,2.5,0.7,534.4,64,491761,800,10,0
CUST-1421,143199.42,197957.0,139770.32,291104.56,0.231,2247.17,50935.9,22.67,5,13,0.029,77.5,Engaged,"{'transactionFrequency': 25.0, 'digitalUsage': 18.2, 'productUsage': 16.0, 'recency': 18.3, 'servicePenalty': 0.0}",4,True,True,True,False,0,0,0,0.0,72.8,3.0,4.0,483.7,63,1782603,720,56,0
CUST-1422,200.0,18289.79,200.0,60787.88,1.29,2526.18,23998.69,9.5,61,0,-0.717,40.9,At Risk,"{'transactionFrequency': 11.9, 'digitalUsage': 21.1, 'productUsage': 8.0, 'recency': 0.0, 'servicePenalty': 0.0}",2,False,False,False,True,0,0,0,0.0,84.2,5.5,4.5,446.8,47,254706,743,3,1
CUST-1423,192608.78,251208.86,192608.78,315359.97,0.147,2101.89,30127.09,14.33,5,10,0.0,71.8,Engaged,"{'transactionFrequency': 17.9, 'digitalUsage': 23.6, 'productUsage': 16.0, 'recency': 18.3, 'servicePenalty': 4.0}",4,True,False,True,True,3,2,0,36.3,94.2,9.7,3.8,516.6,50,371804,719,27,0
CUST-1424,106911.21,209901.78,106911.21,303439.57,0.294,2268.42,41587.72,18.33,1,12,0.196,79.9,Engaged,"{'transactionFrequency': 22.9, 'digitalUsage': 19.3, 'productUsage': 20.0, 'recency': 19.7, 'servicePenalty': 2.0}",5,True,True,True,True,2,1,0,57.0,77.3,4.2,0.8,601.5,39,380342,759,78,0
CUST-1425,200.0,1625.06,200.0,7264.84,1.421,3072.2,34818.26,11.33,41,0,-0.654,46.0,At Risk,"{'transactionFrequency': 14.2, 'digitalUsage': 23.5, 'productUsage': 12.0, 'recency': 6.3, 'servicePenalty': 10.0}",3,False,False,True,True,4,3,3,66.0,94.1,5.2,3.7,489.5,26,1046788,595,4,1
CUST-1426,666689.98,705606.09,666689.98,730538.82,0.026,1919.21,27188.85,14.17,1,8,0.023,69.7,Engaged,"{'transactionFrequency': 17.7, 'digitalUsage': 20.3, 'productUsage': 12.0, 'recency': 19.7, 'servicePenalty': 0.0}",3,False,True,True,False,0,0,0,0.0,81.2,3.7,2.5,545.0,21,652833,586,29,0
CUST-1427,200.0,25437.09,200.0,125250.37,1.312,2422.85,67436.12,27.83,2,20,0.086,69.3,Engaged,"{'transactionFrequency': 25.0, 'digitalUsage': 16.9, 'productUsage': 8.0, 'recency': 19.3, 'servicePenalty': 0.0}",2,True,False,False,False,0,0,0,0.0,67.7,3.7,0.2,557.2,54,455726,797,55,0
CUST-1428,3300.32,51084.1,200.0,129324.16,0.816,2609.5,39142.47,15.0,2,13,0.14,69.5,Engaged,"{'transactionFrequency': 18.8, 'digitalUsage': 19.4, 'productUsage': 12.0, 'recency': 19.3, 'servicePenalty': 0.0}",3,True,True,False,False,0,0,0,0.0,77.8,6.3,2.7,530.9,58,1260778,722,24,0
CUST-1429,200.0,14126.68,200.0,71415.88,1.636,2587.1,65971.03,25.5,1,17,0.039,74.6,Engaged,"{'transactionFrequency': 25.0, 'digitalUsage': 21.9, 'productUsage': 8.0, 'recency': 19.7, 'servicePenalty': 0.0}",2,False,False,True,False,0,0,0,0.0,87.6,8.3,3.2,511.9,44,250000,777,68,0
CUST-1430,26106.83,43133.14,21986.5,89834.35,0.418,2625.17,49878.24,19.0,2,13,-0.366,64.7,Engaged,"{'transactionFrequency': 23.8, 'digitalUsage': 13.6, 'productUsage': 8.0, 'recency': 19.3, 'servicePenalty': 0.0}",2,True,False,False,False,0,0,0,0.0,54.4,4.2,0.5,461.8,34,749381,704,77,0
CUST-1431,17051.03,88605.04,17051.03,172438.65,0.501,2326.66,51574.29,22.17,1,15,-0.015,72.5,Engaged,"{'transactionFrequency': 25.0, 'digitalUsage': 15.8, 'productUsage': 12.0, 'recency': 19.7, 'servicePenalty': 0.0}",3,False,False,True,True,0,0,0,0.0,63.2,6.2,3.2,492.9,50,1766101,850,79,0
CUST-1432,131770.52,197258.92,122974.32,296445.52,0.231,2701.1,47719.45,17.67,3,18,-0.036,75.1,Engaged,"{'transactionFrequency': 22.1, 'digitalUsage': 20.1, 'productUsage': 16.0, 'recency': 19.0, 'servicePenalty': 2.0}",4,True,False,True,True,1,1,0,15.0,80.2,5.5,1.5,528.7,51,356448,850,25,0
CUST-1433,231128.58,286473.14,225919.07,329089.82,0.12,2630.01,39450.14,15.0,6,10,0.3,57.8,At Risk,"{'transactionFrequency': 18.8, 'digitalUsage': 15.0, 'productUsage': 8.0, 'recency': 18.0, 'servicePenalty': 2.0}",2,False,False,True,False,1,1,0,109.0,60.0,1.7,2.5,504.4,38,250000,668,28,0
CUST-1434,261317.61,271513.96,261317.61,283163.55,0.024,2023.97,7421.24,3.67,17,3,-0.286,43.4,At Risk,"{'transactionFrequency': 4.6, 'digitalUsage': 20.4, 'productUsage': 4.0, 'recency': 14.3, 'servicePenalty': 0.0}",1,False,False,False,False,0,0,0,0.0,81.8,4.3,1.2,589.2,21,390427,625,39,0
CUST-1435,2978.36,107555.52,2978.36,178110.67,0.506,2393.06,41878.62,17.5,9,8,0.14,61.4,Engaged,"{'transactionFrequency': 21.9, 'digitalUsage': 20.5, 'productUsage': 4.0, 'recency': 17.0, 'servicePenalty': 2.0}",1,False,False,False,False,1,1,0,66.0,81.9,6.8,2.3,419.2,30,587249,737,65,0
CUST-1436,386.44,11212.13,200.0,46532.72,1.18,2844.63,39824.87,14.0,3,9,0.098,61.5,Engaged,"{'transactionFrequency': 17.5, 'digitalUsage': 17.0, 'productUsage': 8.0, 'recency': 19.0, 'servicePenalty': 0.0}",2,False,False,True,False,0,0,0,0.0,67.9,2.7,2.3,440.8,48,281183,612,53,0
CUST-1437,200.0,29143.06,200.0,103166.37,1.145,2645.86,59972.89,22.67,2,13,0.091,66.5,Engaged,"{'transactionFrequency': 25.0, 'digitalUsage': 14.2, 'productUsage': 8.0, 'recency': 19.3, 'servicePenalty': 0.0}",2,False,True,False,False,0,0,0,0.0,56.6,5.7,1.2,513.3,53,250000,698,69,0
CUST-1438,200.0,4354.99,200.0,40189.97,1.772,2421.59,46010.23,19.0,2,15,0.035,72.1,Engaged,"{'transactionFrequency': 23.8, 'digitalUsage': 21.1, 'productUsage': 8.0, 'recency': 19.3, 'servicePenalty': 0.0}",2,True,False,False,False,0,0,0,0.0,84.2,6.3,2.0,577.1,31,628597,732,9,0
CUST-1439,200.0,1394.78,200.0,7992.98,1.405,2235.52,24590.71,11.0,25,2,-0.612,49.5,At Risk,"{'transactionFrequency': 13.8, 'digitalUsage': 20.1, 'productUsage': 4.0, 'recency': 11.7, 'servicePenalty': 0.0}",1,False,False,False,False,0,0,0,0.0,80.3,5.2,3.0,562.5,38,972342,671,3,1
CUST-1440,9176.61,20632.4,200.0,61696.72,1.008,2369.62,33174.72,14.0,1,10,0.15,67.1,Engaged,"{'transactionFrequency': 17.5, 'digitalUsage': 19.9, 'productUsage': 12.0, 'recency': 19.7, 'servicePenalty': 2.0}",3,False,True,False,True,2,1,0,90.0,79.8,9.0,3.8,536.5,28,1486834,609,29,0
CUST-1441,58064.15,73326.54,58064.15,109754.15,0.204,2516.86,14262.2,5.67,28,1,-0.364,45.3,At Risk,"{'transactionFrequency': 7.1, 'digitalUsage': 23.5, 'productUsage': 4.0, 'recency': 10.7, 'servicePenalty': 0.0}",1,False,False,False,False,1,0,0,6.0,94.1,12.7,5.8,556.6,44,460099,683,3,0
CUST-1442,105134.72,144194.0,104907.31,210647.62,0.21,2759.6,38634.42,14.0,1,8,-0.089,62.4,Engaged,"{'transactionFrequency': 17.5, 'digitalUsage': 17.2, 'productUsage': 8.0, 'recency': 19.7, 'servicePenalty': 0.0}",2,True,False,False,False,0,0,0,0.0,69.0,3.5,1.0,312.0,47,713230,724,73,0
CUST-1443,3332.21,18369.21,200.0,49363.23,0.8,1984.25,28440.88,14.33,1,11,0.256,66.5,Engaged,"{'transactionFrequency': 17.9, 'digitalUsage': 20.9, 'productUsage': 8.0, 'recency': 19.7, 'servicePenalty': 0.0}",2,True,False,False,False,0,0,0,0.0,83.7,6.8,2.8,418.6,28,250000,783,7,0
CUST-1444,247540.41,315323.74,247540.41,352968.1,0.098,2474.35,33403.7,13.5,1,9,0.128,58.7,At Risk,"{'transactionFrequency': 16.9, 'digitalUsage': 18.2, 'productUsage': 4.0, 'recency': 19.7, 'servicePenalty': 0.0}",1,False,False,False,False,0,0,0,0.0,72.8,5.0,2.7,536.6,49,250000,641,48,0
CUST-1445,41105.29,82318.74,41105.29,113385.53,0.25,2718.87,33985.89,12.5,5,7,-0.026,60.6,Engaged,"{'transactionFrequency': 15.6, 'digitalUsage': 18.7, 'productUsage': 8.0, 'recency': 18.3, 'servicePenalty': 0.0}",2,False,False,True,False,0,0,0,0.0,74.7,7.7,4.0,394.3,35,713521,615,7,0
CUST-1446,47624.6,93218.38,47624.6,129728.1,0.201,2131.07,32676.45,15.33,2,16,0.35,68.4,Engaged,"{'transactionFrequency': 19.2, 'digitalUsage': 17.9, 'productUsage': 12.0, 'recency': 19.3, 'servicePenalty': 0.0}",3,True,False,True,False,0,0,0,0.0,71.7,5.7,1.8,498.4,26,507978,776,3,0
CUST-1447,5839.97,13547.95,200.0,52744.6,1.281,2198.28,62651.12,28.5,1,21,-0.034,81.1,Highly Engaged,"{'transactionFrequency': 25.0, 'digitalUsage': 20.5, 'productUsage': 16.0, 'recency': 19.7, 'servicePenalty': 0.0}",4,True,True,False,True,0,0,0,0.0,81.9,5.8,3.8,522.0,39,430773,767,53,0
CUST-1448,200.0,15176.07,200.0,55758.37,1.133,2278.8,39119.49,17.17,2,13,0.386,68.2,Engaged,"{'transactionFrequency': 21.5, 'digitalUsage': 19.4, 'productUsage': 8.0, 'recency': 19.3, 'servicePenalty': 0.0}",2,False,False,True,False,0,0,0,0.0,77.7,5.0,2.5,507.6,33,250000,661,51,0
CUST-1449,696045.05,751971.57,696045.05,791616.26,0.033,1919.24,32627.01,17.0,1,15,0.08,69.6,Engaged,"{'transactionFrequency': 21.2, 'digitalUsage': 16.7, 'productUsage': 12.0, 'recency': 19.7, 'servicePenalty': 0.0}",3,False,False,True,True,0,0,0,0.0,66.7,3.3,1.8,640.4,47,527761,667,9,0
CUST-1450,13230.29,30566.06,200.0,90644.96,1.037,2563.7,60246.85,23.5,2,15,-0.19,73.1,Engaged,"{'transactionFrequency': 25.0, 'digitalUsage': 18.8, 'productUsage': 12.0, 'recency': 19.3, 'servicePenalty': 2.0}",3,False,True,True,False,1,1,0,33.0,75.2,9.0,1.8,451.4,54,581770,602,30,0
CUST-1451,255745.56,339953.74,255745.56,417736.94,0.161,2413.33,46657.64,19.33,1,15,0.185,76.6,Engaged,"{'transactionFrequency': 24.2, 'digitalUsage': 16.8, 'productUsage': 16.0, 'recency': 19.7, 'servicePenalty': 0.0}",4,True,False,True,True,0,0,0,0.0,67.2,4.2,1.7,628.5,33,288609,651,58,0
CUST-1452,51583.84,97176.0,51583.84,137837.41,0.257,2475.82,31772.98,12.83,7,8,-0.073,69.2,Engaged,"{'transactionFrequency': 16.0, 'digitalUsage': 19.5, 'productUsage': 16.0, 'recency': 17.7, 'servicePenalty': 0.0}",4,True,True,True,False,0,0,0,0.0,77.9,6.2,5.3,591.2,40,958679,849,140,0
CUST-1453,94071.02,156532.86,94071.02,217568.51,0.237,2915.57,34015.02,11.67,2,7,0.323,66.3,Engaged,"{'transactionFrequency': 14.6, 'digitalUsage': 20.4, 'productUsage': 12.0, 'recency': 19.3, 'servicePenalty': 0.0}",3,False,False,True,True,0,0,0,0.0,81.4,11.0,2.2,585.7,21,1168943,631,32,0
CUST-1454,932.17,31154.38,200.0,55086.34,0.557,2074.79,36308.83,17.5,2,15,0.184,67.9,Engaged,"{'transactionFrequency': 21.9, 'digitalUsage': 16.7, 'productUsage': 12.0, 'recency': 19.3, 'servicePenalty': 2.0}",3,True,True,False,False,1,1,0,107.0,66.7,5.5,1.0,514.1,45,467376,788,38,0
CUST-1455,7905.36,36113.93,200.0,117749.73,1.119,2370.01,60830.36,25.67,1,18,0.026,78.3,Engaged,"{'transactionFrequency': 25.0, 'digitalUsage': 21.6, 'productUsage': 12.0, 'recency': 19.7, 'servicePenalty': 0.0}",3,True,False,True,False,0,0,0,0.0,86.4,8.2,3.5,490.9,36,250000,709,56,0
CUST-1456,200.0,46087.02,200.0,137089.89,0.995,2426.0,42454.94,17.5,2,13,-0.246,67.6,Engaged,"{'transactionFrequency': 21.9, 'digitalUsage': 22.4, 'productUsage': 4.0, 'recency': 19.3, 'servicePenalty': 0.0}",1,False,False,False,False,0,0,0,0.0,89.5,9.3,1.7,456.4,61,566490,686,32,0
CUST-1457,1586.01,4693.09,200.0,27371.27,1.556,2827.13,30156.01,10.67,3,6,-0.263,63.8,Engaged,"{'transactionFrequency': 13.3, 'digitalUsage': 23.4, 'productUsage': 8.0, 'recency': 19.0, 'servicePenalty': 0.0}",2,True,False,False,False,1,0,0,101.0,93.7,10.2,6.7,449.9,38,323177,651,25,0
CUST-1458,9183.64,9264.85,200.0,25496.87,0.768,2873.81,42149.18,14.67,38,0,-0.615,41.6,At Risk,"{'transactionFrequency': 18.3, 'digitalUsage': 11.9, 'productUsage': 4.0, 'recency': 7.3, 'servicePenalty': 0.0}",1,False,False,False,False,0,0,0,0.0,47.7,1.8,0.8,667.9,45,250000,645,51,1
CUST-1459,258.32,44311.87,200.0,110266.57,0.996,2164.34,40040.25,18.5,2,9,-0.117,75.9,Engaged,"{'transactionFrequency': 23.1, 'digitalUsage': 21.4, 'productUsage': 12.0, 'recency': 19.3, 'servicePenalty': 0.0}",3,True,True,False,False,1,0,0,31.0,85.6,6.3,4.2,500.2,46,803712,800,20,0
CUST-1460,200.0,6056.07,200.0,21534.79,1.142,2020.99,4378.81,2.17,69,0,-0.5,17.2,Dormant,"{'transactionFrequency': 2.7, 'digitalUsage': 13.4, 'productUsage': 8.0, 'recency': 0.0, 'servicePenalty': 7.0}",2,False,False,False,True,2,1,1,52.0,53.8,1.2,0.3,390.5,28,306288,673,60,1
CUST-1461,60106.35,65833.69,57264.44,78111.43,0.094,2392.49,9569.95,4.0,45,0,-0.632,35.9,Dormant,"{'transactionFrequency': 5.0, 'digitalUsage': 21.9, 'productUsage': 4.0, 'recency': 5.0, 'servicePenalty': 0.0}",1,False,False,False,False,1,0,0,22.0,87.5,4.8,1.5,435.3,31,461059,678,4,1
CUST-1462,47035.55,73384.43,41834.83,110877.6,0.308,2575.21,34765.28,13.5,1,8,-0.196,59.7,At Risk,"{'transactionFrequency': 16.9, 'digitalUsage': 15.1, 'productUsage': 8.0, 'recency': 19.7, 'servicePenalty': 0.0}",2,True,False,False,False,0,0,0,0.0,60.5,3.2,1.7,587.0,53,574224,770,20,0
CUST-1463,200.0,10157.26,200.0,56573.79,1.701,2401.02,57224.42,23.83,1,16,-0.067,68.2,Engaged,"{'transactionFrequency': 25.0, 'digitalUsage': 15.6, 'productUsage': 12.0, 'recency': 19.7, 'servicePenalty': 4.0}",3,True,False,True,False,2,2,0,103.5,62.2,1.7,0.7,439.2,54,368376,800,24,0
CUST-1464,331602.89,358185.26,331602.89,382516.82,0.037,2196.08,28549.03,13.0,1,9,0.162,72.7,Engaged,"{'transactionFrequency': 16.2, 'digitalUsage': 22.8, 'productUsage': 16.0, 'recency': 19.7, 'servicePenalty': 2.0}",4,True,True,False,True,1,1,0,95.0,91.0,8.2,4.0,526.0,42,392429,592,41,0
CUST-1465,200.0,4124.18,200.0,14552.36,1.274,2530.6,17292.46,6.83,70,0,-0.771,28.4,Dormant,"{'transactionFrequency': 8.5, 'digitalUsage': 18.9, 'productUsage': 8.0, 'recency': 0.0, 'servicePenalty': 7.0}",2,False,True,False,False,1,1,1,0.0,75.6,6.2,1.8,385.3,28,833648,626,3,1
CUST-1466,200.0,3164.71,200.0,19619.06,1.298,2391.6,51817.97,21.67,1,12,-0.087,73.8,Engaged,"{'transactionFrequency': 25.0, 'digitalUsage': 21.1, 'productUsage': 8.0, 'recency': 19.7, 'servicePenalty': 0.0}",2,True,False,False,False,0,0,0,0.0,84.6,10.2,2.5,496.4,37,1314835,702,40,0
CUST-1467,1666.61,33344.77,200.0,107136.21,0.971,2518.42,72614.44,28.83,1,21,0.011,80.8,Highly Engaged,"{'transactionFrequency': 25.0, 'digitalUsage': 24.1, 'productUsage': 12.0, 'recency': 19.7, 'servicePenalty': 0.0}",3,False,False,True,True,0,0,0,0.0,96.5,9.5,4.0,525.4,24,475908,672,24,0
CUST-1468,200.0,72018.53,200.0,203372.62,0.877,2403.16,70092.1,29.17,2,19,-0.194,75.3,Engaged,"{'transactionFrequency': 25.0, 'digitalUsage': 19.0, 'productUsage': 12.0, 'recency': 19.3, 'servicePenalty': 0.0}",3,True,True,False,False,0,0,0,0.0,76.0,4.7,4.2,466.7,64,553656,767,17,0
CUST-1469,3336.25,58045.23,200.0,138153.99,0.68,2495.41,41174.29,16.5,2,10,0.061,77.4,Engaged,"{'transactionFrequency': 20.6, 'digitalUsage': 21.5, 'productUsage': 16.0, 'recency': 19.3, 'servicePenalty': 0.0}",4,True,False,True,True,2,0,0,18.0,85.9,12.0,4.0,496.6,38,250000,695,23,0
CUST-1470,19408.3,58370.43,11220.62,83817.08,0.278,2197.31,24170.4,11.0,1,9,-0.162,61.1,Engaged,"{'transactionFrequency': 13.8, 'digitalUsage': 19.7, 'productUsage': 8.0, 'recency': 19.7, 'servicePenalty': 0.0}",2,False,False,True,False,0,0,0,0.0,78.8,8.8,2.8,499.0,33,318247,736,5,0
CUST-1471,200.0,1505.6,200.0,16764.52,1.996,2233.23,52480.84,23.5,2,16,0.043,74.5,Engaged,"{'transactionFrequency': 25.0, 'digitalUsage': 22.2, 'productUsage': 8.0, 'recency': 19.3, 'servicePenalty': 0.0}",2,False,False,True,False,0,0,0,0.0,88.7,7.5,2.0,561.6,32,1109002,638,14,0
CUST-1472,188923.05,232570.7,188923.05,303463.2,0.141,1844.06,34115.02,18.5,1,12,-0.338,67.2,Engaged,"{'transactionFrequency': 23.1, 'digitalUsage': 16.4, 'productUsage': 12.0, 'recency': 19.7, 'servicePenalty': 4.0}",3,True,False,False,True,4,2,0,63.8,65.8,5.0,3.3,588.8,52,825226,678,26,0
CUST-1473,5040.08,2391.04,200.0,31698.14,2.289,2742.37,27423.71,10.0,4,2,-0.524,56.2,At Risk,"{'transactionFrequency': 12.5, 'digitalUsage': 17.1, 'productUsage': 8.0, 'recency': 18.7, 'servicePenalty': 0.0}",2,True,False,False,False,0,0,0,0.0,68.3,3.0,2.7,404.0,21,593851,704,8,1
CUST-1474,3255.58,43338.09,3255.58,86553.04,0.602,2898.01,31395.07,10.83,1,10,0.03,66.8,Engaged,"{'transactionFrequency': 13.5, 'digitalUsage': 21.6, 'productUsage': 12.0, 'recency': 19.7, 'servicePenalty': 0.0}",3,True,False,True,False,0,0,0,0.0,86.2,9.0,3.2,533.8,31,352257,817,11,0
CUST-1475,3666.7,48880.49,200.0,135729.9,0.96,2600.13,52002.52,20.0,1,15,-0.152,81.3,Highly Engaged,"{'transactionFrequency': 25.0, 'digitalUsage': 20.6, 'productUsage': 16.0, 'recency': 19.7, 'servicePenalty': 0.0}",4,False,True,True,True,0,0,0,0.0,82.5,5.3,4.2,546.1,53,893632,850,12,0
CUST-1476,200.0,30340.25,200.0,127485.34,1.36,2639.98,94599.26,35.83,1,23,0.009,84.3,Highly Engaged,"{'transactionFrequency': 25.0, 'digitalUsage': 23.6, 'productUsage': 16.0, 'recency': 19.7, 'servicePenalty': 0.0}",4,True,True,False,True,0,0,0,0.0,94.4,8.2,3.0,521.6,44,402206,823,65,0
CUST-1477,1995.86,15946.68,200.0,54803.96,1.163,2460.89,35272.71,14.33,2,13,-0.204,60.7,Engaged,"{'transactionFrequency': 17.9, 'digitalUsage': 19.5, 'productUsage': 4.0, 'recency': 19.3, 'servicePenalty': 0.0}",1,False,False,False,False,1,0,0,37.0,77.9,5.2,2.5,417.4,41,416448,647,92,0
CUST-1478,5694.42,9690.82,200.0,39785.2,1.19,2250.93,63401.31,28.17,1,21,-0.012,76.3,Engaged,"{'transactionFrequency': 25.0, 'digitalUsage': 21.6, 'productUsage': 12.0, 'recency': 19.7, 'servicePenalty': 2.0}",3,False,True,False,True,2,1,0,61.0,86.4,10.0,2.3,464.0,22,1399948,798,44,0
CUST-1479,200.0,10681.16,200.0,56896.17,1.556,2582.37,38305.15,14.83,3,11,0.068,66.0,Engaged,"{'transactionFrequency': 18.5, 'digitalUsage': 20.5, 'productUsage': 8.0, 'recency': 19.0, 'servicePenalty': 0.0}",2,False,False,True,False,0,0,0,0.0,82.0,6.5,0.5,590.3,21,464458,850,9,0
CUST-1480,65916.07,151858.76,65916.07,231558.04,0.293,2484.38,49687.67,20.0,3,12,-0.123,79.0,Engaged,"{'transactionFrequency': 25.0, 'digitalUsage': 18.9, 'productUsage': 16.0, 'recency': 19.0, 'servicePenalty': 0.0}",4,True,True,True,False,0,0,0,0.0,75.8,3.5,1.2,452.0,21,357500,764,13,0
CUST-1481,200.0,1541.19,200.0,10984.98,1.57,2284.29,57107.18,25.0,5,14,-0.076,76.0,Engaged,"{'transactionFrequency': 25.0, 'digitalUsage': 20.7, 'productUsage': 12.0, 'recency': 18.3, 'servicePenalty': 0.0}",3,True,False,False,True,0,0,0,0.0,82.7,5.2,2.2,518.9,41,438807,612,74,0
CUST-1482,153678.94,176722.6,143151.27,215864.4,0.121,2080.04,38480.72,18.5,1,14,-0.085,75.3,Engaged,"{'transactionFrequency': 23.1, 'digitalUsage': 20.5, 'productUsage': 12.0, 'recency': 19.7, 'servicePenalty': 0.0}",3,True,False,False,True,0,0,0,0.0,82.0,6.8,3.8,489.8,34,525651,755,37,0
CUST-1483,200.0,70841.09,200.0,169623.27,0.734,2346.16,53961.7,23.0,4,12,-0.158,79.4,Engaged,"{'transactionFrequency': 25.0, 'digitalUsage': 19.8, 'productUsage': 16.0, 'recency': 18.7, 'servicePenalty': 0.0}",4,True,False,True,True,0,0,0,0.0,79.0,6.7,3.8,506.0,34,550746,715,32,0
CUST-1484,6085.99,8263.43,200.0,30098.33,0.813,2304.93,33421.41,14.5,3,2,-0.439,67.0,Engaged,"{'transactionFrequency': 18.1, 'digitalUsage': 21.9, 'productUsage': 8.0, 'recency': 19.0, 'servicePenalty': 0.0}",2,False,False,True,False,0,0,0,0.0,87.4,5.5,3.5,513.1,37,737041,588,36,1
CUST-1485,200.0,13630.35,200.0,48648.53,1.301,2220.76,54038.39,24.33,3,19,-0.053,72.6,Engaged,"{'transactionFrequency': 25.0, 'digitalUsage': 16.6, 'productUsage': 12.0, 'recency': 19.0, 'servicePenalty': 0.0}",3,False,False,True,True,0,0,0,0.0,66.4,2.7,2.8,683.1,44,255658,634,123,0
CUST-1486,200.0,27343.67,200.0,93472.14,1.061,2538.25,35958.5,14.17,5,6,-0.327,67.0,Engaged,"{'transactionFrequency': 17.7, 'digitalUsage': 22.9, 'productUsage': 8.0, 'recency': 18.3, 'servicePenalty': 0.0}",2,False,True,False,False,0,0,0,0.0,91.8,9.2,3.8,488.1,44,285547,722,76,0
CUST-1487,200.0,3591.38,200.0,27076.79,1.533,2230.49,46096.72,20.67,1,16,0.066,83.6,Highly Engaged,"{'transactionFrequency': 25.0, 'digitalUsage': 23.0, 'productUsage': 16.0, 'recency': 19.7, 'servicePenalty': 0.0}",4,True,True,True,False,0,0,0,0.0,91.9,6.7,4.3,565.4,23,723305,691,19,0
CUST-1488,1530.78,3769.88,200.0,18047.97,1.532,3228.31,13451.27,4.17,68,0,-0.875,27.2,Dormant,"{'transactionFrequency': 5.2, 'digitalUsage': 21.0, 'productUsage': 8.0, 'recency': 0.0, 'servicePenalty': 7.0}",2,False,False,True,False,1,1,1,0.0,84.0,7.5,1.0,603.6,31,1234189,634,37,1
CUST-1489,79861.86,118267.19,75449.63,158323.72,0.195,2176.92,35556.43,16.33,1,15,0.5,71.7,Engaged,"{'transactionFrequency': 20.4, 'digitalUsage': 19.6, 'productUsage': 12.0, 'recency': 19.7, 'servicePenalty': 0.0}",3,True,False,True,False,0,0,0,0.0,78.6,7.5,2.0,517.9,46,569461,722,44,0
CUST-1490,94207.8,114044.23,93464.13,128233.62,0.071,2207.6,27227.03,12.33,1,13,0.235,66.3,Engaged,"{'transactionFrequency': 15.4, 'digitalUsage': 19.2, 'productUsage': 12.0, 'recency': 19.7, 'servicePenalty': 0.0}",3,False,False,True,True,0,0,0,0.0,77.0,2.7,2.0,520.1,54,505705,602,19,0
CUST-1491,3387.2,41612.37,200.0,77719.38,0.689,2400.41,43607.48,18.17,1,14,0.362,75.2,Engaged,"{'transactionFrequency': 22.7, 'digitalUsage': 24.8, 'productUsage': 8.0, 'recency': 19.7, 'servicePenalty': 0.0}",2,False,False,True,False,1,0,0,95.0,99.1,9.7,3.3,458.2,36,597999,780,36,0
CUST-1492,111614.03,173623.29,111614.03,256650.91,0.257,2334.25,35013.81,15.0,3,9,-0.122,74.3,Engaged,"{'transactionFrequency': 18.8, 'digitalUsage': 20.6, 'productUsage': 16.0, 'recency': 19.0, 'servicePenalty': 0.0}",4,True,True,False,True,0,0,0,0.0,82.2,5.5,3.2,436.7,40,1179119,744,15,0
CUST-1493,7071.26,7574.82,4865.85,9218.82,0.112,1399.76,3032.81,2.17,65,0,-0.5,30.2,Dormant,"{'transactionFrequency': 2.7, 'digitalUsage': 13.4, 'productUsage': 16.0, 'recency': 0.0, 'servicePenalty': 2.0}",4,True,False,True,True,1,1,0,110.0,53.8,2.5,1.0,393.1,30,2037744,706,9,1
CUST-1494,200.0,64679.98,200.0,130764.33,0.62,2417.52,48350.48,20.0,2,18,0.033,76.8,Engaged,"{'transactionFrequency': 25.0, 'digitalUsage': 20.4, 'productUsage': 12.0, 'recency': 19.3, 'servicePenalty': 0.0}",3,False,True,True,False,0,0,0,0.0,81.7,10.3,4.3,505.9,26,1236293,680,26,0
CUST-1495,68697.29,92596.27,68697.29,111071.94,0.126,2306.35,24601.06,10.67,2,5,-0.167,53.8,At Risk,"{'transactionFrequency': 13.3, 'digitalUsage': 17.2, 'productUsage': 4.0, 'recency': 19.3, 'servicePenalty': 0.0}",1,False,False,False,False,0,0,0,0.0,68.7,4.0,3.3,475.7,56,250000,719,140,0
CUST-1496,155651.26,206402.73,155651.26,247489.94,0.123,2668.64,34692.29,13.0,2,10,0.051,63.1,Engaged,"{'transactionFrequency': 16.2, 'digitalUsage': 19.6, 'productUsage': 8.0, 'recency': 19.3, 'servicePenalty': 0.0}",2,True,False,False,False,0,0,0,0.0,78.2,6.3,1.2,571.2,41,1722912,742,92,0
CUST-1497,28971.49,96742.21,28274.12,177659.15,0.442,2149.84,46221.62,21.5,5,9,-0.253,67.2,Engaged,"{'transactionFrequency': 25.0, 'digitalUsage': 15.9, 'productUsage': 8.0, 'recency': 18.3, 'servicePenalty': 0.0}",2,False,True,False,False,0,0,0,0.0,63.6,4.2,1.7,590.7,50,266809,620,18,0
CUST-1498,200.0,23077.65,200.0,42438.33,0.408,2449.97,28991.3,11.83,7,10,0.704,55.8,At Risk,"{'transactionFrequency': 14.8, 'digitalUsage': 19.4, 'productUsage': 4.0, 'recency': 17.7, 'servicePenalty': 0.0}",1,False,False,False,False,0,0,0,0.0,77.5,9.2,3.2,400.1,29,656865,712,23,0
CUST-1499,200.0,1155.92,200.0,7845.88,1.696,2661.4,28388.28,10.67,29,2,-0.706,43.7,At Risk,"{'transactionFrequency': 13.3, 'digitalUsage': 23.1, 'productUsage': 4.0, 'recency': 10.3, 'servicePenalty': 7.0}",1,False,False,False,False,2,1,1,40.0,92.2,6.0,1.8,542.5,36,4317443,850,3,1
CUST-1500,502.71,49209.6,200.0,119682.5,0.725,2618.41,48440.52,18.5,1,14,0.018,71.0,Engaged,"{'transactionFrequency': 23.1, 'digitalUsage': 16.2, 'productUsage': 12.0, 'recency': 19.7, 'servicePenalty': 0.0}",3,True,False,False,True,0,0,0,0.0,64.9,4.2,4.8,578.6,38,1676540,738,84,0
CUST-1501,200.0,4105.27,200.0,27455.13,1.638,2302.48,43747.12,19.0,1,15,-0.067,84.7,Highly Engaged,"{'transactionFrequency': 23.8, 'digitalUsage': 21.3, 'productUsage': 20.0, 'recency': 19.7, 'servicePenalty': 0.0}",5,True,True,True,True,0,0,0,0.0,85.1,5.3,0.8,503.4,49,411741,651,56,0
CUST-1502,200.0,41122.19,200.0,138037.28,1.041,2532.82,76829.01,30.33,1,23,0.14,80.0,Highly Engaged,"{'transactionFrequency': 25.0, 'digitalUsage': 19.4, 'productUsage': 16.0, 'recency': 19.7, 'servicePenalty': 0.0}",4,True,False,True,True,0,0,0,0.0,77.5,5.3,2.5,445.7,35,1093355,758,94,0
CUST-1503,200.0,21841.37,200.0,62013.07,0.961,2048.05,33451.54,16.33,1,12,-0.214,70.2,Engaged,"{'transactionFrequency': 20.4, 'digitalUsage': 18.1, 'productUsage': 12.0, 'recency': 19.7, 'servicePenalty': 0.0}",3,True,False,False,True,0,0,0,0.0,72.4,5.0,2.7,479.8,21,573042,850,128,0
CUST-1504,200.0,19442.25,200.0,56784.66,1.144,2136.73,44871.26,21.0,1,13,0.133,72.7,Engaged,"{'transactionFrequency': 25.0, 'digitalUsage': 16.1, 'productUsage': 12.0, 'recency': 19.7, 'servicePenalty': 0.0}",3,True,False,True,False,3,0,0,80.0,64.3,7.2,2.2,530.2,47,673451,802,18,0
CUST-1505,200.0,51803.08,200.0,128925.38,0.823,2328.12,43070.16,18.5,1,14,-0.052,71.0,Engaged,"{'transactionFrequency': 23.1, 'digitalUsage': 18.2, 'productUsage': 12.0, 'recency': 19.7, 'servicePenalty': 2.0}",3,True,False,False,True,2,1,0,44.5,73.0,2.5,2.5,494.9,29,250000,733,13,0
CUST-1506,7416.3,68501.84,7416.3,106393.0,0.439,2250.95,27761.72,12.33,6,8,0.054,66.4,Engaged,"{'transactionFrequency': 15.4, 'digitalUsage': 20.9, 'productUsage': 12.0, 'recency': 18.0, 'servicePenalty': 0.0}",3,False,True,False,True,0,0,0,0.0,83.8,8.7,4.2,611.3,30,1006247,638,18,0
CUST-1507,200.0,13986.86,200.0,85453.06,1.709,2149.08,45130.75,21.0,1,14,0.032,84.5,Highly Engaged,"{'transactionFrequency': 25.0, 'digitalUsage': 19.9, 'productUsage': 20.0, 'recency': 19.7, 'servicePenalty': 0.0}",5,True,True,True,True,0,0,0,0.0,79.4,7.8,1.8,511.4,52,438705,834,3,0
CUST-1508,36703.33,96585.13,36703.33,138914.3,0.308,2240.07,31734.35,14.17,7,8,-0.149,66.7,Engaged,"{'transactionFrequency': 17.7, 'digitalUsage': 17.4, 'productUsage': 16.0, 'recency': 17.7, 'servicePenalty': 2.0}",4,True,True,True,False,1,1,0,57.0,69.4,4.8,3.2,484.0,45,382352,805,19,0
CUST-1509,2937.76,6595.19,200.0,35088.55,1.374,2457.08,45046.54,18.33,2,8,-0.4,72.9,Engaged,"{'transactionFrequency': 22.9, 'digitalUsage': 18.6, 'productUsage': 12.0, 'recency': 19.3, 'servicePenalty': 0.0}",3,False,True,False,True,1,0,0,45.0,74.5,4.8,2.8,360.2,49,332592,652,24,0
CUST-1510,8245.1,84683.81,8245.1,135104.84,0.437,2197.28,37720.0,17.17,7,10,0.019,71.5,Engaged,"{'transactionFrequency': 21.5, 'digitalUsage': 20.4, 'productUsage': 12.0, 'recency': 17.7, 'servicePenalty': 0.0}",3,True,False,True,False,0,0,0,0.0,81.6,8.5,3.7,557.2,22,425688,785,135,0
CUST-1511,200.0,34734.82,200.0,103805.97,1.095,2438.73,58123.02,23.83,1,18,0.197,74.0,Engaged,"{'transactionFrequency': 25.0, 'digitalUsage': 21.3, 'productUsage': 8.0, 'recency': 19.7, 'servicePenalty': 0.0}",2,False,False,True,False,0,0,0,0.0,85.3,7.3,4.2,414.6,44,393354,674,25,0
CUST-1512,1462.12,12281.38,200.0,63025.73,1.252,2219.2,40315.47,18.17,4,15,-0.238,69.7,Engaged,"{'transactionFrequency': 22.7, 'digitalUsage': 16.3, 'productUsage': 12.0, 'recency': 18.7, 'servicePenalty': 0.0}",3,True,False,True,False,0,0,0,0.0,65.1,2.8,2.7,565.3,41,567993,747,12,0
CUST-1513,46518.14,83251.05,44852.65,130742.85,0.319,2408.29,25688.42,10.67,5,7,0.062,59.6,At Risk,"{'transactionFrequency': 13.3, 'digitalUsage': 19.9, 'productUsage': 8.0, 'recency': 18.3, 'servicePenalty': 0.0}",2,False,False,False,True,0,0,0,0.0,79.7,7.0,2.8,565.5,55,250000,850,6,0
CUST-1514,1836.0,3478.46,200.0,12023.54,1.02,3288.87,7125.88,2.17,38,0,-0.333,22.6,Dormant,"{'transactionFrequency': 2.7, 'digitalUsage': 11.6, 'productUsage': 8.0, 'recency': 7.3, 'servicePenalty': 7.0}",2,True,False,False,False,1,1,1,0.0,46.2,4.0,2.2,568.8,28,284108,745,8,1
CUST-1515,121036.13,178016.01,121036.13,228448.86,0.184,2750.51,46758.73,17.0,4,13,0.311,68.6,Engaged,"{'transactionFrequency': 21.2, 'digitalUsage': 16.7, 'productUsage': 12.0, 'recency': 18.7, 'servicePenalty': 0.0}",3,True,False,True,False,0,0,0,0.0,66.7,5.7,2.7,535.6,34,648994,765,7,0
CUST-1516,105491.88,170386.37,105109.48,228663.05,0.2,2228.37,33796.97,15.17,1,14,0.163,68.6,Engaged,"{'transactionFrequency': 19.0, 'digitalUsage': 22.0, 'productUsage': 8.0, 'recency': 19.7, 'servicePenalty': 0.0}",2,True,False,False,False,0,0,0,0.0,87.9,8.5,2.8,409.2,34,313993,770,35,0
CUST-1517,15578.83,22081.07,200.0,70400.92,0.909,2294.64,36331.87,15.83,6,11,0.064,72.5,Engaged,"{'transactionFrequency': 19.8, 'digitalUsage': 18.7, 'productUsage': 16.0, 'recency': 18.0, 'servicePenalty': 0.0}",4,True,True,True,False,0,0,0,0.0,74.7,6.3,1.8,487.8,38,806680,706,14,0
CUST-1518,200.0,1485.72,200.0,15296.59,2.196,2112.37,28869.01,13.67,57,0,-0.727,43.7,At Risk,"{'transactionFrequency': 17.1, 'digitalUsage': 21.6, 'productUsage': 4.0, 'recency': 1.0, 'servicePenalty': 0.0}",1,False,False,False,False,0,0,0,0.0,86.6,4.7,3.8,526.5,32,417373,602,8,1
CUST-1519,2882.68,8094.68,200.0,44821.73,1.363,2915.66,49566.14,17.0,3,14,0.122,75.6,Engaged,"{'transactionFrequency': 21.2, 'digitalUsage': 19.4, 'productUsage': 16.0, 'recency': 19.0, 'servicePenalty': 0.0}",4,True,True,True,False,0,0,0,0.0,77.5,7.2,1.3,604.2,52,745471,716,12,0
CUST-1520,200.0,94536.01,200.0,196299.3,0.585,2634.16,51805.06,19.67,3,14,-0.182,74.9,Engaged,"{'transactionFrequency': 24.6, 'digitalUsage': 23.3, 'productUsage': 8.0, 'recency': 19.0, 'servicePenalty': 0.0}",2,True,False,False,False,0,0,0,0.0,93.2,9.7,4.2,426.6,41,2889538,736,70,0
CUST-1521,13713.7,56066.41,13713.7,87317.67,0.336,2132.19,27718.52,13.0,1,12,0.0,68.4,Engaged,"{'transactionFrequency': 16.2, 'digitalUsage': 20.5, 'productUsage': 12.0, 'recency': 19.7, 'servicePenalty': 0.0}",3,False,True,True,False,1,0,0,64.0,82.1,6.8,2.7,449.8,29,250000,644,16,0
CUST-1522,200.0,33596.61,200.0,97831.79,1.146,2388.79,58127.27,24.33,3,15,0.085,74.4,Engaged,"{'transactionFrequency': 25.0, 'digitalUsage': 22.4, 'productUsage': 8.0, 'recency': 19.0, 'servicePenalty': 0.0}",2,False,False,False,True,0,0,0,0.0,89.7,13.7,2.5,563.2,42,274028,745,20,0
CUST-1523,1415.18,16515.41,200.0,53656.7,1.161,2336.32,40106.76,17.17,1,12,-0.056,70.6,Engaged,"{'transactionFrequency': 21.5, 'digitalUsage': 17.5, 'productUsage': 12.0, 'recency': 19.7, 'servicePenalty': 0.0}",3,False,False,True,True,0,0,0,0.0,69.9,4.2,3.7,512.6,28,1144856,782,6,0
CUST-1524,946.65,13494.3,200.0,38097.01,0.915,2397.97,34370.88,14.33,11,6,-0.24,64.3,Engaged,"{'transactionFrequency': 17.9, 'digitalUsage': 18.0, 'productUsage': 12.0, 'recency': 16.3, 'servicePenalty': 0.0}",3,True,False,True,False,0,0,0,0.0,72.1,3.5,1.5,547.9,21,647551,738,4,0
CUST-1525,250.0,11038.16,200.0,56992.76,1.141,2608.42,28257.86,10.83,2,8,-0.139,63.3,Engaged,"{'transactionFrequency': 13.5, 'digitalUsage': 18.4, 'productUsage': 12.0, 'recency': 19.3, 'servicePenalty': 0.0}",3,True,True,False,False,0,0,0,0.0,73.8,4.0,2.5,482.5,53,350176,761,39,0
CUST-1526,200.0,5320.0,200.0,40335.61,1.723,2671.44,38735.88,14.5,1,10,0.023,74.8,Engaged,"{'transactionFrequency': 18.1, 'digitalUsage': 21.0, 'productUsage': 16.0, 'recency': 19.7, 'servicePenalty': 0.0}",4,True,True,True,False,0,0,0,0.0,83.9,8.3,2.0,391.2,21,920772,697,32,0
CUST-1527,2663.64,42506.67,200.0,128239.08,1.037,2557.98,65654.81,25.67,1,21,-0.074,74.2,Engaged,"{'transactionFrequency': 25.0, 'digitalUsage': 17.5, 'productUsage': 12.0, 'recency': 19.7, 'servicePenalty': 0.0}",3,False,True,True,False,0,0,0,0.0,70.1,5.0,2.3,498.2,49,404729,784,15,0
CUST-1528,3102.73,4326.21,200.0,15517.52,0.996,2415.32,72459.52,30.0,1,23,0.22,78.4,Engaged,"{'transactionFrequency': 25.0, 'digitalUsage': 19.7, 'productUsage': 16.0, 'recency': 19.7, 'servicePenalty': 2.0}",4,True,False,True,True,1,1,0,105.0,78.9,5.7,3.2,560.0,35,3152238,786,94,0
CUST-1529,33046.21,81540.15,33046.21,145022.58,0.407,2660.32,35914.25,13.5,2,10,0.024,65.2,Engaged,"{'transactionFrequency': 16.9, 'digitalUsage': 21.0, 'productUsage': 8.0, 'recency': 19.3, 'servicePenalty': 0.0}",2,True,False,False,False,0,0,0,0.0,84.0,7.8,2.2,544.1,35,859225,729,10,0
CUST-1530,40373.8,94409.76,40373.8,139352.56,0.31,2434.39,38544.5,15.83,1,12,0.064,67.0,Engaged,"{'transactionFrequency': 19.8, 'digitalUsage': 21.6, 'productUsage': 8.0, 'recency': 19.7, 'servicePenalty': 2.0}",2,False,False,False,True,1,1,0,7.0,86.3,5.8,2.2,421.9,38,794748,744,25,0
CUST-1531,200.0,3526.14,200.0,20386.76,1.394,2223.73,36320.93,16.33,1,17,0.381,66.0,Engaged,"{'transactionFrequency': 20.4, 'digitalUsage': 21.9, 'productUsage': 8.0, 'recency': 19.7, 'servicePenalty': 4.0}",2,False,True,False,False,4,2,0,52.5,87.8,8.2,4.8,478.7,33,935410,737,47,0
CUST-1532,3979.09,4558.45,200.0,21273.79,1.189,2705.77,22999.08,8.5,4,3,-0.344,54.0,At Risk,"{'transactionFrequency': 10.6, 'digitalUsage': 16.7, 'productUsage': 8.0, 'recency': 18.7, 'servicePenalty': 0.0}",2,True,False,False,False,0,0,0,0.0,66.7,1.2,2.0,658.8,27,411690,700,3,1
CUST-1533,200.0,3719.82,200.0,27736.38,2.163,2234.02,19733.82,8.83,64,0,-0.625,36.8,Dormant,"{'transactionFrequency': 11.0, 'digitalUsage': 19.8, 'productUsage': 8.0, 'recency': 0.0, 'servicePenalty': 2.0}",2,False,False,True,False,2,1,0,42.0,79.2,2.3,0.7,477.1,39,400483,738,6,1
CUST-1534,200.0,5985.04,200.0,32015.72,1.25,2663.18,48381.03,18.17,2,10,-0.266,70.1,Engaged,"{'transactionFrequency': 22.7, 'digitalUsage': 16.1, 'productUsage': 12.0, 'recency': 19.3, 'servicePenalty': 0.0}",3,False,False,True,True,0,0,0,0.0,64.2,2.3,1.0,509.1,44,250000,687,32,0
CUST-1535,257351.52,294008.63,245354.16,345097.03,0.1,1848.92,34205.01,18.5,1,11,0.018,69.5,Engaged,"{'transactionFrequency': 23.1, 'digitalUsage': 18.7, 'productUsage': 8.0, 'recency': 19.7, 'servicePenalty': 0.0}",2,True,False,False,False,0,0,0,0.0,74.8,6.2,1.3,586.0,21,255230,729,21,0
CUST-1536,150387.32,167854.97,146331.03,202169.01,0.107,2212.48,23968.56,10.83,3,2,-0.086,62.8,Engaged,"{'transactionFrequency': 13.5, 'digitalUsage': 22.3, 'productUsage': 8.0, 'recency': 19.0, 'servicePenalty': 0.0}",2,False,False,True,False,0,0,0,0.0,89.2,11.8,1.3,432.0,45,250000,588,49,0
CUST-1537,130119.03,236292.14,129448.11,334008.98,0.252,2352.98,63530.46,27.0,2,22,0.31,78.7,Engaged,"{'transactionFrequency': 25.0, 'digitalUsage': 22.4, 'productUsage': 12.0, 'recency': 19.3, 'servicePenalty': 0.0}",3,False,True,False,True,0,0,0,0.0,89.5,12.7,5.7,519.7,44,632650,633,41,0
CUST-1538,265814.36,337971.78,265814.36,406225.12,0.123,2010.35,54614.52,27.17,1,17,-0.167,76.6,Engaged,"{'transactionFrequency': 25.0, 'digitalUsage': 23.9, 'productUsage': 8.0, 'recency': 19.7, 'servicePenalty': 0.0}",2,False,False,True,False,0,0,0,0.0,95.7,8.7,3.5,496.4,31,619221,664,112,0
CUST-1539,350479.42,405476.52,348040.99,498067.83,0.11,3013.45,38170.4,12.67,5,7,-0.186,63.2,Engaged,"{'transactionFrequency': 15.8, 'digitalUsage': 19.1, 'productUsage': 12.0, 'recency': 18.3, 'servicePenalty': 2.0}",3,True,True,False,False,1,1,0,115.0,76.3,4.5,1.5,519.3,56,503148,750,7,0
CUST-1540,302.48,21942.88,200.0,64668.88,1.001,2812.32,43122.24,15.33,4,6,-0.157,66.5,Engaged,"{'transactionFrequency': 19.2, 'digitalUsage': 20.6, 'productUsage': 8.0, 'recency': 18.7, 'servicePenalty': 0.0}",2,False,False,False,True,0,0,0,0.0,82.6,7.0,2.8,480.0,45,1676211,614,16,0
CUST-1541,8267.33,11987.03,200.0,55998.05,1.192,2094.44,41190.62,19.67,3,12,0.182,82.0,Highly Engaged,"{'transactionFrequency': 24.6, 'digitalUsage': 22.4, 'productUsage': 16.0, 'recency': 19.0, 'servicePenalty': 0.0}",4,True,False,True,True,0,0,0,0.0,89.8,7.0,4.8,538.6,23,471657,754,4,0
CUST-1542,200.0,13259.24,200.0,60175.95,1.308,2709.01,35668.65,13.17,38,0,-0.714,39.6,Dormant,"{'transactionFrequency': 16.5, 'digitalUsage': 16.8, 'productUsage': 4.0, 'recency': 7.3, 'servicePenalty': 5.0}",1,False,False,False,False,1,0,1,0.0,67.1,2.3,2.5,477.6,21,887412,643,6,1
CUST-1543,4774.54,3338.34,200.0,16567.47,0.935,2337.2,35837.12,15.33,31,0,-0.597,51.4,At Risk,"{'transactionFrequency': 19.2, 'digitalUsage': 19.6, 'productUsage': 8.0, 'recency': 9.7, 'servicePenalty': 5.0}",2,False,False,False,True,1,0,1,0.0,78.3,4.8,2.5,566.1,21,1336640,592,29,1
CUST-1544,200.0,2906.39,200.0,20410.54,1.752,2561.55,32446.25,12.67,12,2,-0.375,58.9,At Risk,"{'transactionFrequency': 15.8, 'digitalUsage': 22.1, 'productUsage': 12.0, 'recency': 16.0, 'servicePenalty': 7.0}",3,False,True,True,False,1,1,1,0.0,88.2,7.0,2.5,543.7,34,364668,682,3,1
CUST-1545,17805.85,20096.45,200.0,89353.45,1.168,2478.49,54113.71,21.83,1,15,0.078,73.6,Engaged,"{'transactionFrequency': 25.0, 'digitalUsage': 17.0, 'productUsage': 12.0, 'recency': 19.7, 'servicePenalty': 0.0}",3,True,False,False,True,0,0,0,0.0,67.9,2.5,1.3,620.2,36,701320,800,13,0
CUST-1546,3926.21,26042.52,200.0,87175.27,0.99,2067.71,37908.05,18.33,2,16,0.286,76.3,Engaged,"{'transactionFrequency': 22.9, 'digitalUsage': 24.1, 'productUsage': 12.0, 'recency': 19.3, 'servicePenalty': 2.0}",3,False,False,True,True,1,1,0,23.0,96.4,14.3,4.2,455.9,38,341340,561,48,0
CUST-1547,6091.36,58604.08,6091.36,91552.78,0.471,2616.7,34017.14,13.0,3,9,-0.095,64.1,Engaged,"{'transactionFrequency': 16.2, 'digitalUsage': 20.8, 'productUsage': 8.0, 'recency': 19.0, 'servicePenalty': 0.0}",2,True,False,False,False,0,0,0,0.0,83.3,4.7,3.0,500.3,45,566500,700,3,0
CUST-1548,21809.86,22713.49,18193.28,27975.94,0.116,1850.89,4010.26,2.17,79,0,-0.636,25.9,Dormant,"{'transactionFrequency': 2.7, 'digitalUsage': 19.2, 'productUsage': 4.0, 'recency': 0.0, 'servicePenalty': 0.0}",1,False,False,False,False,0,0,0,0.0,76.9,0.5,0.0,775.5,45,498838,461,56,1
CUST-1549,5517.92,73131.03,5517.92,121107.73,0.439,2086.76,29562.49,14.17,1,12,0.175,70.3,Engaged,"{'transactionFrequency': 17.7, 'digitalUsage': 20.9, 'productUsage': 12.0, 'recency': 19.7, 'servicePenalty': 0.0}",3,False,False,True,True,0,0,0,0.0,83.5,14.7,2.8,390.8,29,515260,655,6,0
CUST-1550,2056.32,5904.19,200.0,29608.85,1.147,3052.49,31542.37,10.33,29,1,-0.609,52.4,At Risk,"{'transactionFrequency': 12.9, 'digitalUsage': 20.1, 'productUsage': 16.0, 'recency': 10.3, 'servicePenalty': 7.0}",4,False,True,True,True,1,1,1,0.0,80.6,4.3,2.8,537.4,32,475256,548,29,1
CUST-1551,204.32,5170.72,200.0,37055.68,1.522,2543.55,49175.36,19.33,2,16,-0.033,74.6,Engaged,"{'transactionFrequency': 24.2, 'digitalUsage': 15.1, 'productUsage': 16.0, 'recency': 19.3, 'servicePenalty': 0.0}",4,True,True,True,False,0,0,0,0.0,60.3,0.5,0.7,380.8,56,250000,753,39,0
CUST-1552,200.0,22699.59,200.0,80901.26,1.133,2348.7,50888.52,21.67,3,16,-0.141,72.5,Engaged,"{'transactionFrequency': 25.0, 'digitalUsage': 16.6, 'productUsage': 16.0, 'recency': 19.0, 'servicePenalty': 4.0}",4,True,False,True,True,2,2,0,51.5,66.2,5.0,2.3,432.3,29,720841,751,14,0
CUST-1553,11753.47,3622.05,200.0,11753.47,1.199,2278.15,18225.2,8.0,30,1,-0.529,39.6,Dormant,"{'transactionFrequency': 10.0, 'digitalUsage': 15.6, 'productUsage': 4.0, 'recency': 10.0, 'servicePenalty': 0.0}",1,False,False,False,False,0,0,0,0.0,62.5,2.5,0.7,608.5,38,615015,589,14,1
CUST-1554,200.0,11514.38,200.0,66965.22,1.501,2471.0,37065.02,15.0,5,11,0.19,66.3,Engaged,"{'transactionFrequency': 18.8, 'digitalUsage': 17.2, 'productUsage': 12.0, 'recency': 18.3, 'servicePenalty': 0.0}",3,False,False,True,True,0,0,0,0.0,68.9,0.8,2.8,407.7,46,1413523,662,3,0
CUST-1555,200.0,12358.55,200.0,68076.63,1.381,2420.2,42756.81,17.67,1,12,-0.138,77.1,Engaged,"{'transactionFrequency': 22.1, 'digitalUsage': 19.4, 'productUsage': 16.0, 'recency': 19.7, 'servicePenalty': 0.0}",4,True,True,False,True,0,0,0,0.0,77.4,7.7,2.0,530.5,35,340175,697,54,0
CUST-1556,28271.09,93386.81,22666.47,166297.57,0.481,2170.38,52812.61,24.33,3,11,-0.217,74.9,Engaged,"{'transactionFrequency': 25.0, 'digitalUsage': 14.9, 'productUsage': 16.0, 'recency': 19.0, 'servicePenalty': 0.0}",4,True,True,False,True,0,0,0,0.0,59.6,4.7,0.5,562.6,57,870471,769,23,0
CUST-1557,332622.57,446766.02,332622.57,531112.82,0.133,2475.58,63127.18,25.5,1,20,0.123,77.6,Engaged,"{'transactionFrequency': 25.0, 'digitalUsage': 20.9, 'productUsage': 12.0, 'recency': 19.7, 'servicePenalty': 0.0}",3,True,True,False,False,0,0,0,0.0,83.7,9.0,3.3,394.9,38,1062967,769,46,0
CUST-1558,200.0,49169.49,200.0,97838.25,0.653,2397.86,42761.79,17.83,2,13,-0.018,64.1,Engaged,"{'transactionFrequency': 22.3, 'digitalUsage': 14.5, 'productUsage': 8.0, 'recency': 19.3, 'servicePenalty': 0.0}",2,True,False,False,False,0,0,0,0.0,57.9,5.3,2.2,499.4,51,920471,812,3,0
CUST-1559,43581.55,75449.05,43581.55,131457.93,0.329,2254.41,15780.9,7.0,7,1,-0.483,59.1,At Risk,"{'transactionFrequency': 8.8, 'digitalUsage': 16.7, 'productUsage': 16.0, 'recency': 17.7, 'servicePenalty': 0.0}",4,True,False,True,True,0,0,0,0.0,66.7,8.8,1.8,494.8,28,709978,572,5,0
CUST-1560,73100.77,144021.02,73100.77,214373.82,0.267,2302.65,47971.96,20.83,1,18,-0.076,72.1,Engaged,"{'transactionFrequency': 25.0, 'digitalUsage': 19.4, 'productUsage': 8.0, 'recency': 19.7, 'servicePenalty': 0.0}",2,False,True,False,False,0,0,0,0.0,77.6,10.0,4.3,467.7,33,727272,725,18,0
CUST-1561,8791.61,84992.43,8791.61,129052.58,0.434,2337.95,42862.43,18.33,4,13,0.113,72.7,Engaged,"{'transactionFrequency': 22.9, 'digitalUsage': 21.1, 'productUsage': 12.0, 'recency': 18.7, 'servicePenalty': 2.0}",3,False,True,False,True,1,1,0,31.0,84.5,9.7,4.7,461.2,43,495816,617,14,0
CUST-1562,13487.81,22623.0,9980.46,38066.8,0.461,2950.44,7867.83,2.67,71,0,-0.5,19.5,Dormant,"{'transactionFrequency': 3.3, 'digitalUsage': 17.2, 'productUsage': 4.0, 'recency': 0.0, 'servicePenalty': 5.0}",1,False,False,False,False,1,0,1,0.0,68.7,2.2,1.3,537.1,53,250000,580,3,1
CUST-1563,200.0,15202.84,200.0,68231.31,1.315,2207.44,43045.09,19.5,4,11,0.164,70.9,Engaged,"{'transactionFrequency': 24.4, 'digitalUsage': 19.9, 'productUsage': 8.0, 'recency': 18.7, 'servicePenalty': 0.0}",2,True,False,False,False,0,0,0,0.0,79.5,6.3,3.3,478.1,61,1695551,634,28,0
CUST-1564,802.19,33498.05,200.0,83994.26,0.726,2349.65,32111.93,13.67,5,7,-0.353,74.9,Engaged,"{'transactionFrequency': 17.1, 'digitalUsage': 19.5, 'productUsage': 20.0, 'recency': 18.3, 'servicePenalty': 0.0}",5,True,True,True,True,0,0,0,0.0,78.0,9.7,4.7,552.1,27,668917,711,3,0
CUST-1565,1542.78,29621.08,200.0,106402.26,1.094,2048.06,55639.05,27.17,1,19,-0.146,86.6,Highly Engaged,"{'transactionFrequency': 25.0, 'digitalUsage': 21.9, 'productUsage': 20.0, 'recency': 19.7, 'servicePenalty': 0.0}",5,True,True,True,True,0,0,0,0.0,87.7,9.8,4.7,553.6,31,1407642,765,37,0
CUST-1566,643758.81,670121.9,643758.81,705925.52,0.026,2366.93,30770.08,13.0,5,9,-0.298,72.1,Engaged,"{'transactionFrequency': 16.2, 'digitalUsage': 21.5, 'productUsage': 16.0, 'recency': 18.3, 'servicePenalty': 0.0}",4,True,True,False,True,0,0,0,0.0,85.9,8.7,3.7,434.4,42,450305,687,19,0
CUST-1567,4401.19,19308.62,4401.19,37046.32,0.571,2452.2,24522.0,10.0,7,3,-0.45,59.4,At Risk,"{'transactionFrequency': 12.5, 'digitalUsage': 21.2, 'productUsage': 8.0, 'recency': 17.7, 'servicePenalty': 0.0}",2,True,False,False,False,0,0,0,0.0,85.0,6.2,1.7,568.9,40,454784,728,3,1
CUST-1568,37153.34,120937.5,37153.34,179915.03,0.34,2050.31,40322.75,19.67,1,16,0.308,79.3,Engaged,"{'transactionFrequency': 24.6, 'digitalUsage': 19.1, 'productUsage': 16.0, 'recency': 19.7, 'servicePenalty': 0.0}",4,True,True,True,False,0,0,0,0.0,76.3,7.8,3.2,464.3,21,834280,771,140,0
CUST-1569,383884.53,414633.84,383689.34,438082.52,0.028,2313.44,27375.69,11.83,1,8,0.147,67.9,Engaged,"{'transactionFrequency': 14.8, 'digitalUsage': 21.5, 'productUsage': 12.0, 'recency': 19.7, 'servicePenalty': 0.0}",3,True,True,False,False,1,0,0,62.0,85.9,8.3,4.3,508.8,39,770752,738,58,0
CUST-1570,18526.17,68121.38,7207.35,138479.01,0.649,2451.32,33092.89,13.5,3,6,0.075,59.9,At Risk,"{'transactionFrequency': 16.9, 'digitalUsage': 20.1, 'productUsage': 4.0, 'recency': 19.0, 'servicePenalty': 0.0}",1,False,False,False,False,0,0,0,0.0,80.2,7.3,2.7,534.4,52,1266989,709,42,0
CUST-1571,1624.43,51764.3,200.0,130729.03,0.832,2449.07,54287.75,22.17,1,15,-0.099,74.9,Engaged,"{'transactionFrequency': 25.0, 'digitalUsage': 18.2, 'productUsage': 12.0, 'recency': 19.7, 'servicePenalty': 0.0}",3,False,False,True,True,0,0,0,0.0,72.9,1.5,4.0,435.4,51,1249943,634,6,0
CUST-1572,30858.39,88184.93,30858.39,128414.05,0.279,2455.13,42146.35,17.17,1,14,-0.056,71.6,Engaged,"{'transactionFrequency': 21.5, 'digitalUsage': 18.4, 'productUsage': 12.0, 'recency': 19.7, 'servicePenalty': 0.0}",3,True,True,False,False,0,0,0,0.0,73.8,5.8,1.2,563.1,46,623934,718,3,0
CUST-1573,200.0,20378.42,200.0,44670.16,0.872,2298.62,14557.93,6.33,44,0,-0.333,32.0,Dormant,"{'transactionFrequency': 7.9, 'digitalUsage': 17.8, 'productUsage': 8.0, 'recency': 5.3, 'servicePenalty': 7.0}",2,False,True,False,False,1,1,1,0.0,71.1,2.8,0.0,482.0,65,443201,544,7,1
CUST-1574,3779.92,11991.94,200.0,48372.98,1.188,2267.27,31363.92,13.83,4,1,-0.426,62.9,Engaged,"{'transactionFrequency': 17.3, 'digitalUsage': 22.9, 'productUsage': 4.0, 'recency': 18.7, 'servicePenalty': 0.0}",1,False,False,False,False,0,0,0,0.0,91.6,7.5,4.0,541.6,33,459364,555,26,1
CUST-1575,200.0,27736.99,200.0,58611.6,0.785,2533.73,26181.86,10.33,8,4,0.207,59.6,At Risk,"{'transactionFrequency': 12.9, 'digitalUsage': 21.4, 'productUsage': 8.0, 'recency': 17.3, 'servicePenalty': 0.0}",2,False,True,False,False,0,0,0,0.0,85.5,7.0,4.2,573.3,33,742467,774,15,0
CUST-1576,200.0,5074.01,200.0,22047.95,1.414,2444.95,22412.02,9.17,42,0,-0.643,34.5,Dormant,"{'transactionFrequency': 11.5, 'digitalUsage': 20.0, 'productUsage': 4.0, 'recency': 6.0, 'servicePenalty': 7.0}",1,False,False,False,False,1,1,1,0.0,80.0,2.7,0.7,590.2,21,1193429,712,31,1
CUST-1577,200.0,19062.83,200.0,58163.41,0.676,2208.48,34231.37,15.5,2,15,0.159,67.6,Engaged,"{'transactionFrequency': 19.4, 'digitalUsage': 16.9, 'productUsage': 12.0, 'recency': 19.3, 'servicePenalty': 0.0}",3,False,True,True,False,0,0,0,0.0,67.7,5.3,2.0,588.1,65,561375,771,5,0
CUST-1578,200.0,2255.09,200.0,22513.62,1.936,2245.52,22080.97,9.83,15,1,-0.512,54.4,At Risk,"{'transactionFrequency': 12.3, 'digitalUsage': 19.1, 'productUsage': 8.0, 'recency': 15.0, 'servicePenalty': 0.0}",2,False,False,True,False,0,0,0,0.0,76.3,2.8,1.2,514.5,30,334771,718,3,1
CUST-1579,200.0,10027.54,200.0,41293.3,1.428,2703.04,44149.69,16.33,1,12,0.174,67.7,Engaged,"{'transactionFrequency': 20.4, 'digitalUsage': 19.6, 'productUsage': 8.0, 'recency': 19.7, 'servicePenalty': 0.0}",2,False,False,True,False,0,0,0,0.0,78.6,8.7,2.3,513.9,33,924573,605,26,0
CUST-1580,200.0,51176.57,200.0,162477.66,1.078,2420.11,76233.59,31.5,1,28,0.011,76.8,Engaged,"{'transactionFrequency': 25.0, 'digitalUsage': 20.1, 'productUsage': 12.0, 'recency': 19.7, 'servicePenalty': 0.0}",3,True,False,True,False,0,0,0,0.0,80.4,6.0,2.7,550.8,27,494512,784,49,0
CUST-1581,515.91,19548.14,200.0,72403.59,1.192,2354.27,22757.9,9.67,7,1,-0.8,55.9,At Risk,"{'transactionFrequency': 12.1, 'digitalUsage': 18.1, 'productUsage': 8.0, 'recency': 17.7, 'servicePenalty': 0.0}",2,True,False,False,False,0,0,0,0.0,72.4,1.5,0.2,705.0,48,388866,770,8,1
CUST-1582,98103.19,118086.48,93200.45,144187.2,0.148,2083.85,26048.17,12.5,2,9,-0.026,72.3,Engaged,"{'transactionFrequency': 15.6, 'digitalUsage': 21.3, 'productUsage': 16.0, 'recency': 19.3, 'servicePenalty': 0.0}",4,True,False,True,True,0,0,0,0.0,85.3,9.3,3.0,476.5,21,1837531,850,59,0
CUST-1583,200.0,5959.84,200.0,33077.11,1.532,2427.14,46520.26,19.17,2,16,0.053,72.2,Engaged,"{'transactionFrequency': 24.0, 'digitalUsage': 16.9, 'productUsage': 12.0, 'recency': 19.3, 'servicePenalty': 0.0}",3,True,True,False,False,0,0,0,0.0,67.8,7.3,3.0,526.5,65,646670,850,22,0
CUST-1584,200.0,59560.17,200.0,164682.76,0.868,2612.41,47458.85,18.17,2,12,-0.18,71.1,Engaged,"{'transactionFrequency': 22.7, 'digitalUsage': 19.0, 'productUsage': 12.0, 'recency': 19.3, 'servicePenalty': 2.0}",3,False,False,True,True,1,1,0,117.0,76.1,11.2,3.5,557.9,38,1543878,700,90,0
CUST-1585,496001.22,571340.74,496001.22,625591.9,0.061,2725.57,59508.3,21.83,3,12,0.254,69.3,Engaged,"{'transactionFrequency': 25.0, 'digitalUsage': 13.4, 'productUsage': 12.0, 'recency': 19.0, 'servicePenalty': 0.0}",3,False,True,True,False,0,0,0,0.0,53.4,1.7,0.2,481.8,21,3757310,811,3,0
CUST-1586,94789.41,160479.57,94789.41,199527.46,0.202,2251.42,25891.38,11.5,1,9,0.367,66.9,Engaged,"{'transactionFrequency': 14.4, 'digitalUsage': 18.9, 'productUsage': 16.0, 'recency': 19.7, 'servicePenalty': 2.0}",4,True,True,True,False,1,1,0,6.0,75.4,8.2,2.7,545.0,34,270744,680,70,0
CUST-1587,644091.81,764594.45,644091.81,919342.92,0.116,2577.28,74741.24,29.0,2,21,-0.167,78.4,Engaged,"{'transactionFrequency': 25.0, 'digitalUsage': 18.1, 'productUsage': 16.0, 'recency': 19.3, 'servicePenalty': 0.0}",4,True,True,True,False,0,0,0,0.0,72.4,6.0,1.7,455.4,61,672574,807,39,0
CUST-1588,559.16,15504.69,200.0,58227.41,1.395,2296.94,40962.11,17.83,2,11,-0.088,76.8,Engaged,"{'transactionFrequency': 22.3, 'digitalUsage': 19.1, 'productUsage': 16.0, 'recency': 19.3, 'servicePenalty': 0.0}",4,True,True,True,False,0,0,0,0.0,76.6,9.2,2.5,510.0,49,590951,664,57,0
CUST-1589,4728.57,2053.24,200.0,18375.0,1.388,2170.6,28941.32,13.33,27,3,-0.536,54.3,At Risk,"{'transactionFrequency': 16.7, 'digitalUsage': 19.7, 'productUsage': 12.0, 'recency': 11.0, 'servicePenalty': 5.0}",3,False,False,True,True,1,0,1,0.0,78.7,5.2,2.2,572.4,26,250000,679,5,1
CUST-1590,200.0,15945.84,200.0,68465.1,1.337,2124.62,34702.18,16.33,2,12,0.128,70.1,Engaged,"{'transactionFrequency': 20.4, 'digitalUsage': 18.4, 'productUsage': 12.0, 'recency': 19.3, 'servicePenalty': 0.0}",3,True,False,False,True,0,0,0,0.0,73.5,7.2,3.8,481.1,21,563166,797,9,0
CUST-1591,200.0,14391.68,200.0,49320.29,1.109,2384.92,41338.58,17.33,2,13,0.304,61.6,Engaged,"{'transactionFrequency': 21.7, 'digitalUsage': 16.6, 'productUsage': 12.0, 'recency': 19.3, 'servicePenalty': 8.0}",3,True,True,False,False,4,4,0,68.2,66.3,2.5,0.2,390.8,52,1079536,699,27,0
CUST-1592,1438.8,65953.89,200.0,138907.28,0.63,2243.45,79642.42,35.5,1,24,0.15,79.1,Engaged,"{'transactionFrequency': 25.0, 'digitalUsage': 22.4, 'productUsage': 12.0, 'recency': 19.7, 'servicePenalty': 0.0}",3,False,False,True,True,0,0,0,0.0,89.7,7.7,4.0,464.9,40,265872,782,3,0
CUST-1593,1993.21,33145.03,200.0,124160.98,1.208,2402.15,54849.06,22.83,2,22,-0.122,75.1,Engaged,"{'transactionFrequency': 25.0, 'digitalUsage': 18.8, 'productUsage': 12.0, 'recency': 19.3, 'servicePenalty': 0.0}",3,True,True,False,False,0,0,0,0.0,75.2,6.8,2.2,551.1,31,429602,800,8,0
CUST-1594,92080.03,142889.38,90308.43,203103.48,0.234,2448.61,53053.27,21.67,1,16,-0.03,75.4,Engaged,"{'transactionFrequency': 25.0, 'digitalUsage': 22.7, 'productUsage': 8.0, 'recency': 19.7, 'servicePenalty': 0.0}",2,False,True,False,False,2,0,0,75.5,90.8,10.0,5.2,428.0,46,549400,743,13,0
CUST-1595,200.0,31406.43,200.0,102500.67,1.033,2347.17,56332.04,24.0,1,17,0.086,75.2,Engaged,"{'transactionFrequency': 25.0, 'digitalUsage': 22.6, 'productUsage': 8.0, 'recency': 19.7, 'servicePenalty': 0.0}",2,False,False,True,False,1,0,0,9.0,90.3,11.7,4.2,505.4,70,419427,679,76,0
CUST-1596,200.0,6504.7,200.0,27736.85,1.35,2564.07,33332.91,13.0,1,9,-0.182,60.3,Engaged,"{'transactionFrequency': 16.2, 'digitalUsage': 16.4, 'productUsage': 8.0, 'recency': 19.7, 'servicePenalty': 0.0}",2,False,False,True,False,0,0,0,0.0,65.4,7.2,2.7,581.4,26,250000,809,5,0
CUST-1597,18928.69,101432.39,18928.69,189382.84,0.526,2044.89,56916.14,27.83,1,20,0.061,71.8,Engaged,"{'transactionFrequency': 25.0, 'digitalUsage': 19.1, 'productUsage': 8.0, 'recency': 19.7, 'servicePenalty': 0.0}",2,False,False,True,False,0,0,0,0.0,76.6,7.8,2.7,493.4,23,1115787,818,12,0
CUST-1598,118321.31,153516.51,110085.54,211789.08,0.188,2479.87,45050.98,18.17,2,13,-0.318,71.0,Engaged,"{'transactionFrequency': 22.7, 'digitalUsage': 17.0, 'productUsage': 12.0, 'recency': 19.3, 'servicePenalty': 0.0}",3,True,True,False,False,0,0,0,0.0,67.9,4.8,0.8,505.2,54,338261,757,3,0
CUST-1599,2703.71,14229.99,200.0,84538.78,1.705,2445.69,68071.77,27.83,1,18,-0.122,70.2,Engaged,"{'transactionFrequency': 25.0, 'digitalUsage': 21.6, 'productUsage': 4.0, 'recency': 19.7, 'servicePenalty': 0.0}",1,False,False,False,False,0,0,0,0.0,86.2,8.3,2.5,545.3,21,1109662,813,25,0
CUST-1600,55396.07,107935.23,49556.73,217957.11,0.465,2450.74,56366.95,23.0,3,18,-0.056,76.8,Engaged,"{'transactionFrequency': 25.0, 'digitalUsage': 20.8, 'productUsage': 12.0, 'recency': 19.0, 'servicePenalty': 0.0}",3,True,False,True,False,0,0,0,0.0,83.3,4.5,3.2,342.2,29,285926,633,3,0
CUST-1601,200.0,43755.45,200.0,119368.4,0.934,2314.92,42440.24,18.33,1,9,-0.377,70.6,Engaged,"{'transactionFrequency': 22.9, 'digitalUsage': 20.0, 'productUsage': 8.0, 'recency': 19.7, 'servicePenalty': 0.0}",2,False,False,False,True,0,0,0,0.0,80.0,5.2,2.3,523.9,21,712130,666,3,0
CUST-1602,200.0,4133.81,200.0,26994.69,1.226,2364.63,37045.94,15.67,1,12,-0.154,70.7,Engaged,"{'transactionFrequency': 19.6, 'digitalUsage': 19.4, 'productUsage': 12.0, 'recency': 19.7, 'servicePenalty': 0.0}",3,True,True,False,False,0,0,0,0.0,77.7,7.8,5.3,490.5,31,469441,694,59,0
CUST-1603,7979.17,14014.51,200.0,50090.87,0.899,2118.14,34596.28,16.33,5,7,-0.214,66.7,Engaged,"{'transactionFrequency': 20.4, 'digitalUsage': 21.9, 'productUsage': 8.0, 'recency': 18.3, 'servicePenalty': 2.0}",2,False,False,False,True,2,1,0,38.0,87.8,8.8,3.5,558.3,48,314471,796,83,0
CUST-1604,14768.35,39952.77,5717.05,92090.51,0.679,2064.53,27183.02,13.17,3,7,-0.116,57.9,At Risk,"{'transactionFrequency': 16.5, 'digitalUsage': 16.4, 'productUsage': 8.0, 'recency': 19.0, 'servicePenalty': 2.0}",2,False,False,True,False,2,1,0,57.5,65.8,2.7,5.0,458.6,52,2341380,639,78,0
CUST-1605,4880.51,57537.55,200.0,133431.06,0.792,2567.17,54338.39,21.17,4,17,-0.045,75.2,Engaged,"{'transactionFrequency': 25.0, 'digitalUsage': 19.5, 'productUsage': 12.0, 'recency': 18.7, 'servicePenalty': 0.0}",3,False,True,False,True,0,0,0,0.0,78.0,5.5,3.7,435.4,42,704666,850,23,0
CUST-1606,125155.72,212288.86,125155.72,273792.63,0.197,2308.36,34625.35,15.0,1,12,0.421,65.9,Engaged,"{'transactionFrequency': 18.8, 'digitalUsage': 19.4, 'productUsage': 8.0, 'recency': 19.7, 'servicePenalty': 0.0}",2,False,False,True,False,0,0,0,0.0,77.8,3.2,0.8,638.9,45,1219333,692,35,0
CUST-1607,200.0,23323.64,200.0,75826.71,1.147,2352.67,34113.67,14.5,22,2,-0.321,54.9,At Risk,"{'transactionFrequency': 18.1, 'digitalUsage': 18.1, 'productUsage': 8.0, 'recency': 12.7, 'servicePenalty': 2.0}",2,False,True,False,False,1,1,0,65.0,72.4,3.3,1.7,491.7,29,250000,614,14,1
CUST-1608,231491.85,260242.63,230861.96,298188.66,0.095,2386.01,17497.43,7.33,5,4,-0.231,54.3,At Risk,"{'transactionFrequency': 9.2, 'digitalUsage': 14.8, 'productUsage': 12.0, 'recency': 18.3, 'servicePenalty': 0.0}",3,True,False,True,False,0,0,0,0.0,59.1,2.5,1.3,336.9,53,324746,695,13,0
CUST-1609,4903.52,14470.43,200.0,75834.52,1.405,2650.27,65373.21,24.67,2,16,0.174,74.9,Engaged,"{'transactionFrequency': 25.0, 'digitalUsage': 18.6, 'productUsage': 12.0, 'recency': 19.3, 'servicePenalty': 0.0}",3,False,True,False,True,0,0,0,0.0,74.3,6.0,2.2,537.4,28,356423,655,36,0
CUST-1610,9192.44,50873.22,200.0,112886.28,0.685,2617.68,51481.09,19.67,1,14,-0.095,74.1,Engaged,"{'transactionFrequency': 24.6, 'digitalUsage': 21.8, 'productUsage': 8.0, 'recency': 19.7, 'servicePenalty': 0.0}",2,True,False,False,False,0,0,0,0.0,87.3,5.3,3.3,496.0,22,250000,790,3,0
CUST-1611,739026.33,823096.75,738466.34,926138.78,0.064,2440.58,78505.29,32.17,1,21,0.01,84.2,Highly Engaged,"{'transactionFrequency': 25.0, 'digitalUsage': 23.6, 'productUsage': 16.0, 'recency': 19.7, 'servicePenalty': 0.0}",4,True,True,True,False,0,0,0,0.0,94.3,9.5,3.7,396.3,36,826881,778,140,0
CUST-1612,200.0,2204.27,200.0,29203.57,1.842,2502.06,53377.29,21.33,7,11,-0.267,79.6,Engaged,"{'transactionFrequency': 25.0, 'digitalUsage': 20.9, 'productUsage': 16.0, 'recency': 17.7, 'servicePenalty': 0.0}",4,True,True,False,True,0,0,0,0.0,83.6,5.0,0.5,567.9,21,3175627,717,28,0
CUST-1613,200.0,1646.12,200.0,10421.25,1.793,2425.23,40420.48,16.67,50,0,-0.692,56.2,At Risk,"{'transactionFrequency': 20.8, 'digitalUsage': 21.0, 'productUsage': 16.0, 'recency': 3.3, 'servicePenalty': 5.0}",4,False,True,True,True,1,0,1,0.0,84.0,6.3,2.8,616.0,28,449959,790,10,1
CUST-1614,200.0,22650.27,200.0,69227.2,0.964,1949.07,26312.42,13.5,1,9,-0.07,69.7,Engaged,"{'transactionFrequency': 16.9, 'digitalUsage': 19.1, 'productUsage': 16.0, 'recency': 19.7, 'servicePenalty': 2.0}",4,True,True,True,False,1,1,0,39.0,76.5,5.0,2.7,571.7,21,504863,736,77,0
CUST-1615,603924.02,647068.74,603015.29,683290.21,0.038,2125.64,28341.85,13.33,7,10,-0.093,55.8,At Risk,"{'transactionFrequency': 16.7, 'digitalUsage': 17.5, 'productUsage': 8.0, 'recency': 17.7, 'servicePenalty': 4.0}",2,True,False,False,False,2,2,0,16.5,70.0,8.8,5.0,489.8,43,250000,667,93,0
CUST-1616,20252.99,102223.01,20252.99,184728.59,0.514,2247.23,55431.72,24.67,2,21,0.239,75.5,Engaged,"{'transactionFrequency': 25.0, 'digitalUsage': 21.1, 'productUsage': 12.0, 'recency': 19.3, 'servicePenalty': 2.0}",3,False,True,True,False,2,1,0,78.5,84.5,4.8,3.5,657.4,37,250000,729,12,0
CUST-1617,5725.22,35654.33,200.0,96137.02,0.815,2166.47,40801.88,18.83,7,13,0.3,72.2,Engaged,"{'transactionFrequency': 23.5, 'digitalUsage': 23.0, 'productUsage': 8.0, 'recency': 17.7, 'servicePenalty': 0.0}",2,False,False,False,True,0,0,0,0.0,92.0,7.3,6.5,487.3,32,1713829,753,46,0
CUST-1618,70064.05,189555.81,70064.05,290613.32,0.307,2449.93,56348.48,23.0,2,20,0.188,74.6,Engaged,"{'transactionFrequency': 25.0, 'digitalUsage': 18.3, 'productUsage': 12.0, 'recency': 19.3, 'servicePenalty': 0.0}",3,True,False,False,True,0,0,0,0.0,73.2,5.5,0.5,535.3,52,619546,722,113,0
CUST-1619,207949.32,287242.95,207949.32,373318.0,0.158,2446.67,52195.71,21.33,6,16,0.031,70.3,Engaged,"{'transactionFrequency': 25.0, 'digitalUsage': 19.3, 'productUsage': 8.0, 'recency': 18.0, 'servicePenalty': 0.0}",2,True,False,False,False,0,0,0,0.0,77.3,5.3,2.5,561.8,43,660016,696,140,0
CUST-1620,40644.5,91740.26,36071.42,124414.74,0.287,2169.59,45923.09,21.17,3,15,-0.103,76.1,Engaged,"{'transactionFrequency': 25.0, 'digitalUsage': 20.1, 'productUsage': 12.0, 'recency': 19.0, 'servicePenalty': 0.0}",3,True,True,False,False,1,0,0,42.0,80.3,5.3,3.3,462.2,29,428076,774,13,0
CUST-1621,1779.67,1745.08,200.0,6826.59,0.999,1728.35,10946.2,6.33,61,0,-0.462,25.6,Dormant,"{'transactionFrequency': 7.9, 'digitalUsage': 19.7, 'productUsage': 8.0, 'recency': 0.0, 'servicePenalty': 10.0}",2,False,True,False,False,3,1,2,101.0,78.9,5.5,2.3,534.8,28,301524,524,7,1
CUST-1622,200.0,12955.18,200.0,43428.88,1.243,2253.09,17649.22,7.83,50,0,-0.744,32.5,Dormant,"{'transactionFrequency': 9.8, 'digitalUsage': 15.4, 'productUsage': 4.0, 'recency': 3.3, 'servicePenalty': 0.0}",1,False,False,False,False,0,0,0,0.0,61.7,4.5,1.3,498.6,45,1004602,740,3,1
CUST-1623,200.0,27759.5,200.0,86682.6,1.103,2166.74,62474.31,28.83,2,22,-0.317,67.9,Engaged,"{'transactionFrequency': 25.0, 'digitalUsage': 15.6, 'productUsage': 8.0, 'recency': 19.3, 'servicePenalty': 0.0}",2,True,False,False,False,0,0,0,0.0,62.4,4.2,2.8,528.1,45,3064327,646,67,0
CUST-1624,8974.55,16345.49,200.0,66944.41,1.191,2633.25,39498.82,15.0,1,12,-0.043,65.2,Engaged,"{'transactionFrequency': 18.8, 'digitalUsage': 20.8, 'productUsage': 8.0, 'recency': 19.7, 'servicePenalty': 2.0}",2,False,True,False,False,4,1,0,70.0,83.3,6.7,4.0,540.6,42,583145,725,139,0
CUST-1625,75807.49,158476.4,75807.49,210732.79,0.246,2223.57,31500.53,14.17,1,15,0.719,69.8,Engaged,"{'transactionFrequency': 17.7, 'digitalUsage': 24.4, 'productUsage': 8.0, 'recency': 19.7, 'servicePenalty': 0.0}",2,True,False,False,False,0,0,0,0.0,97.6,10.2,5.2,449.1,35,414905,713,124,0
CUST-1626,200.0,1771.06,200.0,19720.48,1.898,2347.41,29733.9,12.67,16,3,-0.607,59.2,At Risk,"{'transactionFrequency': 15.8, 'digitalUsage': 20.7, 'productUsage': 8.0, 'recency': 14.7, 'servicePenalty': 0.0}",2,False,False,True,False,0,0,0,0.0,82.9,4.8,1.2,483.2,55,609631,561,13,1
CUST-1627,2035.35,4003.43,200.0,17157.06,1.079,2405.9,32479.63,13.5,21,3,-0.639,46.9,At Risk,"{'transactionFrequency': 16.9, 'digitalUsage': 13.0, 'productUsage': 4.0, 'recency': 13.0, 'servicePenalty': 0.0}",1,False,False,False,False,0,0,0,0.0,51.9,0.2,0.7,616.5,72,522999,758,24,1
CUST-1628,2422.36,2793.27,200.0,26511.91,1.692,1960.32,24830.73,12.67,5,2,-0.528,53.2,At Risk,"{'transactionFrequency': 15.8, 'digitalUsage': 21.1, 'productUsage': 8.0, 'recency': 18.3, 'servicePenalty': 10.0}",2,False,False,True,False,2,2,2,0.0,84.2,8.2,2.3,500.4,34,370874,625,33,1
CUST-1629,72107.8,117439.82,72107.8,155879.41,0.177,2089.62,21244.47,10.17,1,13,-0.2,59.6,At Risk,"{'transactionFrequency': 12.7, 'digitalUsage': 17.2, 'productUsage': 12.0, 'recency': 19.7, 'servicePenalty': 2.0}",3,True,True,False,False,3,1,0,77.7,68.9,8.2,2.5,470.1,31,1133112,717,140,0
CUST-1630,6926.63,1703.48,200.0,12583.68,1.865,3013.15,39170.97,13.0,11,3,-0.596,58.5,At Risk,"{'transactionFrequency': 16.2, 'digitalUsage': 17.9, 'productUsage': 8.0, 'recency': 16.3, 'servicePenalty': 0.0}",2,False,False,False,True,0,0,0,0.0,71.8,4.0,1.3,439.8,57,296480,677,3,1
CUST-1631,55355.42,128917.57,52579.74,199234.25,0.305,2502.17,44622.04,17.83,1,14,0.096,63.3,Engaged,"{'transactionFrequency': 22.3, 'digitalUsage': 17.3, 'productUsage': 4.0, 'recency': 19.7, 'servicePenalty': 0.0}",1,False,False,False,False,0,0,0,0.0,69.2,2.2,0.7,589.0,62,696487,642,14,0
CUST-1632,234495.1,315991.91,227555.44,408369.91,0.163,2223.14,60395.2,27.17,2,13,0.062,77.2,Engaged,"{'transactionFrequency': 25.0, 'digitalUsage': 20.9, 'productUsage': 12.0, 'recency': 19.3, 'servicePenalty': 0.0}",3,True,True,False,False,0,0,0,0.0,83.4,4.7,4.7,386.2,33,746485,653,64,0
CUST-1633,200.0,31776.49,200.0,104191.33,1.058,2653.98,56175.86,21.17,5,13,-0.157,74.2,Engaged,"{'transactionFrequency': 25.0, 'digitalUsage': 18.9, 'productUsage': 12.0, 'recency': 18.3, 'servicePenalty': 0.0}",3,True,False,True,False,2,0,0,66.0,75.6,5.2,0.5,423.5,48,943305,752,23,0
CUST-1634,200.0,2894.94,200.0,15125.15,1.186,2463.11,18883.84,7.67,39,0,-0.5,35.8,Dormant,"{'transactionFrequency': 9.6, 'digitalUsage': 15.2, 'productUsage': 4.0, 'recency': 7.0, 'servicePenalty': 0.0}",1,False,False,False,False,0,0,0,0.0,60.9,3.3,1.7,568.3,56,1563440,701,19,1
CUST-1635,233301.21,296933.26,233301.21,359165.75,0.122,2169.87,39419.28,18.17,2,13,0.094,80.1,Highly Engaged,"{'transactionFrequency': 22.7, 'digitalUsage': 22.0, 'productUsage': 16.0, 'recency': 19.3, 'servicePenalty': 0.0}",4,True,False,True,True,0,0,0,0.0,88.1,11.3,5.3,418.0,40,2246147,697,20,0
CUST-1636,700.23,3484.91,200.0,12222.51,1.073,2433.88,28800.9,11.83,2,6,-0.22,60.1,Engaged,"{'transactionFrequency': 14.8, 'digitalUsage': 17.9, 'productUsage': 8.0, 'recency': 19.3, 'servicePenalty': 0.0}",2,True,False,False,False,0,0,0,0.0,71.8,3.8,1.0,486.3,46,393486,695,10,0
CUST-1637,1595801.37,1660889.94,1595707.45,1732749.43,0.026,2251.76,44660.0,19.83,5,13,0.051,81.2,Highly Engaged,"{'transactionFrequency': 24.8, 'digitalUsage': 22.1, 'productUsage': 16.0, 'recency': 18.3, 'servicePenalty': 0.0}",4,True,True,False,True,0,0,0,0.0,88.2,10.5,2.5,500.6,34,338140,714,36,0
CUST-1638,6860.85,5396.68,200.0,35521.65,1.344,2358.95,54649.0,23.17,2,18,0.169,66.9,Engaged,"{'transactionFrequency': 25.0, 'digitalUsage': 16.6, 'productUsage': 8.0, 'recency': 19.3, 'servicePenalty': 2.0}",2,True,False,False,False,1,1,0,106.0,66.2,3.2,1.0,346.5,46,1441095,711,69,0
CUST-1639,54533.0,116411.38,49072.7,190045.54,0.359,2311.55,57018.28,24.67,2,18,-0.148,77.1,Engaged,"{'transactionFrequency': 25.0, 'digitalUsage': 20.8, 'productUsage': 12.0, 'recency': 19.3, 'servicePenalty': 0.0}",3,False,True,True,False,0,0,0,0.0,83.1,12.2,3.3,471.8,31,647270,618,3,0
CUST-1640,12764.95,59045.33,200.0,158040.17,0.857,2209.03,61852.96,28.0,2,18,0.0,68.0,Engaged,"{'transactionFrequency': 25.0, 'digitalUsage': 17.7, 'productUsage': 8.0, 'recency': 19.3, 'servicePenalty': 2.0}",2,False,False,True,False,2,1,0,47.5,70.8,3.8,1.5,433.9,40,1044961,620,71,0
CUST-1641,200.0,6342.28,200.0,34873.09,1.75,2259.19,27110.26,12.0,5,6,-0.103,65.8,Engaged,"{'transactionFrequency': 15.0, 'digitalUsage': 20.5, 'productUsage': 12.0, 'recency': 18.3, 'servicePenalty': 0.0}",3,False,True,True,False,1,0,0,107.0,81.9,6.8,1.5,466.2,24,687808,585,7,0
CUST-1642,4866.46,75392.08,3855.51,168107.34,0.734,2802.8,60260.3,21.5,1,13,-0.015,73.0,Engaged,"{'transactionFrequency': 25.0, 'digitalUsage': 20.4, 'productUsage': 8.0, 'recency': 19.7, 'servicePenalty': 0.0}",2,False,False,True,False,4,0,0,77.2,81.4,6.2,3.8,552.8,49,931149,807,13,0
CUST-1643,77768.27,149815.96,77768.27,224768.51,0.254,2630.28,51728.77,19.67,1,13,-0.033,75.1,Engaged,"{'transactionFrequency': 24.6, 'digitalUsage': 22.9, 'productUsage': 8.0, 'recency': 19.7, 'servicePenalty': 0.0}",2,False,False,True,False,2,0,0,90.0,91.5,9.8,3.3,402.9,33,1872617,763,73,0
CUST-1644,100286.85,116669.71,97887.66,143322.4,0.134,2442.74,17099.21,7.0,39,0,-0.37,35.8,Dormant,"{'transactionFrequency': 8.8, 'digitalUsage': 16.1, 'productUsage': 4.0, 'recency': 7.0, 'servicePenalty': 0.0}",1,False,False,False,False,0,0,0,0.0,64.3,0.7,0.5,685.0,46,1660372,643,11,1
CUST-1645,299.7,12536.64,200.0,53087.43,1.306,2287.41,50322.95,22.0,7,16,0.03,68.5,Engaged,"{'transactionFrequency': 25.0, 'digitalUsage': 17.8, 'productUsage': 8.0, 'recency': 17.7, 'servicePenalty': 0.0}",2,True,False,False,False,0,0,0,0.0,71.2,5.3,2.0,443.3,35,625693,751,10,0
CUST-1646,114470.29,147311.12,109765.25,197465.09,0.204,2275.21,40195.36,17.67,2,17,0.25,75.1,Engaged,"{'transactionFrequency': 22.1, 'digitalUsage': 21.7, 'productUsage': 12.0, 'recency': 19.3, 'servicePenalty': 0.0}",3,True,False,True,False,0,0,0,0.0,86.8,10.0,1.7,546.5,25,910740,643,140,0
CUST-1647,200.0,16655.89,200.0,63213.67,1.216,2409.81,32532.43,13.5,1,9,0.024,59.5,At Risk,"{'transactionFrequency': 16.9, 'digitalUsage': 17.0, 'productUsage': 8.0, 'recency': 19.7, 'servicePenalty': 2.0}",2,False,False,False,True,1,1,0,18.0,67.9,4.2,0.7,514.9,51,1305083,699,21,0
CUST-1648,24569.8,39911.72,24569.8,58116.58,0.283,2291.71,9930.76,4.33,16,2,0.545,48.3,At Risk,"{'transactionFrequency': 5.4, 'digitalUsage': 20.2, 'productUsage': 8.0, 'recency': 14.7, 'servicePenalty': 0.0}",2,True,False,False,False,0,0,0,0.0,80.8,6.7,3.2,470.4,31,491166,600,5,0
CUST-1649,1375.22,73335.99,200.0,147731.54,0.538,2587.22,52606.76,20.33,1,11,-0.176,70.9,Engaged,"{'transactionFrequency': 25.0, 'digitalUsage': 18.2, 'productUsage': 8.0, 'recency': 19.7, 'servicePenalty': 0.0}",2,True,False,False,False,1,0,0,89.0,73.0,4.3,3.0,416.7,39,675278,735,15,0
CUST-1650,52692.02,108571.2,52692.02,153149.91,0.234,2287.52,36600.36,16.0,1,14,0.085,69.3,Engaged,"{'transactionFrequency': 20.0, 'digitalUsage': 21.6, 'productUsage': 8.0, 'recency': 19.7, 'servicePenalty': 0.0}",2,True,False,False,False,0,0,0,0.0,86.5,7.5,4.0,485.2,41,1538515,727,5,0
CUST-1651,119363.46,185214.4,118609.71,247380.44,0.197,2763.96,44683.94,16.17,4,13,0.475,83.1,Highly Engaged,"{'transactionFrequency': 20.2, 'digitalUsage': 24.2, 'productUsage': 20.0, 'recency': 18.7, 'servicePenalty': 0.0}",5,True,True,True,True,0,0,0,0.0,96.9,8.8,5.5,551.9,30,405695,758,3,0
CUST-1652,62163.38,127427.66,62163.38,187939.86,0.236,2380.7,38487.92,16.17,8,9,-0.059,66.5,Engaged,"{'transactionFrequency': 20.2, 'digitalUsage': 17.0, 'productUsage': 12.0, 'recency': 17.3, 'servicePenalty': 0.0}",3,True,False,True,False,1,0,0,61.0,68.0,6.5,1.8,493.4,47,519318,757,57,0
CUST-1653,200.0,63759.8,200.0,136679.13,0.595,2322.21,59216.37,25.5,1,15,-0.062,74.7,Engaged,"{'transactionFrequency': 25.0, 'digitalUsage': 22.1, 'productUsage': 8.0, 'recency': 19.7, 'servicePenalty': 0.0}",2,False,False,True,False,0,0,0,0.0,88.2,7.2,5.5,441.3,38,441740,720,49,0
CUST-1654,365785.16,375106.47,354077.77,405682.91,0.03,2599.33,18195.28,7.0,3,5,0.444,54.4,At Risk,"{'transactionFrequency': 8.8, 'digitalUsage': 22.6, 'productUsage': 4.0, 'recency': 19.0, 'servicePenalty': 0.0}",1,False,False,False,False,0,0,0,0.0,90.5,4.0,2.3,619.9,24,917990,670,41,0
CUST-1655,2045.66,24284.37,200.0,80229.31,0.985,2089.33,31339.97,15.0,16,1,-0.492,61.1,Engaged,"{'transactionFrequency': 18.8, 'digitalUsage': 19.7, 'productUsage': 8.0, 'recency': 14.7, 'servicePenalty': 0.0}",2,False,True,False,False,0,0,0,0.0,78.9,3.5,1.5,388.3,62,250000,698,3,1
CUST-1656,200.0,36572.3,200.0,88082.8,0.796,2328.63,61320.55,26.33,1,21,0.162,79.5,Engaged,"{'transactionFrequency': 25.0, 'digitalUsage': 18.8, 'productUsage': 16.0, 'recency': 19.7, 'servicePenalty': 0.0}",4,True,False,True,True,2,0,0,78.0,75.3,3.0,3.7,447.1,21,722903,742,62,0
CUST-1657,461662.96,537877.38,460151.82,605188.46,0.071,2226.81,53072.36,23.83,1,17,-0.274,76.1,Engaged,"{'transactionFrequency': 25.0, 'digitalUsage': 19.4, 'productUsage': 12.0, 'recency': 19.7, 'servicePenalty': 0.0}",3,True,False,True,False,0,0,0,0.0,77.6,5.3,0.3,466.7,58,881711,687,58,0
CUST-1658,200.0,1084.17,200.0,10587.12,1.546,2120.76,16259.18,7.67,34,0,-0.545,38.9,Dormant,"{'transactionFrequency': 9.6, 'digitalUsage': 14.7, 'productUsage': 8.0, 'recency': 8.7, 'servicePenalty': 2.0}",2,False,False,True,False,1,1,0,105.0,58.7,2.2,0.2,362.0,33,250000,676,104,1
CUST-1659,5144.34,4213.36,200.0,32787.62,1.821,2374.33,76374.25,32.17,1,26,0.12,78.7,Engaged,"{'transactionFrequency': 25.0, 'digitalUsage': 22.0, 'productUsage': 12.0, 'recency': 19.7, 'servicePenalty': 0.0}",3,False,True,False,True,0,0,0,0.0,88.1,7.5,3.2,418.9,30,709162,614,9,0
CUST-1660,169765.68,172009.74,161221.45,183908.08,0.032,2160.42,20884.03,9.67,3,10,-0.182,61.6,Engaged,"{'transactionFrequency': 12.1, 'digitalUsage': 18.5, 'productUsage': 12.0, 'recency': 19.0, 'servicePenalty': 0.0}",3,False,True,True,False,0,0,0,0.0,74.1,9.5,3.2,463.9,24,538680,729,12,0
CUST-1661,675.73,6491.17,200.0,43014.56,1.504,2572.4,52305.39,20.33,3,11,0.138,78.8,Engaged,"{'transactionFrequency': 25.0, 'digitalUsage': 22.8, 'productUsage': 12.0, 'recency': 19.0, 'servicePenalty': 0.0}",3,True,True,False,False,1,0,0,94.0,91.0,5.8,2.0,498.6,27,1333694,767,4,0
CUST-1662,29259.35,46480.48,29259.35,59741.38,0.146,2214.56,18085.55,8.17,6,1,-0.725,56.1,At Risk,"{'transactionFrequency': 10.2, 'digitalUsage': 19.9, 'productUsage': 8.0, 'recency': 18.0, 'servicePenalty': 0.0}",2,False,False,False,True,0,0,0,0.0,79.6,7.2,1.7,500.2,34,383430,680,11,1
CUST-1663,9194.1,39043.9,200.0,149424.06,1.297,2350.05,78334.97,33.33,1,24,-0.039,76.4,Engaged,"{'transactionFrequency': 25.0, 'digitalUsage': 19.8, 'productUsage': 12.0, 'recency': 19.7, 'servicePenalty': 0.0}",3,True,False,True,False,1,0,0,93.0,79.0,5.8,2.7,371.2,58,636599,762,19,0
CUST-1664,91994.04,123001.28,91994.04,156702.09,0.188,2193.36,19740.2,9.0,23,1,-0.486,42.0,At Risk,"{'transactionFrequency': 11.2, 'digitalUsage': 20.4, 'productUsage': 8.0, 'recency': 12.3, 'servicePenalty': 10.0}",2,True,False,False,False,2,1,2,0.0,81.5,6.0,2.7,521.0,56,358927,705,12,1
CUST-1665,200.0,3911.51,200.0,21662.35,1.539,2196.49,38804.58,17.67,6,3,-0.521,66.0,Engaged,"{'transactionFrequency': 22.1, 'digitalUsage': 21.9, 'productUsage': 4.0, 'recency': 18.0, 'servicePenalty': 0.0}",1,False,False,False,False,0,0,0,0.0,87.7,5.0,5.2,487.8,34,762057,670,30,1
CUST-1666,1793.65,21753.04,200.0,67459.06,0.863,2254.5,24799.53,11.0,2,14,0.125,68.4,Engaged,"{'transactionFrequency': 13.8, 'digitalUsage': 19.3, 'productUsage': 16.0, 'recency': 19.3, 'servicePenalty': 0.0}",4,True,True,False,True,0,0,0,0.0,77.3,5.5,2.2,518.7,52,371911,786,21,0
CUST-1667,12100.19,115478.08,12100.19,218102.41,0.447,2414.15,62767.97,26.0,1,18,-0.225,70.1,Engaged,"{'transactionFrequency': 25.0, 'digitalUsage': 17.5, 'productUsage': 8.0, 'recency': 19.7, 'servicePenalty': 0.0}",2,False,True,False,False,0,0,0,0.0,69.9,6.2,1.5,542.3,37,680680,704,37,0
CUST-1668,436239.37,509248.92,436239.37,585935.4,0.07,2451.33,55563.38,22.67,3,13,-0.231,79.1,Engaged,"{'transactionFrequency': 25.0, 'digitalUsage': 19.1, 'productUsage': 16.0, 'recency': 19.0, 'servicePenalty': 0.0}",4,True,True,False,True,0,0,0,0.0,76.5,6.7,1.2,502.3,31,412619,692,140,0
CUST-1669,3486.05,5082.36,200.0,37704.72,1.531,2485.14,50116.98,20.17,3,12,-0.108,75.5,Engaged,"{'transactionFrequency': 25.0, 'digitalUsage': 23.6, 'productUsage': 8.0, 'recency': 19.0, 'servicePenalty': 0.0}",2,False,False,True,False,0,0,0,0.0,94.2,10.0,2.8,518.9,36,427624,677,17,0
CUST-1670,6206.35,5377.1,200.0,33607.52,1.791,2488.41,30690.37,12.33,1,11,0.111,59.6,At Risk,"{'transactionFrequency': 15.4, 'digitalUsage': 16.6, 'productUsage': 8.0, 'recency': 19.7, 'servicePenalty': 0.0}",2,True,False,False,False,0,0,0,0.0,66.2,7.2,1.7,470.6,28,381150,752,62,0
CUST-1671,200.0,39355.0,200.0,77883.49,0.644,2368.35,35130.56,14.83,1,12,-0.064,71.0,Engaged,"{'transactionFrequency': 18.5, 'digitalUsage': 18.8, 'productUsage': 16.0, 'recency': 19.7, 'servicePenalty': 2.0}",4,True,False,True,True,1,1,0,9.0,75.3,3.5,1.3,506.8,21,619498,760,23,0
CUST-1672,200.0,3107.17,200.0,14595.92,1.296,2485.56,31898.03,12.83,11,2,-0.537,53.2,At Risk,"{'transactionFrequency': 16.0, 'digitalUsage': 16.9, 'productUsage': 4.0, 'recency': 16.3, 'servicePenalty': 0.0}",1,False,False,False,False,0,0,0,0.0,67.5,2.8,0.5,750.3,34,648969,675,16,1
CUST-1673,75669.93,136252.64,75066.65,182872.78,0.266,2125.6,36135.17,17.0,1,15,0.122,68.8,Engaged,"{'transactionFrequency': 21.2, 'digitalUsage': 19.9, 'productUsage': 8.0, 'recency': 19.7, 'servicePenalty': 0.0}",2,True,False,False,False,0,0,0,0.0,79.4,7.5,3.5,466.5,22,523063,702,24,0
CUST-1674,106086.39,180148.47,106086.39,260624.41,0.239,2662.19,39489.13,14.83,2,11,-0.216,62.6,Engaged,"{'transactionFrequency': 18.5, 'digitalUsage': 20.8, 'productUsage': 4.0, 'recency': 19.3, 'servicePenalty': 0.0}",1,False,False,False,False,0,0,0,0.0,83.1,5.5,2.5,464.4,50,779964,768,5,0
CUST-1675,200.0,12321.02,200.0,70496.37,1.462,2216.0,45428.07,20.5,1,15,-0.106,80.0,Highly Engaged,"{'transactionFrequency': 25.0, 'digitalUsage': 23.4, 'productUsage': 12.0, 'recency': 19.7, 'servicePenalty': 0.0}",3,True,False,False,True,0,0,0,0.0,93.5,9.3,4.3,413.2,42,2063651,736,92,0
CUST-1676,200.0,14500.6,200.0,62080.08,1.397,3015.16,32664.2,10.83,7,2,-0.543,59.2,At Risk,"{'transactionFrequency': 13.5, 'digitalUsage': 20.0, 'productUsage': 8.0, 'recency': 17.7, 'servicePenalty': 0.0}",2,False,False,True,False,0,0,0,0.0,80.0,2.5,0.5,461.1,21,325972,632,3,1
CUST-1677,829.35,30479.66,200.0,67917.8,0.766,2820.73,37139.65,13.17,9,6,0.314,56.7,At Risk,"{'transactionFrequency': 16.5, 'digitalUsage': 21.2, 'productUsage': 4.0, 'recency': 17.0, 'servicePenalty': 2.0}",1,False,False,False,False,3,1,0,55.0,84.8,8.3,2.3,502.6,36,1950667,723,53,0
CUST-1678,4795.01,12278.72,2695.92,25352.97,0.695,2607.54,15645.24,6.0,14,1,-0.417,39.8,Dormant,"{'transactionFrequency': 7.5, 'digitalUsage': 16.0, 'productUsage': 8.0, 'recency': 15.3, 'servicePenalty': 7.0}",2,True,False,False,False,1,1,1,0.0,63.9,9.2,0.0,512.2,33,689076,551,3,1
CUST-1679,3689.84,41404.29,200.0,84666.94,0.462,2905.91,28090.51,9.67,3,11,0.143,64.4,Engaged,"{'transactionFrequency': 12.1, 'digitalUsage': 23.3, 'productUsage': 12.0, 'recency': 19.0, 'servicePenalty': 2.0}",3,True,True,False,False,3,1,0,35.0,93.1,7.3,2.5,550.8,42,829541,825,3,0
CUST-1680,200.0,2074.69,200.0,25290.89,2.33,2280.4,48268.44,21.17,3,15,0.345,75.1,Engaged,"{'transactionFrequency': 25.0, 'digitalUsage': 19.1, 'productUsage': 12.0, 'recency': 19.0, 'servicePenalty': 0.0}",3,True,False,True,False,0,0,0,0.0,76.4,4.8,0.3,450.9,55,609041,712,30,0
CUST-1681,16560.85,92008.51,16560.85,141171.65,0.407,2332.92,34993.74,15.0,1,11,0.3,74.0,Engaged,"{'transactionFrequency': 18.8, 'digitalUsage': 15.6, 'productUsage': 20.0, 'recency': 19.7, 'servicePenalty': 0.0}",5,True,True,True,True,0,0,0,0.0,62.2,1.3,0.8,447.2,29,465141,713,121,0
CUST-1682,113359.94,151409.8,113250.84,192866.9,0.135,2424.58,39197.35,16.17,1,13,0.062,71.7,Engaged,"{'transactionFrequency': 20.2, 'digitalUsage': 19.9, 'productUsage': 12.0, 'recency': 19.7, 'servicePenalty': 0.0}",3,True,False,False,True,0,0,0,0.0,79.4,7.7,4.3,399.1,29,543978,728,17,0
CUST-1683,7148.92,3336.08,200.0,13097.54,0.948,2400.53,28406.33,11.83,13,2,-0.54,52.1,At Risk,"{'transactionFrequency': 14.8, 'digitalUsage': 18.6, 'productUsage': 8.0, 'recency': 15.7, 'servicePenalty': 5.0}",2,True,False,False,False,1,0,1,0.0,74.6,2.3,1.7,371.2,48,250000,765,30,1
CUST-1684,367880.63,401481.2,348756.2,447764.67,0.078,2268.64,45750.99,20.17,4,13,0.05,70.5,Engaged,"{'transactionFrequency': 25.0, 'digitalUsage': 14.9, 'productUsage': 12.0, 'recency': 18.7, 'servicePenalty': 0.0}",3,True,False,True,False,0,0,0,0.0,59.5,9.3,1.7,476.2,35,730852,518,94,0
CUST-1685,1502.99,2347.73,200.0,12902.66,1.221,2295.07,16448.03,7.17,21,2,-0.594,54.9,At Risk,"{'transactionFrequency': 9.0, 'digitalUsage': 20.9, 'productUsage': 12.0, 'recency': 13.0, 'servicePenalty': 0.0}",3,False,True,False,True,0,0,0,0.0,83.7,7.0,2.3,451.0,40,470868,586,5,1
CUST-1686,1851.81,35922.54,366.19,81585.39,0.698,2246.37,30700.45,13.67,2,13,0.471,65.0,Engaged,"{'transactionFrequency': 17.1, 'digitalUsage': 18.6, 'productUsage': 12.0, 'recency': 19.3, 'servicePenalty': 2.0}",3,False,True,True,False,3,1,0,67.3,74.4,9.8,3.0,585.5,30,278366,675,12,0
CUST-1687,2447.64,5347.5,200.0,25799.39,0.942,2625.0,20562.46,7.83,5,2,-0.515,56.6,At Risk,"{'transactionFrequency': 9.8, 'digitalUsage': 16.5, 'productUsage': 12.0, 'recency': 18.3, 'servicePenalty': 0.0}",3,True,True,False,False,2,0,0,76.0,66.0,3.8,1.7,535.4,25,507856,750,6,1
CUST-1688,1596.52,27839.25,200.0,70100.51,0.801,2279.19,29629.52,13.0,1,11,-0.14,66.3,Engaged,"{'transactionFrequency': 16.2, 'digitalUsage': 14.4, 'productUsage': 16.0, 'recency': 19.7, 'servicePenalty': 0.0}",4,True,False,True,True,0,0,0,0.0,57.7,2.7,0.2,447.0,21,2826320,704,95,0
CUST-1689,7963.2,28515.54,200.0,86472.41,0.983,2340.63,39400.64,16.83,8,1,-0.728,57.4,At Risk,"{'transactionFrequency': 21.0, 'digitalUsage': 21.1, 'productUsage': 8.0, 'recency': 17.3, 'servicePenalty': 10.0}",2,False,False,True,False,2,2,2,0.0,84.2,7.3,6.3,579.0,27,453929,727,5,1
CUST-1690,200.0,3806.01,200.0,34477.67,2.194,2136.4,29197.4,13.67,40,0,-0.576,56.8,At Risk,"{'transactionFrequency': 17.1, 'digitalUsage': 21.0, 'productUsage': 12.0, 'recency': 6.7, 'servicePenalty': 0.0}",3,False,True,True,False,2,0,0,86.5,84.1,5.8,2.7,455.3,21,978247,642,4,1
CUST-1691,1237.65,1776.65,200.0,11834.43,1.347,2309.97,50819.34,22.0,2,19,-0.029,70.7,Engaged,"{'transactionFrequency': 25.0, 'digitalUsage': 18.4, 'productUsage': 8.0, 'recency': 19.3, 'servicePenalty': 0.0}",2,False,True,False,False,0,0,0,0.0,73.5,4.3,3.7,446.1,43,258552,605,60,0
CUST-1692,204206.0,208714.08,201924.94,220671.39,0.023,2414.61,12475.48,5.17,10,3,-0.35,59.3,At Risk,"{'transactionFrequency': 6.5, 'digitalUsage': 20.1, 'productUsage': 16.0, 'recency': 16.7, 'servicePenalty': 0.0}",4,True,True,True,False,0,0,0,0.0,80.6,8.0,2.8,483.6,35,386228,726,33,0
CUST-1693,3484.93,45593.42,200.0,109004.03,0.738,2139.59,36729.55,17.17,1,15,0.059,61.2,Engaged,"{'transactionFrequency': 21.5, 'digitalUsage': 16.0, 'productUsage': 4.0, 'recency': 19.7, 'servicePenalty': 0.0}",1,False,False,False,False,0,0,0,0.0,64.1,4.0,2.3,571.0,46,300656,771,32,0
CUST-1694,6776.94,4658.86,200.0,18037.06,1.149,2290.68,42377.64,18.5,3,11,-0.262,78.0,Engaged,"{'transactionFrequency': 23.1, 'digitalUsage': 19.8, 'productUsage': 16.0, 'recency': 19.0, 'servicePenalty': 0.0}",4,True,True,True,False,0,0,0,0.0,79.3,4.0,1.2,471.1,22,1304686,784,28,0
CUST-1695,200.0,73030.3,200.0,141134.09,0.48,2486.63,50146.98,20.17,1,16,0.196,74.2,Engaged,"{'transactionFrequency': 25.0, 'digitalUsage': 21.5, 'productUsage': 8.0, 'recency': 19.7, 'servicePenalty': 0.0}",2,True,False,False,False,0,0,0,0.0,86.0,9.8,2.3,580.9,34,618309,779,24,0
CUST-1696,7408.01,25052.48,7004.22,62557.88,0.738,2278.68,17469.84,7.67,8,2,-0.545,56.7,At Risk,"{'transactionFrequency': 9.6, 'digitalUsage': 22.8, 'productUsage': 12.0, 'recency': 17.3, 'servicePenalty': 5.0}",3,True,False,True,False,1,0,1,0.0,91.3,6.0,1.8,427.6,31,597431,752,3,1
CUST-1697,2121.87,2221.11,200.0,10481.85,1.133,2730.39,41865.92,15.33,3,10,-0.042,59.8,At Risk,"{'transactionFrequency': 19.2, 'digitalUsage': 17.7, 'productUsage': 4.0, 'recency': 19.0, 'servicePenalty': 0.0}",1,False,False,False,False,0,0,0,0.0,70.7,2.7,1.5,433.6,32,1209041,776,42,0
CUST-1698,26141.14,37898.21,26141.14,63065.18,0.3,2319.18,17007.29,7.33,17,1,-0.722,48.5,At Risk,"{'transactionFrequency': 9.2, 'digitalUsage': 21.0, 'productUsage': 4.0, 'recency': 14.3, 'servicePenalty': 0.0}",1,False,False,False,False,0,0,0,0.0,84.1,7.3,2.5,579.5,40,999933,711,3,1
CUST-1699,291.13,2329.26,200.0,22172.18,2.384,2244.8,14591.21,6.5,45,0,-0.536,30.1,Dormant,"{'transactionFrequency': 8.1, 'digitalUsage': 16.0, 'productUsage': 8.0, 'recency': 5.0, 'servicePenalty': 7.0}",2,False,False,True,False,1,1,1,0.0,64.1,2.8,1.2,517.8,47,691986,584,21,1
CUST-1700,200.0,24750.25,200.0,72103.18,0.936,2371.79,38739.29,16.33,2,16,0.222,67.1,Engaged,"{'transactionFrequency': 20.4, 'digitalUsage': 19.4, 'productUsage': 12.0, 'recency': 19.3, 'servicePenalty': 4.0}",3,False,True,True,False,4,2,0,70.2,77.6,4.0,2.5,602.2,52,1039984,720,29,0
CUST-1701,200.0,39008.12,200.0,124980.21,1.049,2476.92,80086.99,32.33,1,22,0.306,80.5,Highly Engaged,"{'transactionFrequency': 25.0, 'digitalUsage': 19.9, 'productUsage': 16.0, 'recency': 19.7, 'servicePenalty': 0.0}",4,True,True,True,False,0,0,0,0.0,79.4,8.0,1.5,496.3,32,252749,850,32,0
CUST-1702,200.0,5447.2,200.0,22790.86,1.142,2259.55,20335.97,9.0,33,0,-0.564,40.7,At Risk,"{'transactionFrequency': 11.2, 'digitalUsage': 19.4, 'productUsage': 8.0, 'recency': 9.0, 'servicePenalty': 7.0}",2,False,True,False,False,1,1,1,0.0,77.8,6.5,1.2,347.1,55,468069,729,3,1
CUST-1703,200.0,13897.59,200.0,66427.66,1.511,2642.99,50216.89,19.0,1,13,-0.129,78.4,Engaged,"{'transactionFrequency': 23.8, 'digitalUsage': 23.0, 'productUsage': 12.0, 'recency': 19.7, 'servicePenalty': 0.0}",3,True,False,False,True,0,0,0,0.0,92.1,7.2,7.0,490.2,43,250000,692,140,0
CUST-1704,102873.64,116877.89,101938.46,132890.87,0.073,1995.43,10974.86,5.5,4,6,-0.056,48.7,At Risk,"{'transactionFrequency': 6.9, 'digitalUsage': 15.2, 'productUsage': 12.0, 'recency': 18.7, 'servicePenalty': 4.0}",3,True,False,True,False,2,2,0,73.5,60.6,1.0,1.0,609.6,47,636239,685,39,0
CUST-1705,4753.49,3337.61,200.0,25427.73,1.528,2522.4,57594.86,22.83,4,15,-0.171,77.9,Engaged,"{'transactionFrequency': 25.0, 'digitalUsage': 18.2, 'productUsage': 16.0, 'recency': 18.7, 'servicePenalty': 0.0}",4,True,True,True,False,0,0,0,0.0,73.0,3.7,3.5,534.0,39,681733,762,3,0
CUST-1706,2197.29,6019.4,200.0,24306.78,1.251,2299.92,38332.05,16.67,2,16,0.17,71.9,Engaged,"{'transactionFrequency': 20.8, 'digitalUsage': 21.8, 'productUsage': 12.0, 'recency': 19.3, 'servicePenalty': 2.0}",3,False,True,False,True,1,1,0,90.0,87.0,6.5,3.7,356.5,37,292434,668,54,0
CUST-1707,288230.89,346271.94,285597.77,407536.21,0.111,2904.35,36788.4,12.67,2,7,0.364,61.9,Engaged,"{'transactionFrequency': 15.8, 'digitalUsage': 18.8, 'productUsage': 8.0, 'recency': 19.3, 'servicePenalty': 0.0}",2,False,False,False,True,0,0,0,0.0,75.0,5.7,2.3,385.7,31,425617,652,27,0
CUST-1708,200.0,64304.23,200.0,145713.88,0.709,2327.74,53150.05,22.83,1,16,-0.122,73.1,Engaged,"{'transactionFrequency': 25.0, 'digitalUsage': 20.4, 'productUsage': 12.0, 'recency': 19.7, 'servicePenalty': 4.0}",3,True,False,True,False,3,2,0,77.0,81.8,6.0,4.7,622.2,43,842062,805,102,0
CUST-1709,5211.1,3434.88,200.0,9150.45,0.706,2584.71,18954.52,7.33,59,0,-0.562,27.7,Dormant,"{'transactionFrequency': 9.2, 'digitalUsage': 14.2, 'productUsage': 4.0, 'recency': 0.3, 'servicePenalty': 0.0}",1,False,False,False,False,0,0,0,0.0,56.8,4.2,2.0,408.0,56,709625,674,3,1
CUST-1710,200.0,53485.95,200.0,128345.74,0.79,2083.96,38553.34,18.5,2,7,-0.052,65.6,Engaged,"{'transactionFrequency': 23.1, 'digitalUsage': 19.1, 'productUsage': 4.0, 'recency': 19.3, 'servicePenalty': 0.0}",1,False,False,False,False,0,0,0,0.0,76.6,7.5,4.0,514.5,28,259624,690,35,0
CUST-1711,2464.42,5946.97,200.0,37135.69,1.839,2577.46,20190.12,7.83,16,6,-0.419,45.7,At Risk,"{'transactionFrequency': 9.8, 'digitalUsage': 21.3, 'productUsage': 4.0, 'recency': 14.7, 'servicePenalty': 4.0}",1,False,False,False,False,4,2,0,57.0,85.1,6.3,2.3,511.5,52,250000,760,47,0
CUST-1712,200.0,21078.84,200.0,46841.82,0.697,2730.86,30949.79,11.33,3,8,0.059,64.0,Engaged,"{'transactionFrequency': 14.2, 'digitalUsage': 22.8, 'productUsage': 8.0, 'recency': 19.0, 'servicePenalty': 0.0}",2,False,False,True,False,0,0,0,0.0,91.2,7.2,4.3,489.9,29,655965,655,54,0
CUST-1713,200.0,50036.22,200.0,139800.37,0.909,2218.94,61390.8,27.67,3,23,0.0,73.6,Engaged,"{'transactionFrequency': 25.0, 'digitalUsage': 17.6, 'productUsage': 12.0, 'recency': 19.0, 'servicePenalty': 0.0}",3,True,False,True,False,0,0,0,0.0,70.5,8.0,0.8,357.2,42,298501,704,6,0
CUST-1714,1997.83,56063.09,1997.83,93866.33,0.422,2649.18,43711.4,16.5,4,12,-0.094,64.2,Engaged,"{'transactionFrequency': 20.6, 'digitalUsage': 16.9, 'productUsage': 8.0, 'recency': 18.7, 'servicePenalty': 0.0}",2,False,False,True,False,0,0,0,0.0,67.7,4.0,2.0,443.4,47,540698,727,10,0
CUST-1715,25561.06,105710.77,25311.39,178974.46,0.438,2883.33,41808.25,14.5,1,9,0.119,58.1,At Risk,"{'transactionFrequency': 18.1, 'digitalUsage': 12.3, 'productUsage': 8.0, 'recency': 19.7, 'servicePenalty': 0.0}",2,True,False,False,False,0,0,0,0.0,49.4,3.7,1.2,393.6,63,332282,763,37,0
CUST-1716,3448.61,21674.14,200.0,63416.15,0.931,2432.64,45409.32,18.67,4,17,0.327,65.6,Engaged,"{'transactionFrequency': 23.3, 'digitalUsage': 15.6, 'productUsage': 12.0, 'recency': 18.7, 'servicePenalty': 4.0}",3,True,False,True,False,2,2,0,14.5,62.5,2.8,0.8,398.9,46,420902,786,46,0
CUST-1717,85010.0,149834.43,85010.0,232432.4,0.254,2313.77,43961.69,19.0,8,15,0.109,74.8,Engaged,"{'transactionFrequency': 23.8, 'digitalUsage': 21.7, 'productUsage': 12.0, 'recency': 17.3, 'servicePenalty': 0.0}",3,False,False,True,True,0,0,0,0.0,86.8,6.5,4.5,508.8,34,493172,658,140,0
CUST-1718,43340.06,122967.75,40774.34,164074.17,0.247,2361.88,40545.62,17.17,1,14,0.143,70.1,Engaged,"{'transactionFrequency': 21.5, 'digitalUsage': 17.0, 'productUsage': 12.0, 'recency': 19.7, 'servicePenalty': 0.0}",3,True,False,True,False,0,0,0,0.0,68.0,4.8,0.0,439.9,45,625476,754,25,0
CUST-1719,804.4,28654.3,200.0,83121.07,0.999,2536.75,52849.05,20.83,2,12,-0.076,74.5,Engaged,"{'transactionFrequency': 25.0, 'digitalUsage': 18.2, 'productUsage': 12.0, 'recency': 19.3, 'servicePenalty': 0.0}",3,False,True,True,False,1,0,0,58.0,72.8,8.0,1.3,394.3,52,337814,662,116,0
CUST-1720,200.0,7656.91,200.0,43903.35,1.22,2668.99,63166.02,23.67,1,17,0.182,73.8,Engaged,"{'transactionFrequency': 25.0, 'digitalUsage': 21.1, 'productUsage': 8.0, 'recency': 19.7, 'servicePenalty': 0.0}",2,True,False,False,False,0,0,0,0.0,84.5,6.7,4.5,467.0,45,754035,755,64,0
CUST-1721,200.0,2552.64,200.0,9708.64,1.058,1953.02,18228.15,9.33,2,2,-0.343,53.3,At Risk,"{'transactionFrequency': 11.7, 'digitalUsage': 18.3, 'productUsage': 4.0, 'recency': 19.3, 'servicePenalty': 0.0}",1,False,False,False,False,0,0,0,0.0,73.2,2.5,1.8,460.8,47,1038016,759,7,1
CUST-1722,9493.63,58268.03,200.0,128655.74,0.745,2454.95,59737.1,24.33,3,19,0.085,78.8,Engaged,"{'transactionFrequency': 25.0, 'digitalUsage': 18.8, 'productUsage': 16.0, 'recency': 19.0, 'servicePenalty': 0.0}",4,True,False,True,True,0,0,0,0.0,75.3,4.7,2.0,547.3,39,515508,850,6,0
CUST-1723,6554.25,3674.56,200.0,26150.13,1.338,2464.32,46000.59,18.67,2,13,-0.161,68.8,Engaged,"{'transactionFrequency': 23.3, 'digitalUsage': 22.1, 'productUsage': 4.0, 'recency': 19.3, 'servicePenalty': 0.0}",1,False,False,False,False,0,0,0,0.0,88.4,9.7,3.7,521.7,55,400220,715,6,0
CUST-1724,9126.98,70277.04,200.0,144143.3,0.558,2393.19,42279.72,17.67,1,15,-0.071,70.3,Engaged,"{'transactionFrequency': 22.1, 'digitalUsage': 16.5, 'productUsage': 12.0, 'recency': 19.7, 'servicePenalty': 0.0}",3,False,True,True,False,0,0,0,0.0,66.0,4.3,3.0,394.1,31,636108,675,5,0
CUST-1725,200.0,20575.04,200.0,48165.41,0.859,2636.2,21089.56,8.0,4,3,0.381,58.9,At Risk,"{'transactionFrequency': 10.0, 'digitalUsage': 18.2, 'productUsage': 12.0, 'recency': 18.7, 'servicePenalty': 0.0}",3,False,False,True,True,1,0,0,117.0,72.9,4.5,3.2,493.8,26,618584,693,3,0
CUST-1726,200.0,2827.32,200.0,6768.77,0.765,2343.21,24994.2,10.67,1,2,-0.596,51.2,At Risk,"{'transactionFrequency': 13.3, 'digitalUsage': 24.2, 'productUsage': 4.0, 'recency': 19.7, 'servicePenalty': 10.0}",1,False,False,False,False,3,1,2,12.0,96.9,3.5,2.3,420.0,35,260249,763,14,1
CUST-1727,67671.41,111576.7,67671.41,155557.5,0.209,2076.76,21459.89,10.33,3,8,0.56,59.6,At Risk,"{'transactionFrequency': 12.9, 'digitalUsage': 15.7, 'productUsage': 12.0, 'recency': 19.0, 'servicePenalty': 0.0}",3,False,True,True,False,0,0,0,0.0,62.9,2.2,1.2,364.7,34,324016,659,62,0
CUST-1728,119873.16,131767.2,112072.56,148917.57,0.078,2158.8,23027.2,10.67,2,6,0.0,59.5,At Risk,"{'transactionFrequency': 13.3, 'digitalUsage': 16.8, 'productUsage': 16.0, 'recency': 19.3, 'servicePenalty': 6.0}",4,True,True,False,True,4,3,0,53.0,67.2,6.3,1.5,509.6,42,250000,706,60,0
CUST-1729,102596.68,161718.06,99574.93,212045.04,0.239,2240.38,44434.2,19.83,2,17,-0.016,71.0,Engaged,"{'transactionFrequency': 24.8, 'digitalUsage': 18.9, 'productUsage': 8.0, 'recency': 19.3, 'servicePenalty': 0.0}",2,True,False,False,False,0,0,0,0.0,75.6,3.3,3.5,516.1,46,326145,602,74,0
CUST-1730,2724.61,18250.59,200.0,59410.44,0.966,2221.61,33324.09,15.0,1,9,-0.122,60.7,Engaged,"{'transactionFrequency': 18.8, 'digitalUsage': 20.3, 'productUsage': 4.0, 'recency': 19.7, 'servicePenalty': 2.0}",1,False,False,False,False,1,1,0,31.0,81.1,7.8,3.3,452.4,56,651471,715,29,0
CUST-1731,200.0,2159.51,200.0,12795.72,1.66,2346.15,22679.42,9.67,2,1,-0.605,52.2,At Risk,"{'transactionFrequency': 12.1, 'digitalUsage': 16.8, 'productUsage': 4.0, 'recency': 19.3, 'servicePenalty': 0.0}",1,False,False,False,False,0,0,0,0.0,67.2,4.3,2.2,567.0,31,426640,619,13,1
CUST-1732,3530.81,11349.51,200.0,59562.44,1.673,2342.43,31622.85,13.5,1,9,-0.271,65.2,Engaged,"{'transactionFrequency': 16.9, 'digitalUsage': 20.7, 'productUsage': 8.0, 'recency': 19.7, 'servicePenalty': 0.0}",2,True,False,False,False,0,0,0,0.0,82.7,5.8,4.7,526.8,38,797734,713,73,0
CUST-1733,170153.38,252768.41,170153.38,317582.51,0.163,2114.8,48992.88,23.17,3,15,0.043,76.3,Engaged,"{'transactionFrequency': 25.0, 'digitalUsage': 22.3, 'productUsage': 12.0, 'recency': 19.0, 'servicePenalty': 2.0}",3,False,True,False,True,2,1,0,102.0,89.2,5.8,3.2,578.8,26,519234,762,3,0
CUST-1734,200.0,1715.76,200.0,16616.94,1.682,2812.94,23909.96,8.5,4,2,-0.486,54.9,At Risk,"{'transactionFrequency': 10.6, 'digitalUsage': 17.6, 'productUsage': 8.0, 'recency': 18.7, 'servicePenalty': 0.0}",2,False,False,True,False,0,0,0,0.0,70.6,3.0,0.5,596.4,47,841585,671,3,1
CUST-1735,217478.75,290537.32,217478.75,351761.52,0.121,2508.17,42220.88,16.83,1,13,-0.127,74.2,Engaged,"{'transactionFrequency': 21.0, 'digitalUsage': 21.5, 'productUsage': 12.0, 'recency': 19.7, 'servicePenalty': 0.0}",3,False,False,True,True,0,0,0,0.0,86.1,5.2,2.3,453.1,28,499081,810,30,0
CUST-1736,354280.33,390437.26,354037.43,449821.22,0.068,2413.82,36609.59,15.17,4,15,0.114,69.7,Engaged,"{'transactionFrequency': 19.0, 'digitalUsage': 20.1, 'productUsage': 12.0, 'recency': 18.7, 'servicePenalty': 0.0}",3,False,False,True,True,1,0,0,11.0,80.2,7.3,0.7,438.9,45,250000,672,3,0
CUST-1737,200.0,24699.47,200.0,110295.16,1.33,2330.18,56312.77,24.17,2,16,-0.115,73.5,Engaged,"{'transactionFrequency': 25.0, 'digitalUsage': 21.2, 'productUsage': 8.0, 'recency': 19.3, 'servicePenalty': 0.0}",2,True,False,False,False,0,0,0,0.0,84.8,9.5,5.2,607.4,44,250000,785,36,0
CUST-1738,1673.22,19616.67,200.0,59165.41,0.939,2488.99,48950.16,19.67,1,16,-0.095,80.6,Highly Engaged,"{'transactionFrequency': 24.6, 'digitalUsage': 16.3, 'productUsage': 20.0, 'recency': 19.7, 'servicePenalty': 0.0}",5,True,True,True,True,0,0,0,0.0,65.3,6.3,1.2,511.1,37,366823,842,17,0
CUST-1739,3461.08,13039.28,200.0,70067.54,1.468,2108.93,62213.32,29.5,1,22,-0.192,72.2,Engaged,"{'transactionFrequency': 25.0, 'digitalUsage': 19.5, 'productUsage': 8.0, 'recency': 19.7, 'servicePenalty': 0.0}",2,True,False,False,False,0,0,0,0.0,78.0,4.8,2.7,458.2,52,428697,850,12,0
CUST-1740,200.0,2560.59,200.0,16345.89,1.431,2748.48,20613.63,7.5,31,0,-0.657,46.6,At Risk,"{'transactionFrequency': 9.4, 'digitalUsage': 15.6, 'productUsage': 12.0, 'recency': 9.7, 'servicePenalty': 0.0}",3,True,True,False,False,0,0,0,0.0,62.2,3.0,2.3,579.3,21,1043264,686,6,1
CUST-1741,317464.44,378485.22,317464.44,406464.54,0.06,2356.74,33387.1,14.17,4,7,-0.067,63.0,Engaged,"{'transactionFrequency': 17.7, 'digitalUsage': 22.6, 'productUsage': 4.0, 'recency': 18.7, 'servicePenalty': 0.0}",1,False,False,False,False,0,0,0,0.0,90.6,9.7,3.5,548.2,40,621206,640,140,0
CUST-1742,200.0,9106.94,200.0,47905.11,1.46,1948.39,35395.83,18.17,1,12,-0.18,75.3,Engaged,"{'transactionFrequency': 22.7, 'digitalUsage': 20.9, 'productUsage': 12.0, 'recency': 19.7, 'servicePenalty': 0.0}",3,False,False,True,True,0,0,0,0.0,83.5,9.0,3.5,578.2,32,298456,618,41,0
CUST-1743,580.54,8293.55,200.0,45488.0,1.621,2321.44,40238.25,17.33,1,14,-0.073,66.4,Engaged,"{'transactionFrequency': 21.7, 'digitalUsage': 17.1, 'productUsage': 8.0, 'recency': 19.7, 'servicePenalty': 0.0}",2,False,False,True,False,0,0,0,0.0,68.3,4.3,2.2,510.8,67,557262,577,110,0
CUST-1744,2270.34,33422.71,200.0,83236.61,0.902,2538.59,54579.77,21.5,1,14,-0.129,70.4,Engaged,"{'transactionFrequency': 25.0, 'digitalUsage': 13.8, 'productUsage': 12.0, 'recency': 19.7, 'servicePenalty': 0.0}",3,False,False,True,True,0,0,0,0.0,55.0,4.2,0.7,453.6,57,501732,648,105,0
CUST-1745,200.0,12101.83,200.0,59654.51,1.441,2434.82,42203.51,17.33,2,15,0.409,68.5,Engaged,"{'transactionFrequency': 21.7, 'digitalUsage': 19.5, 'productUsage': 8.0, 'recency': 19.3, 'servicePenalty': 0.0}",2,False,False,True,False,0,0,0,0.0,77.9,7.5,4.8,462.6,58,1533454,723,12,0
CUST-1746,200.0,40749.48,200.0,116807.73,0.778,2473.29,56473.39,22.83,1,16,-0.096,73.3,Engaged,"{'transactionFrequency': 25.0, 'digitalUsage': 20.6, 'productUsage': 8.0, 'recency': 19.7, 'servicePenalty': 0.0}",2,False,False,False,True,0,0,0,0.0,82.5,4.3,1.5,504.9,30,447694,683,25,0
CUST-1747,5056.29,64458.41,5056.29,162095.0,0.767,2210.98,46799.09,21.17,1,12,-0.075,78.6,Engaged,"{'transactionFrequency': 25.0, 'digitalUsage': 17.9, 'productUsage': 16.0, 'recency': 19.7, 'servicePenalty': 0.0}",4,True,True,False,True,0,0,0,0.0,71.7,3.2,1.2,496.9,49,368465,742,40,0
CUST-1748,200.0,2739.15,200.0,27774.15,1.888,2278.44,45568.74,20.0,2,14,0.068,80.9,Highly Engaged,"{'transactionFrequency': 25.0, 'digitalUsage': 24.6, 'productUsage': 12.0, 'recency': 19.3, 'servicePenalty': 0.0}",3,True,False,True,False,0,0,0,0.0,98.3,7.5,3.5,496.1,34,250000,608,10,0
CUST-1749,24491.83,82422.79,22758.07,134361.84,0.346,2229.56,53137.9,23.83,2,17,0.014,73.5,Engaged,"{'transactionFrequency': 25.0, 'digitalUsage': 17.1, 'productUsage': 12.0, 'recency': 19.3, 'servicePenalty': 0.0}",3,False,False,True,True,0,0,0,0.0,68.5,7.7,2.3,470.9,48,464612,680,15,0
CUST-1750,200.0,18221.69,200.0,44859.36,0.943,2185.88,48818.1,22.33,1,17,0.345,75.6,Engaged,"{'transactionFrequency': 25.0, 'digitalUsage': 22.9, 'productUsage': 8.0, 'recency': 19.7, 'servicePenalty': 0.0}",2,True,False,False,False,0,0,0,0.0,91.8,7.2,2.8,553.4,40,306538,767,20,0
CUST-1751,159210.84,210472.99,159210.84,252197.04,0.13,2881.5,42742.26,14.83,6,9,-0.375,61.7,Engaged,"{'transactionFrequency': 18.5, 'digitalUsage': 17.1, 'productUsage': 8.0, 'recency': 18.0, 'servicePenalty': 0.0}",2,True,False,False,False,0,0,0,0.0,68.5,1.0,2.0,437.0,36,250000,741,108,0
CUST-1752,200.0,28679.29,200.0,90246.84,1.205,2329.66,29120.76,12.5,2,7,-0.362,66.3,Engaged,"{'transactionFrequency': 15.6, 'digitalUsage': 19.3, 'productUsage': 12.0, 'recency': 19.3, 'servicePenalty': 0.0}",3,True,False,True,False,0,0,0,0.0,77.3,5.2,3.5,412.4,71,250000,850,37,0
CUST-1753,808.25,34869.81,200.0,93029.62,0.848,2470.8,32120.38,13.0,2,13,0.353,70.5,Engaged,"{'transactionFrequency': 16.2, 'digitalUsage': 18.9, 'productUsage': 16.0, 'recency': 19.3, 'servicePenalty': 0.0}",4,False,True,True,True,0,0,0,0.0,75.6,6.2,1.7,492.1,46,632489,651,8,0
CUST-1754,200.0,10207.9,200.0,79878.52,1.837,2278.29,51261.43,22.5,1,19,0.283,74.1,Engaged,"{'transactionFrequency': 25.0, 'digitalUsage': 17.4, 'productUsage': 12.0, 'recency': 19.7, 'servicePenalty': 0.0}",3,True,False,False,True,0,0,0,0.0,69.6,6.3,1.8,468.3,35,556766,808,127,0
CUST-1755,1232.9,15174.04,200.0,44673.96,0.928,2134.47,27392.38,12.83,2,7,-0.119,67.4,Engaged,"{'transactionFrequency': 16.0, 'digitalUsage': 24.0, 'productUsage': 8.0, 'recency': 19.3, 'servicePenalty': 0.0}",2,False,True,False,False,0,0,0,0.0,96.1,7.8,5.2,495.9,32,513180,705,48,0
CUST-1756,4448.41,69829.19,4284.0,142538.71,0.624,2543.05,50437.16,19.83,1,14,-0.048,81.9,Highly Engaged,"{'transactionFrequency': 24.8, 'digitalUsage': 21.4, 'productUsage': 16.0, 'recency': 19.7, 'servicePenalty': 0.0}",4,True,True,True,False,0,0,0,0.0,85.7,9.5,3.3,458.0,32,471550,831,14,0
CUST-1757,200.0,24191.28,200.0,62008.56,0.844,3067.86,21986.31,7.17,7,5,-0.2,59.3,At Risk,"{'transactionFrequency': 9.0, 'digitalUsage': 22.7, 'productUsage': 12.0, 'recency': 17.7, 'servicePenalty': 2.0}",3,False,True,True,False,1,1,0,24.0,90.7,8.2,4.3,541.2,25,534716,648,38,0
CUST-1758,4852.64,5149.98,200.0,56926.28,1.926,2700.19,56253.88,20.83,1,17,-0.076,71.9,Engaged,"{'transactionFrequency': 25.0, 'digitalUsage': 19.2, 'productUsage': 8.0, 'recency': 19.7, 'servicePenalty': 0.0}",2,True,False,False,False,0,0,0,0.0,76.8,5.3,2.8,544.3,38,761283,774,81,0
CUST-1759,1017.52,9893.7,200.0,27844.78,0.929,2325.42,24416.91,10.5,4,3,-0.415,60.1,Engaged,"{'transactionFrequency': 13.1, 'digitalUsage': 16.3, 'productUsage': 12.0, 'recency': 18.7, 'servicePenalty': 0.0}",3,False,True,True,False,1,0,0,56.0,65.1,3.3,1.3,371.7,50,440867,757,9,0
CUST-1760,32946.41,122833.12,32946.41,230747.06,0.443,2997.89,68451.72,22.83,3,14,-0.171,76.5,Engaged,"{'transactionFrequency': 25.0, 'digitalUsage': 20.4, 'productUsage': 12.0, 'recency': 19.0, 'servicePenalty': 0.0}",3,True,True,False,False,0,0,0,0.0,81.8,12.8,3.5,604.3,33,641625,822,14,0
CUST-1761,370.22,12514.24,200.0,46536.65,1.106,2127.21,32971.74,15.5,3,8,-0.208,66.0,Engaged,"{'transactionFrequency': 19.4, 'digitalUsage': 15.6, 'productUsage': 12.0, 'recency': 19.0, 'servicePenalty': 0.0}",3,True,False,True,False,0,0,0,0.0,62.4,3.5,0.8,442.7,54,1234836,778,54,0
CUST-1762,2035.09,1841.4,200.0,9874.55,0.989,2459.7,18447.76,7.5,61,0,-0.763,39.0,Dormant,"{'transactionFrequency': 9.4, 'digitalUsage': 21.7, 'productUsage': 8.0, 'recency': 0.0, 'servicePenalty': 0.0}",2,True,False,False,False,0,0,0,0.0,86.7,4.7,0.5,470.4,39,1410160,578,22,1
CUST-1763,5411.38,40682.8,200.0,81848.73,0.632,2513.88,45668.9,18.17,2,14,0.523,73.1,Engaged,"{'transactionFrequency': 22.7, 'digitalUsage': 21.1, 'productUsage': 12.0, 'recency': 19.3, 'servicePenalty': 2.0}",3,True,False,True,False,1,1,0,34.0,84.4,7.5,1.8,550.5,42,433359,745,53,0
CUST-1764,200.0,6715.69,200.0,40955.96,1.624,2304.58,30343.64,13.17,26,1,-0.734,51.8,At Risk,"{'transactionFrequency': 16.5, 'digitalUsage': 18.1, 'productUsage': 16.0, 'recency': 11.3, 'servicePenalty': 10.0}",4,True,True,False,True,3,3,3,0.0,72.2,3.7,1.8,570.4,54,916440,683,6,1
CUST-1765,29450.17,63064.66,29450.17,109123.65,0.385,2229.39,47560.26,21.33,7,14,-0.143,72.6,Engaged,"{'transactionFrequency': 25.0, 'digitalUsage': 19.9, 'productUsage': 12.0, 'recency': 17.7, 'servicePenalty': 2.0}",3,False,True,True,False,1,1,0,115.0,79.7,2.5,3.2,412.8,45,653744,666,82,0
CUST-1766,200.0,2532.99,200.0,15928.59,1.704,2146.91,15744.02,7.33,3,1,-0.606,53.2,At Risk,"{'transactionFrequency': 9.2, 'digitalUsage': 13.1, 'productUsage': 12.0, 'recency': 19.0, 'servicePenalty': 0.0}",3,True,False,False,True,0,0,0,0.0,52.3,1.2,0.3,539.4,51,619046,553,30,1
CUST-1767,4690.39,39120.4,200.0,124960.06,1.21,2554.89,55356.0,21.67,2,17,-0.167,78.1,Engaged,"{'transactionFrequency': 25.0, 'digitalUsage': 21.7, 'productUsage': 12.0, 'recency': 19.3, 'servicePenalty': 0.0}",3,True,False,True,False,0,0,0,0.0,86.9,6.8,3.5,483.0,26,587397,693,34,0
CUST-1768,200.0,4423.99,200.0,24135.24,1.33,2787.87,48323.1,17.33,2,11,-0.172,72.5,Engaged,"{'transactionFrequency': 21.7, 'digitalUsage': 19.5, 'productUsage': 12.0, 'recency': 19.3, 'servicePenalty': 0.0}",3,True,True,False,False,0,0,0,0.0,77.9,9.3,2.8,557.2,28,1226529,627,3,0
CUST-1769,10537.94,26806.34,200.0,84560.78,1.018,2222.02,32589.64,14.67,1,7,-0.333,67.3,Engaged,"{'transactionFrequency': 18.3, 'digitalUsage': 21.3, 'productUsage': 12.0, 'recency': 19.7, 'servicePenalty': 4.0}",3,True,True,False,False,2,2,0,65.5,85.2,11.8,7.2,507.5,32,2007348,771,77,0
CUST-1770,200.0,8384.96,200.0,45938.07,1.559,2125.7,48182.49,22.67,1,17,-0.208,79.8,Engaged,"{'transactionFrequency': 25.0, 'digitalUsage': 19.1, 'productUsage': 16.0, 'recency': 19.7, 'servicePenalty': 0.0}",4,True,True,False,True,0,0,0,0.0,76.5,8.3,3.0,486.3,36,971108,611,61,0
CUST-1771,54267.04,129730.61,54267.04,220696.56,0.281,2914.65,42262.37,14.5,4,11,-0.106,69.5,Engaged,"{'transactionFrequency': 18.1, 'digitalUsage': 20.7, 'productUsage': 12.0, 'recency': 18.7, 'servicePenalty': 0.0}",3,True,False,True,False,0,0,0,0.0,82.8,9.5,3.7,517.5,50,494961,727,5,0
CUST-1772,200.0,25072.36,200.0,63077.87,0.894,2297.28,48625.75,21.17,2,17,0.016,82.8,Highly Engaged,"{'transactionFrequency': 25.0, 'digitalUsage': 22.4, 'productUsage': 16.0, 'recency': 19.3, 'servicePenalty': 0.0}",4,True,True,True,False,0,0,0,0.0,89.8,9.2,3.8,435.5,34,347758,789,24,0
CUST-1773,1064.4,81966.24,200.0,153615.94,0.52,2347.68,45779.78,19.5,3,19,0.479,73.3,Engaged,"{'transactionFrequency': 24.4, 'digitalUsage': 17.9, 'productUsage': 12.0, 'recency': 19.0, 'servicePenalty': 0.0}",3,False,True,False,True,0,0,0,0.0,71.8,3.7,3.3,439.4,29,250000,733,9,0
CUST-1774,1582.68,19845.08,200.0,59669.12,0.736,2268.04,32130.51,14.17,3,15,-0.023,60.4,Engaged,"{'transactionFrequency': 17.7, 'digitalUsage': 17.6, 'productUsage': 8.0, 'recency': 19.0, 'servicePenalty': 2.0}",2,False,False,True,False,2,1,0,33.5,70.6,7.0,2.0,470.5,32,641120,618,26,0
CUST-1775,2602.19,16166.51,200.0,61245.37,1.232,2431.02,47810.05,19.67,2,11,-0.125,79.0,Engaged,"{'transactionFrequency': 24.6, 'digitalUsage': 19.1, 'productUsage': 16.0, 'recency': 19.3, 'servicePenalty': 0.0}",4,True,False,True,True,0,0,0,0.0,76.3,1.8,2.3,483.0,23,930409,676,29,0
CUST-1776,97615.56,135894.14,92255.0,185039.73,0.223,2286.99,33923.62,14.83,4,9,0.022,60.9,Engaged,"{'transactionFrequency': 18.5, 'digitalUsage': 15.7, 'productUsage': 8.0, 'recency': 18.7, 'servicePenalty': 0.0}",2,False,False,True,False,0,0,0,0.0,62.9,3.8,1.8,473.1,59,458098,647,7,0
CUST-1777,242338.51,343589.42,241415.95,421608.9,0.157,1887.03,43087.13,22.83,1,19,0.138,72.9,Engaged,"{'transactionFrequency': 25.0, 'digitalUsage': 20.2, 'productUsage': 8.0, 'recency': 19.7, 'servicePenalty': 0.0}",2,True,False,False,False,0,0,0,0.0,81.0,5.2,2.0,453.7,38,723460,776,4,0
CUST-1778,200.0,2029.2,200.0,18180.11,1.685,2323.26,88283.88,38.0,1,26,0.0,74.3,Engaged,"{'transactionFrequency': 25.0, 'digitalUsage': 19.6, 'productUsage': 12.0, 'recency': 19.7, 'servicePenalty': 2.0}",3,True,False,False,True,1,1,0,60.0,78.5,9.8,3.7,507.2,51,414220,830,107,0
CUST-1779,57638.9,96486.56,57638.9,119693.45,0.14,2015.72,42330.07,21.0,1,14,0.098,75.1,Engaged,"{'transactionFrequency': 25.0, 'digitalUsage': 18.4, 'productUsage': 12.0, 'recency': 19.7, 'servicePenalty': 0.0}",3,True,False,True,False,0,0,0,0.0,73.8,2.7,3.5,387.5,56,563044,797,70,0
CUST-1780,897.74,1495.93,200.0,7689.79,1.453,1974.63,20404.5,10.33,5,2,-0.609,54.0,At Risk,"{'transactionFrequency': 12.9, 'digitalUsage': 19.8, 'productUsage': 8.0, 'recency': 18.3, 'servicePenalty': 5.0}",2,True,False,False,False,1,0,1,0.0,79.0,4.5,1.5,579.7,44,427319,730,4,1
CUST-1781,4796.02,15896.59,200.0,49246.99,1.043,2362.6,27957.4,11.83,3,10,0.355,60.8,Engaged,"{'transactionFrequency': 14.8, 'digitalUsage': 19.0, 'productUsage': 8.0, 'recency': 19.0, 'servicePenalty': 0.0}",2,False,True,False,False,0,0,0,0.0,76.1,4.0,3.8,520.0,48,290793,737,14,0
CUST-1782,200.0,50127.55,200.0,127692.83,0.638,2629.75,49965.23,19.0,1,16,-0.129,69.4,Engaged,"{'transactionFrequency': 23.8, 'digitalUsage': 18.0, 'productUsage': 8.0, 'recency': 19.7, 'servicePenalty': 0.0}",2,False,False,False,True,0,0,0,0.0,71.9,9.2,2.7,411.8,21,512919,618,34,0
CUST-1783,121981.68,154343.09,116028.39,212852.56,0.199,2794.1,40048.77,14.33,1,12,0.0,68.5,Engaged,"{'transactionFrequency': 17.9, 'digitalUsage': 18.9, 'productUsage': 12.0, 'recency': 19.7, 'servicePenalty': 0.0}",3,False,True,True,False,0,0,0,0.0,75.6,5.7,4.5,527.3,52,250000,676,3,0
CUST-1784,451.52,5159.18,200.0,51395.8,2.157,2351.99,71343.57,30.33,3,22,-0.083,76.3,Engaged,"{'transactionFrequency': 25.0, 'digitalUsage': 20.3, 'productUsage': 12.0, 'recency': 19.0, 'servicePenalty': 0.0}",3,True,False,True,False,0,0,0,0.0,81.3,5.7,2.0,415.4,24,270681,732,53,0
CUST-1785,105266.86,178703.86,105266.86,249657.95,0.229,2105.35,30527.53,14.5,1,13,0.472,79.9,Engaged,"{'transactionFrequency': 18.1, 'digitalUsage': 24.1, 'productUsage': 20.0, 'recency': 19.7, 'servicePenalty': 2.0}",5,True,True,True,True,2,1,0,57.5,96.6,11.8,3.8,548.1,40,250000,600,70,0
CUST-1786,4857.08,12688.62,200.0,57349.02,1.346,2108.0,51997.31,24.67,3,18,0.027,74.2,Engaged,"{'transactionFrequency': 25.0, 'digitalUsage': 18.2, 'productUsage': 12.0, 'recency': 19.0, 'servicePenalty': 0.0}",3,True,False,True,False,0,0,0,0.0,73.0,6.3,1.0,552.2,48,613950,685,120,0
CUST-1787,8300.82,3247.04,200.0,37393.59,1.931,2547.24,66652.69,26.17,1,17,0.038,69.2,Engaged,"{'transactionFrequency': 25.0, 'digitalUsage': 20.6, 'productUsage': 4.0, 'recency': 19.7, 'servicePenalty': 0.0}",1,False,False,False,False,0,0,0,0.0,82.2,4.8,6.0,600.4,22,362107,772,60,0
CUST-1788,200.0,30564.39,200.0,78091.98,0.803,2292.57,28275.03,12.33,6,8,0.375,62.0,Engaged,"{'transactionFrequency': 15.4, 'digitalUsage': 20.6, 'productUsage': 8.0, 'recency': 18.0, 'servicePenalty': 0.0}",2,False,False,True,False,0,0,0,0.0,82.4,8.8,1.8,436.8,31,812724,672,27,0
CUST-1789,10607.31,22376.57,2241.79,49617.28,0.592,2032.24,35225.54,17.33,2,13,-0.14,70.1,Engaged,"{'transactionFrequency': 21.7, 'digitalUsage': 17.1, 'productUsage': 12.0, 'recency': 19.3, 'servicePenalty': 0.0}",3,False,True,True,False,1,0,0,21.0,68.3,5.3,1.2,554.1,39,1229773,805,27,0
CUST-1790,200.0,1569.34,200.0,12286.18,1.569,2788.53,34856.67,12.5,8,2,-0.738,49.3,At Risk,"{'transactionFrequency': 15.6, 'digitalUsage': 18.3, 'productUsage': 8.0, 'recency': 17.3, 'servicePenalty': 10.0}",2,False,False,True,False,2,0,2,0.0,73.3,3.8,2.3,522.5,37,723592,747,11,1
CUST-1791,2722.94,44509.11,200.0,72253.13,0.552,2285.11,29325.53,12.83,1,11,0.548,61.6,Engaged,"{'transactionFrequency': 16.0, 'digitalUsage': 17.9, 'productUsage': 8.0, 'recency': 19.7, 'servicePenalty': 0.0}",2,True,False,False,False,0,0,0,0.0,71.4,1.2,1.2,586.8,45,262978,773,44,0
CUST-1792,200.0,1740.87,200.0,8574.21,1.397,2688.66,25094.15,9.33,31,0,-0.474,42.5,At Risk,"{'transactionFrequency': 11.7, 'digitalUsage': 19.2, 'productUsage': 12.0, 'recency': 9.7, 'servicePenalty': 10.0}",3,False,False,True,True,2,1,2,0.0,76.8,2.8,0.8,572.2,47,250000,649,21,1
CUST-1793,200.0,11003.45,200.0,57307.68,1.607,2271.72,58307.57,25.67,4,14,-0.143,70.9,Engaged,"{'transactionFrequency': 25.0, 'digitalUsage': 15.2, 'productUsage': 12.0, 'recency': 18.7, 'servicePenalty': 0.0}",3,False,True,False,True,1,0,0,97.0,61.0,0.8,0.3,655.7,46,278722,740,65,0
CUST-1794,8672.26,39120.83,200.0,118703.18,0.886,2184.05,54965.25,25.17,1,19,-0.157,72.4,Engaged,"{'transactionFrequency': 25.0, 'digitalUsage': 19.7, 'productUsage': 8.0, 'recency': 19.7, 'servicePenalty': 0.0}",2,False,False,True,False,0,0,0,0.0,78.8,7.8,1.3,544.8,43,805124,750,13,0
CUST-1795,60890.48,127468.82,60890.48,191808.25,0.329,2384.36,34970.62,14.67,8,10,0.0,61.6,Engaged,"{'transactionFrequency': 18.3, 'digitalUsage': 15.9, 'productUsage': 12.0, 'recency': 17.3, 'servicePenalty': 2.0}",3,False,True,True,False,3,1,0,48.7,63.6,3.7,2.7,463.9,32,250000,790,60,0
CUST-1796,7867.98,3348.83,200.0,27392.8,1.985,2672.02,18704.1,7.0,8,3,-0.24,48.7,At Risk,"{'transactionFrequency': 8.8, 'digitalUsage': 19.6, 'productUsage': 8.0, 'recency': 17.3, 'servicePenalty': 5.0}",2,False,False,True,False,1,0,1,0.0,78.6,1.2,0.7,379.2,41,358249,630,38,1
CUST-1797,2117.47,8232.06,200.0,64405.8,1.923,2580.51,69243.62,26.83,2,19,-0.189,79.5,Engaged,"{'transactionFrequency': 25.0, 'digitalUsage': 23.1, 'productUsage': 12.0, 'recency': 19.3, 'servicePenalty': 0.0}",3,True,True,False,False,0,0,0,0.0,92.5,9.8,4.8,483.9,27,635052,724,31,0
CUST-1798,121572.55,211212.87,114852.94,320886.91,0.326,2715.2,72405.21,26.67,2,19,0.077,81.1,Highly Engaged,"{'transactionFrequency': 25.0, 'digitalUsage': 20.8, 'productUsage': 16.0, 'recency': 19.3, 'servicePenalty': 0.0}",4,True,True,True,False,0,0,0,0.0,83.1,5.0,2.8,512.0,36,331185,792,129,0
CUST-1799,200.0,5834.43,200.0,43052.54,1.951,2895.75,57914.93,20.0,1,14,0.259,76.5,Engaged,"{'transactionFrequency': 25.0, 'digitalUsage': 19.8, 'productUsage': 12.0, 'recency': 19.7, 'servicePenalty': 0.0}",3,False,False,True,True,0,0,0,0.0,79.2,9.2,3.3,534.2,44,313925,714,92,0
CUST-1800,88840.86,159954.0,88840.86,266547.37,0.325,2463.01,55007.22,22.33,2,14,-0.256,77.0,Engaged,"{'transactionFrequency': 25.0, 'digitalUsage': 20.7, 'productUsage': 12.0, 'recency': 19.3, 'servicePenalty': 0.0}",3,True,False,False,True,0,0,0,0.0,82.8,5.2,3.2,530.0,34,416854,698,63,0
CUST-1801,116830.21,149953.44,115885.93,207789.79,0.164,2306.64,30370.81,13.17,4,11,0.025,64.2,Engaged,"{'transactionFrequency': 16.5, 'digitalUsage': 17.1, 'productUsage': 12.0, 'recency': 18.7, 'servicePenalty': 0.0}",3,False,False,True,True,0,0,0,0.0,68.4,4.5,1.0,372.1,43,548714,805,42,0
CUST-1802,304.97,44280.78,200.0,111230.41,0.801,1838.45,40139.41,21.83,1,16,0.217,74.1,Engaged,"{'transactionFrequency': 25.0, 'digitalUsage': 19.5, 'productUsage': 12.0, 'recency': 19.7, 'servicePenalty': 2.0}",3,False,False,True,True,2,1,0,98.0,77.9,3.3,1.7,591.7,43,250000,689,22,0
CUST-1803,652.19,2860.91,200.0,17106.25,1.22,2652.94,46426.52,17.5,2,3,-0.534,57.5,At Risk,"{'transactionFrequency': 21.9, 'digitalUsage': 15.2, 'productUsage': 8.0, 'recency': 19.3, 'servicePenalty': 7.0}",2,False,True,False,False,1,1,1,0.0,61.0,3.3,0.5,563.0,54,848049,672,5,1
CUST-1804,55277.31,96803.65,55277.31,135654.97,0.204,2620.5,45422.06,17.33,2,10,-0.14,68.6,Engaged,"{'transactionFrequency': 21.7, 'digitalUsage': 15.6, 'productUsage': 12.0, 'recency': 19.3, 'servicePenalty': 0.0}",3,True,False,False,True,0,0,0,0.0,62.5,3.8,2.2,516.8,47,372983,717,52,0
CUST-1805,200.0,5434.6,200.0,39783.94,1.818,2101.24,43425.68,20.67,2,17,-0.062,72.7,Engaged,"{'transactionFrequency': 25.0, 'digitalUsage': 18.4, 'productUsage': 12.0, 'recency': 19.3, 'servicePenalty': 2.0}",3,True,True,False,False,1,1,0,30.0,73.4,6.2,1.5,469.0,25,321037,713,34,0
CUST-1806,19335.1,83870.86,19335.1,166908.88,0.446,2149.96,39774.18,18.5,2,14,0.173,69.6,Engaged,"{'transactionFrequency': 23.1, 'digitalUsage': 17.1, 'productUsage': 12.0, 'recency': 19.3, 'servicePenalty': 2.0}",3,False,True,False,True,2,1,0,25.0,68.5,2.2,1.8,446.0,46,764564,688,27,0
CUST-1807,4399.07,12449.0,200.0,38215.66,1.035,1794.31,13457.34,7.5,10,1,-0.433,49.6,At Risk,"{'transactionFrequency': 9.4, 'digitalUsage': 15.6, 'productUsage': 8.0, 'recency': 16.7, 'servicePenalty': 0.0}",2,True,False,False,False,0,0,0,0.0,62.2,2.0,2.8,537.4,40,1196502,693,19,0
CUST-1808,200.0,11399.35,200.0,60844.86,1.41,2726.03,45433.92,16.67,8,11,0.082,66.7,Engaged,"{'transactionFrequency': 20.8, 'digitalUsage': 20.5, 'productUsage': 8.0, 'recency': 17.3, 'servicePenalty': 0.0}",2,True,False,False,False,0,0,0,0.0,82.0,7.7,4.3,534.2,42,250000,805,58,0
CUST-1809,119754.39,191685.23,119754.39,235550.18,0.179,2287.05,35830.49,15.67,1,8,0.043,72.8,Engaged,"{'transactionFrequency': 19.6, 'digitalUsage': 21.6, 'productUsage': 12.0, 'recency': 19.7, 'servicePenalty': 0.0}",3,True,True,False,False,0,0,0,0.0,86.2,7.2,3.3,543.0,42,335451,692,5,0
CUST-1810,5392.14,14947.79,200.0,79631.6,1.563,2009.33,43200.56,21.5,1,14,0.259,71.5,Engaged,"{'transactionFrequency': 25.0, 'digitalUsage': 16.9, 'productUsage': 12.0, 'recency': 19.7, 'servicePenalty': 2.0}",3,False,True,False,True,1,1,0,102.0,67.4,4.7,1.2,447.4,28,1336450,660,23,0
CUST-1811,152383.7,207819.72,152383.7,242363.47,0.101,2354.48,35709.68,15.17,3,14,0.163,70.6,Engaged,"{'transactionFrequency': 19.0, 'digitalUsage': 20.6, 'productUsage': 12.0, 'recency': 19.0, 'servicePenalty': 0.0}",3,True,True,False,False,0,0,0,0.0,82.4,9.7,1.7,493.7,21,533556,785,3,0
CUST-1812,2888.6,2821.33,200.0,8475.94,0.867,2470.97,11943.01,4.83,22,1,-0.45,37.1,Dormant,"{'transactionFrequency': 6.0, 'digitalUsage': 16.4, 'productUsage': 12.0, 'recency': 12.7, 'servicePenalty': 10.0}",3,True,False,True,False,2,1,2,0.0,65.5,2.7,1.2,654.6,44,837202,724,3,1
CUST-1813,206664.82,264716.59,205464.98,291981.29,0.075,2156.59,32348.85,15.0,6,12,0.19,69.5,Engaged,"{'transactionFrequency': 18.8, 'digitalUsage': 24.7, 'productUsage': 8.0, 'recency': 18.0, 'servicePenalty': 0.0}",2,False,False,True,False,0,0,0,0.0,98.9,7.2,5.7,536.6,42,618417,709,31,0
CUST-1814,116583.46,114992.02,113715.49,118318.46,0.01,1662.66,1662.66,1.0,24,1,0.667,28.9,Dormant,"{'transactionFrequency': 1.2, 'digitalUsage': 16.7, 'productUsage': 4.0, 'recency': 12.0, 'servicePenalty': 5.0}",1,False,False,False,False,1,0,1,0.0,66.7,1.7,0.8,327.8,43,470239,743,7,1
CUST-1815,8202.14,23356.84,200.0,69312.89,0.861,2357.19,45572.43,19.33,1,14,0.269,65.9,Engaged,"{'transactionFrequency': 24.2, 'digitalUsage': 18.1, 'productUsage': 4.0, 'recency': 19.7, 'servicePenalty': 0.0}",1,False,False,False,False,0,0,0,0.0,72.4,10.2,2.7,420.9,21,565660,811,38,0
CUST-1816,200.0,35893.39,200.0,115065.89,0.958,2031.29,53829.23,26.5,3,17,-0.231,77.2,Engaged,"{'transactionFrequency': 25.0, 'digitalUsage': 17.1, 'productUsage': 16.0, 'recency': 19.0, 'servicePenalty': 0.0}",4,True,True,True,False,3,0,0,55.0,68.6,4.3,1.5,378.8,32,742041,763,12,0
CUST-1817,19033.71,20553.09,200.0,50899.56,0.6,2686.75,40301.3,15.0,2,10,-0.122,61.1,Engaged,"{'transactionFrequency': 18.8, 'digitalUsage': 15.0, 'productUsage': 8.0, 'recency': 19.3, 'servicePenalty': 0.0}",2,False,False,True,False,0,0,0,0.0,60.0,4.0,0.3,476.1,21,533251,777,74,0
CUST-1818,80650.88,94531.63,79498.0,103254.12,0.084,2466.57,14388.35,5.83,5,7,0.643,53.0,At Risk,"{'transactionFrequency': 7.3, 'digitalUsage': 21.4, 'productUsage': 8.0, 'recency': 18.3, 'servicePenalty': 2.0}",2,False,False,True,False,1,1,0,111.0,85.7,4.7,1.5,508.3,21,1028376,738,39,0
CUST-1819,830204.9,883564.95,830204.9,925481.62,0.029,2629.87,41201.36,15.67,4,12,0.087,71.0,Engaged,"{'transactionFrequency': 19.6, 'digitalUsage': 20.8, 'productUsage': 12.0, 'recency': 18.7, 'servicePenalty': 0.0}",3,False,True,True,False,0,0,0,0.0,83.0,9.8,3.8,410.1,47,1092918,541,140,0
CUST-1820,200.0,2121.44,200.0,20289.68,2.212,2254.7,18037.61,8.0,12,1,-0.649,44.6,At Risk,"{'transactionFrequency': 10.0, 'digitalUsage': 15.6, 'productUsage': 8.0, 'recency': 16.0, 'servicePenalty': 5.0}",2,True,False,False,False,1,0,1,0.0,62.5,4.7,2.0,416.4,64,350818,829,3,1
CUST-1821,200.0,40619.68,200.0,129113.23,1.083,2481.14,49622.79,20.0,1,14,0.103,70.7,Engaged,"{'transactionFrequency': 25.0, 'digitalUsage': 20.0, 'productUsage': 8.0, 'recency': 19.7, 'servicePenalty': 2.0}",2,False,True,False,False,1,1,0,118.0,80.0,11.0,3.2,502.2,33,597332,799,39,0
CUST-1822,3213.32,4000.57,200.0,33277.6,1.458,3191.94,45751.09,14.33,2,5,0.047,63.6,Engaged,"{'transactionFrequency': 17.9, 'digitalUsage': 18.3, 'productUsage': 8.0, 'recency': 19.3, 'servicePenalty': 0.0}",2,False,False,True,False,0,0,0,0.0,73.3,7.5,5.7,515.0,36,250000,669,11,0
CUST-1823,2909.54,14603.77,200.0,82650.07,1.545,2405.79,43705.23,18.17,1,13,-0.238,74.0,Engaged,"{'transactionFrequency': 22.7, 'digitalUsage': 23.6, 'productUsage': 8.0, 'recency': 19.7, 'servicePenalty': 0.0}",2,False,False,True,False,0,0,0,0.0,94.5,6.8,3.5,508.3,27,496117,637,51,0
CUST-1824,3541.95,30098.8,200.0,71797.83,0.8,2051.77,32486.39,15.83,2,12,0.021,62.1,Engaged,"{'transactionFrequency': 19.8, 'digitalUsage': 18.9, 'productUsage': 4.0, 'recency': 19.3, 'servicePenalty': 0.0}",1,False,False,False,False,0,0,0,0.0,75.8,10.3,3.0,436.8,27,250372,759,82,0
CUST-1825,9998.72,8106.18,200.0,25326.41,0.894,2366.3,19324.78,8.17,4,5,-0.241,59.8,At Risk,"{'transactionFrequency': 10.2, 'digitalUsage': 18.9, 'productUsage': 12.0, 'recency': 18.7, 'servicePenalty': 0.0}",3,True,False,True,False,0,0,0,0.0,75.5,7.3,1.0,492.6,52,420996,700,21,0
CUST-1826,259209.02,320817.69,259209.02,372912.87,0.092,1945.49,39234.05,20.17,3,19,-0.217,66.4,Engaged,"{'transactionFrequency': 25.0, 'digitalUsage': 18.4, 'productUsage': 4.0, 'recency': 19.0, 'servicePenalty': 0.0}",1,False,False,False,False,0,0,0,0.0,73.6,7.5,3.2,425.6,42,636559,713,52,0
CUST-1827,25559.32,43796.94,16247.17,88821.62,0.357,2405.35,28062.4,11.67,2,9,0.182,58.3,At Risk,"{'transactionFrequency': 14.6, 'digitalUsage': 20.4, 'productUsage': 4.0, 'recency': 19.3, 'servicePenalty': 0.0}",1,False,False,False,False,0,0,0,0.0,81.4,13.0,5.3,481.4,33,2157885,669,37,0
CUST-1828,9504.69,33166.95,2659.35,88523.12,0.645,2595.27,33305.97,12.83,8,9,-0.388,65.7,Engaged,"{'transactionFrequency': 16.0, 'digitalUsage': 24.4, 'productUsage': 8.0, 'recency': 17.3, 'servicePenalty': 0.0}",2,False,False,True,False,0,0,0,0.0,97.4,12.3,3.8,608.9,23,503792,749,21,0
CUST-1829,4550.87,11339.18,200.0,51786.01,1.29,2335.88,63457.98,27.17,1,20,-0.059,76.6,Engaged,"{'transactionFrequency': 25.0, 'digitalUsage': 21.9, 'productUsage': 12.0, 'recency': 19.7, 'servicePenalty': 2.0}",3,False,True,True,False,4,1,0,38.5,87.7,10.0,1.7,424.9,30,347047,750,15,0
CUST-1830,200.0,27198.21,200.0,77289.25,0.779,2405.1,38882.49,16.17,1,10,-0.02,71.5,Engaged,"{'transactionFrequency': 20.2, 'digitalUsage': 21.6, 'productUsage': 12.0, 'recency': 19.7, 'servicePenalty': 2.0}",3,True,False,False,True,1,1,0,66.0,86.6,9.7,3.2,523.0,41,392779,826,24,0
CUST-1831,200.0,37531.59,200.0,108698.33,1.058,2536.96,41437.01,16.33,1,13,0.083,74.0,Engaged,"{'transactionFrequency': 20.4, 'digitalUsage': 21.9, 'productUsage': 12.0, 'recency': 19.7, 'servicePenalty': 0.0}",3,True,False,True,False,0,0,0,0.0,87.8,12.2,4.8,495.5,32,1020629,672,46,0
CUST-1832,90120.83,130206.45,90120.83,158302.65,0.091,2116.09,31388.72,14.83,1,11,-0.216,65.8,Engaged,"{'transactionFrequency': 18.5, 'digitalUsage': 21.6, 'productUsage': 8.0, 'recency': 19.7, 'servicePenalty': 2.0}",2,True,False,False,False,1,1,0,78.0,86.5,9.2,5.0,465.7,31,422384,705,99,0
CUST-1833,173980.66,212586.92,171967.61,241186.63,0.069,2170.51,39069.25,18.0,3,11,0.115,68.5,Engaged,"{'transactionFrequency': 22.5, 'digitalUsage': 15.0, 'productUsage': 12.0, 'recency': 19.0, 'servicePenalty': 0.0}",3,False,True,False,True,0,0,0,0.0,60.2,2.7,0.7,464.3,53,295691,642,3,0
CUST-1834,105086.81,135119.25,94526.27,175065.31,0.183,2641.28,36097.51,13.67,2,16,-0.047,63.0,Engaged,"{'transactionFrequency': 17.1, 'digitalUsage': 18.6, 'productUsage': 8.0, 'recency': 19.3, 'servicePenalty': 0.0}",2,True,False,False,False,0,0,0,0.0,74.4,5.2,2.0,393.2,43,589697,691,7,0
CUST-1835,142650.8,156500.08,137009.3,206892.42,0.118,2316.63,25096.85,10.83,2,10,-0.029,73.1,Engaged,"{'transactionFrequency': 13.5, 'digitalUsage': 24.2, 'productUsage': 20.0, 'recency': 19.3, 'servicePenalty': 4.0}",5,True,True,True,True,2,2,0,57.5,96.9,10.0,5.0,481.7,43,250000,763,24,0
CUST-1836,9051.92,11983.67,200.0,34191.42,0.822,2229.65,45707.73,20.5,1,11,-0.188,81.6,Highly Engaged,"{'transactionFrequency': 25.0, 'digitalUsage': 20.9, 'productUsage': 16.0, 'recency': 19.7, 'servicePenalty': 0.0}",4,True,True,True,False,1,0,0,78.0,83.7,8.5,2.0,520.4,35,250000,825,131,0
CUST-1837,174642.71,269959.73,174642.71,343954.97,0.175,2323.38,41820.81,18.0,1,19,0.075,77.3,Engaged,"{'transactionFrequency': 22.5, 'digitalUsage': 23.1, 'productUsage': 12.0, 'recency': 19.7, 'servicePenalty': 0.0}",3,True,True,False,False,1,0,0,81.0,92.6,8.7,4.7,427.0,27,540293,739,87,0
CUST-1838,200.0,2019.68,200.0,28030.5,2.03,2457.34,35221.9,14.33,1,11,-0.044,63.3,Engaged,"{'transactionFrequency': 17.9, 'digitalUsage': 17.7, 'productUsage': 8.0, 'recency': 19.7, 'servicePenalty': 0.0}",2,True,False,False,False,0,0,0,0.0,70.9,3.3,2.2,451.2,26,843034,706,39,0
CUST-1839,200.0,12593.45,200.0,47571.29,1.194,2559.33,38816.57,15.17,3,16,-0.021,63.7,Engaged,"{'transactionFrequency': 19.0, 'digitalUsage': 19.8, 'productUsage': 12.0, 'recency': 19.0, 'servicePenalty': 6.0}",3,True,False,True,False,3,3,0,72.0,79.1,7.8,1.8,486.3,32,750065,632,22,0
CUST-1840,9101.32,89761.39,8898.0,171010.77,0.501,2352.58,48619.98,20.67,2,13,0.25,78.9,Engaged,"{'transactionFrequency': 25.0, 'digitalUsage': 18.6, 'productUsage': 16.0, 'recency': 19.3, 'servicePenalty': 0.0}",4,True,False,True,True,1,0,0,62.0,74.2,4.8,2.5,567.2,44,335596,617,19,0
CUST-1841,14572.74,17774.15,200.0,89086.59,1.293,2272.43,51508.49,22.67,1,15,-0.135,80.5,Highly Engaged,"{'transactionFrequency': 25.0, 'digitalUsage': 19.9, 'productUsage': 16.0, 'recency': 19.7, 'servicePenalty': 0.0}",4,True,True,True,False,0,0,0,0.0,79.4,9.5,6.7,508.0,42,504633,679,6,0
CUST-1842,66436.44,109928.21,66436.44,141215.27,0.198,1906.38,17792.93,9.33,8,8,-0.188,55.7,At Risk,"{'transactionFrequency': 11.7, 'digitalUsage': 14.7, 'productUsage': 12.0, 'recency': 17.3, 'servicePenalty': 0.0}",3,True,False,True,False,0,0,0,0.0,58.9,1.3,1.0,220.2,61,604390,697,12,0
CUST-1843,200.0,2053.43,200.0,22021.01,1.493,2228.07,36763.1,16.5,9,1,-0.653,59.0,At Risk,"{'transactionFrequency': 20.6, 'digitalUsage': 17.4, 'productUsage': 4.0, 'recency': 17.0, 'servicePenalty': 0.0}",1,False,False,False,False,0,0,0,0.0,69.7,2.2,0.7,491.8,48,1929177,717,52,1
CUST-1844,200.0,2494.22,200.0,18979.77,1.631,2240.13,59363.49,26.5,2,20,0.403,72.1,Engaged,"{'transactionFrequency': 25.0, 'digitalUsage': 17.8, 'productUsage': 12.0, 'recency': 19.3, 'servicePenalty': 2.0}",3,True,False,True,False,1,1,0,36.0,71.1,7.2,4.7,543.5,21,673926,631,91,0
CUST-1845,11331.2,74240.06,11331.2,112360.57,0.392,2181.06,53435.93,24.5,1,19,0.258,73.2,Engaged,"{'transactionFrequency': 25.0, 'digitalUsage': 20.6, 'productUsage': 8.0, 'recency': 19.7, 'servicePenalty': 0.0}",2,False,False,True,False,0,0,0,0.0,82.3,4.3,2.3,547.5,21,334520,663,137,0
CUST-1846,17519.02,126647.43,17519.02,214160.12,0.443,2756.75,48243.11,17.5,7,12,-0.055,72.7,Engaged,"{'transactionFrequency': 21.9, 'digitalUsage': 21.2, 'productUsage': 12.0, 'recency': 17.7, 'servicePenalty': 0.0}",3,True,False,True,False,0,0,0,0.0,84.8,8.2,6.7,502.0,21,599548,705,96,0
CUST-1847,11474.68,82373.39,11474.68,147562.78,0.422,2624.45,56425.75,21.5,1,14,0.22,72.9,Engaged,"{'transactionFrequency': 25.0, 'digitalUsage': 16.3, 'productUsage': 12.0, 'recency': 19.7, 'servicePenalty': 0.0}",3,True,False,True,False,0,0,0,0.0,65.1,3.8,2.2,498.9,51,328051,760,19,0
CUST-1848,228208.91,314179.5,223106.11,389218.29,0.17,2179.13,46488.15,21.33,2,13,-0.333,69.9,Engaged,"{'transactionFrequency': 25.0, 'digitalUsage': 17.6, 'productUsage': 8.0, 'recency': 19.3, 'servicePenalty': 0.0}",2,False,False,True,False,0,0,0,0.0,70.3,5.3,1.3,549.3,67,1592846,662,40,0
CUST-1849,144966.55,201248.73,144966.55,243459.31,0.131,2247.04,25840.95,11.5,6,13,0.367,61.0,Engaged,"{'transactionFrequency': 14.4, 'digitalUsage': 16.7, 'productUsage': 12.0, 'recency': 18.0, 'servicePenalty': 0.0}",3,True,False,True,False,0,0,0,0.0,66.7,8.2,1.2,583.7,58,331013,850,28,0
CUST-1850,6480.53,10718.95,200.0,60213.7,1.64,2527.08,55174.58,21.83,3,15,-0.044,75.8,Engaged,"{'transactionFrequency': 25.0, 'digitalUsage': 23.9, 'productUsage': 8.0, 'recency': 19.0, 'servicePenalty': 0.0}",2,True,False,False,False,0,0,0,0.0,95.4,14.0,3.5,437.9,37,665271,823,58,0
CUST-1851,5170.67,6536.09,200.0,22480.32,0.984,2114.87,39477.6,18.67,2,10,-0.161,65.2,Engaged,"{'transactionFrequency': 23.3, 'digitalUsage': 18.5, 'productUsage': 8.0, 'recency': 19.3, 'servicePenalty': 4.0}",2,True,False,False,False,3,2,0,53.7,74.1,5.7,1.7,584.4,38,710410,660,63,0
CUST-1852,200.0,5607.16,200.0,25900.99,1.21,2250.43,29630.67,13.17,6,8,0.077,59.0,At Risk,"{'transactionFrequency': 16.5, 'digitalUsage': 20.6, 'productUsage': 8.0, 'recency': 18.0, 'servicePenalty': 4.0}",2,False,False,True,False,3,2,0,82.7,82.3,8.8,3.0,470.5,28,1296069,806,140,0
CUST-1853,200.0,7145.66,200.0,22684.72,1.159,3498.86,8747.15,2.5,4,1,-0.111,46.5,At Risk,"{'transactionFrequency': 3.1, 'digitalUsage': 16.7, 'productUsage': 8.0, 'recency': 18.7, 'servicePenalty': 0.0}",2,False,False,True,False,0,0,0,0.0,66.7,0.8,1.2,371.6,46,250000,617,13,1
CUST-1854,540170.11,610906.25,540170.11,661508.46,0.052,2709.42,44705.47,16.5,2,11,-0.13,69.4,Engaged,"{'transactionFrequency': 20.6, 'digitalUsage': 21.5, 'productUsage': 12.0, 'recency': 19.3, 'servicePenalty': 4.0}",3,False,False,True,True,2,2,0,56.5,85.9,7.0,4.8,567.8,28,944348,678,70,0
CUST-1855,200.0,26005.65,200.0,97295.35,1.166,2298.09,53238.98,23.17,3,15,-0.095,76.9,Engaged,"{'transactionFrequency': 25.0, 'digitalUsage': 20.9, 'productUsage': 12.0, 'recency': 19.0, 'servicePenalty': 0.0}",3,False,False,True,True,0,0,0,0.0,83.5,11.0,8.8,440.0,53,791531,653,11,0
CUST-1856,8664.84,96555.32,200.0,208220.17,0.607,2395.64,61088.81,25.5,1,18,-0.038,71.4,Engaged,"{'transactionFrequency': 25.0, 'digitalUsage': 22.7, 'productUsage': 4.0, 'recency': 19.7, 'servicePenalty': 0.0}",1,False,False,False,False,0,0,0,0.0,90.8,9.3,4.0,483.8,36,870662,798,41,0
CUST-1857,1650.08,5867.29,200.0,43017.18,1.612,2342.12,66359.93,28.33,1,23,-0.045,74.7,Engaged,"{'transactionFrequency': 25.0, 'digitalUsage': 20.0, 'productUsage': 12.0, 'recency': 19.7, 'servicePenalty': 2.0}",3,True,False,False,True,2,1,0,90.5,80.0,7.0,3.7,430.6,45,554704,723,92,0
CUST-1858,2822.93,2050.63,200.0,7032.33,0.869,1966.45,24580.64,12.5,21,1,-0.717,54.6,At Risk,"{'transactionFrequency': 15.6, 'digitalUsage': 14.0, 'productUsage': 12.0, 'recency': 13.0, 'servicePenalty': 0.0}",3,True,True,False,False,0,0,0,0.0,56.0,2.2,0.0,621.8,46,265327,543,15,1
CUST-1859,3781.18,11691.39,200.0,75176.41,1.568,2712.98,39338.17,14.5,1,8,-0.382,64.2,Engaged,"{'transactionFrequency': 18.1, 'digitalUsage': 16.4, 'productUsage': 12.0, 'recency': 19.7, 'servicePenalty': 2.0}",3,True,True,False,False,4,1,0,106.5,65.5,6.7,3.0,420.8,45,408845,700,41,0
CUST-1860,2624.39,9543.17,200.0,37743.83,1.26,2587.02,42254.62,16.33,2,13,0.381,76.4,Engaged,"{'transactionFrequency': 20.4, 'digitalUsage': 20.7, 'productUsage': 16.0, 'recency': 19.3, 'servicePenalty': 0.0}",4,True,False,True,True,0,0,0,0.0,82.7,9.2,1.7,431.6,40,717612,685,46,0
CUST-1861,1129.43,4550.49,200.0,24426.95,1.571,2033.98,16949.87,8.33,25,1,-0.556,45.6,At Risk,"{'transactionFrequency': 10.4, 'digitalUsage': 19.5, 'productUsage': 4.0, 'recency': 11.7, 'servicePenalty': 0.0}",1,False,False,False,False,0,0,0,0.0,78.0,5.3,4.2,542.5,45,250000,666,25,1
CUST-1862,82929.64,166850.4,81867.59,268024.9,0.332,2523.66,52576.21,20.83,1,16,-0.26,73.9,Engaged,"{'transactionFrequency': 25.0, 'digitalUsage': 21.2, 'productUsage': 8.0, 'recency': 19.7, 'servicePenalty': 0.0}",2,True,False,False,False,0,0,0,0.0,84.8,5.0,2.0,623.1,35,315885,652,61,0
CUST-1863,705.71,5166.03,200.0,25906.34,1.296,2589.22,25892.23,10.0,12,3,-0.652,61.2,Engaged,"{'transactionFrequency': 12.5, 'digitalUsage': 23.8, 'productUsage': 16.0, 'recency': 16.0, 'servicePenalty': 7.0}",4,False,True,True,True,2,1,1,115.0,95.0,8.3,4.3,397.0,21,363763,659,3,1
CUST-1864,200.0,5310.58,200.0,26576.25,1.144,2329.67,33391.96,14.33,2,12,0.0,63.5,Engaged,"{'transactionFrequency': 17.9, 'digitalUsage': 14.2, 'productUsage': 12.0, 'recency': 19.3, 'servicePenalty': 0.0}",3,True,True,False,False,0,0,0,0.0,57.0,4.5,0.8,538.0,46,724569,817,41,0
CUST-1865,62703.89,127854.83,62703.89,161368.53,0.197,2001.34,32354.92,16.17,1,13,0.2,63.0,Engaged,"{'transactionFrequency': 20.2, 'digitalUsage': 19.1, 'productUsage': 4.0, 'recency': 19.7, 'servicePenalty': 0.0}",1,False,False,False,False,0,0,0,0.0,76.3,5.7,2.7,517.8,21,406670,677,43,0
CUST-1866,200.0,2003.52,200.0,13289.35,1.504,3089.11,24198.02,7.83,8,1,-0.515,56.4,At Risk,"{'transactionFrequency': 9.8, 'digitalUsage': 13.3, 'productUsage': 16.0, 'recency': 17.3, 'servicePenalty': 0.0}",4,True,False,True,True,0,0,0,0.0,53.2,1.7,1.3,476.2,63,956040,681,10,1
CUST-1867,200.0,2801.32,200.0,27966.9,1.781,2442.36,66757.79,27.33,1,19,-0.092,76.2,Engaged,"{'transactionFrequency': 25.0, 'digitalUsage': 19.5, 'productUsage': 12.0, 'recency': 19.7, 'servicePenalty': 0.0}",3,False,True,True,False,1,0,0,57.0,78.0,6.2,3.7,427.8,48,854489,740,87,0
CUST-1868,2067.18,3654.59,200.0,16321.65,1.065,2315.46,36661.48,15.83,19,1,-0.552,51.7,At Risk,"{'transactionFrequency': 19.8, 'digitalUsage': 14.2, 'productUsage': 4.0, 'recency': 13.7, 'servicePenalty': 0.0}",1,False,False,False,False,0,0,0,0.0,56.8,1.2,1.5,576.8,32,507988,796,21,1
CUST-1869,3432.01,22203.58,200.0,91498.38,1.286,2560.86,64021.47,25.0,2,14,-0.051,78.2,Engaged,"{'transactionFrequency': 25.0, 'digitalUsage': 21.8, 'productUsage': 12.0, 'recency': 19.3, 'servicePenalty': 0.0}",3,True,True,False,False,0,0,0,0.0,87.3,12.2,1.5,589.2,26,497047,710,33,0
CUST-1870,200.0,937.07,200.0,8391.08,1.844,2135.38,26692.23,12.5,4,10,-0.122,67.6,Engaged,"{'transactionFrequency': 15.6, 'digitalUsage': 17.3, 'productUsage': 16.0, 'recency': 18.7, 'servicePenalty': 0.0}",4,True,True,True,False,0,0,0,0.0,69.3,5.8,2.3,418.4,47,312178,850,41,0
CUST-1871,4895.69,2610.31,200.0,7075.63,0.769,2007.14,20405.89,10.17,18,1,-0.688,46.6,At Risk,"{'transactionFrequency': 12.7, 'digitalUsage': 11.9, 'productUsage': 8.0, 'recency': 14.0, 'servicePenalty': 0.0}",2,False,True,False,False,0,0,0,0.0,47.5,2.5,1.3,430.4,21,491239,680,13,1
CUST-1872,1044.94,3368.15,200.0,14853.6,1.424,3375.99,23069.28,6.83,6,2,-0.346,57.1,At Risk,"{'transactionFrequency': 8.5, 'digitalUsage': 22.6, 'productUsage': 8.0, 'recency': 18.0, 'servicePenalty': 0.0}",2,False,False,True,False,0,0,0,0.0,90.2,6.3,4.5,568.2,33,372370,554,3,1
CUST-1873,200.0,10771.56,200.0,43404.34,1.315,2375.05,37209.18,15.67,3,11,0.043,70.7,Engaged,"{'transactionFrequency': 19.6, 'digitalUsage': 18.1, 'productUsage': 16.0, 'recency': 19.0, 'servicePenalty': 2.0}",4,False,True,True,True,1,1,0,32.0,72.3,3.2,0.8,423.8,57,710964,652,45,0
CUST-1874,7134.61,9785.92,200.0,54855.43,1.029,2197.59,53841.03,24.5,4,16,0.224,68.5,Engaged,"{'transactionFrequency': 25.0, 'digitalUsage': 16.8, 'productUsage': 8.0, 'recency': 18.7, 'servicePenalty': 0.0}",2,False,False,True,False,1,0,0,37.0,67.3,1.5,3.3,499.4,33,789713,699,95,0
CUST-1875,96919.49,123290.4,96919.49,153132.75,0.119,2075.08,20404.93,9.83,2,7,-0.306,64.6,Engaged,"{'transactionFrequency': 12.3, 'digitalUsage': 16.9, 'productUsage': 16.0, 'recency': 19.3, 'servicePenalty': 0.0}",4,True,False,True,True,0,0,0,0.0,67.8,5.7,1.5,565.4,50,250000,721,8,0
CUST-1876,200.0,30138.43,200.0,82735.71,0.894,2419.16,35480.99,14.67,5,8,-0.163,60.8,Engaged,"{'transactionFrequency': 18.3, 'digitalUsage': 20.2, 'productUsage': 4.0, 'recency': 18.3, 'servicePenalty': 0.0}",1,False,False,False,False,0,0,0,0.0,80.7,7.5,5.7,544.7,32,723987,715,48,0
CUST-1877,4787.5,4658.88,200.0,25758.89,1.319,2597.41,28571.48,11.0,10,2,-0.553,58.9,At Risk,"{'transactionFrequency': 13.8, 'digitalUsage': 20.4, 'productUsage': 8.0, 'recency': 16.7, 'servicePenalty': 0.0}",2,False,False,True,False,0,0,0,0.0,81.8,8.0,1.3,468.8,53,812302,728,26,1
CUST-1878,38730.84,106553.09,38730.84,161895.8,0.435,2375.28,28503.35,12.0,1,7,0.312,57.8,At Risk,"{'transactionFrequency': 15.0, 'digitalUsage': 19.1, 'productUsage': 4.0, 'recency': 19.7, 'servicePenalty': 0.0}",1,False,False,False,False,0,0,0,0.0,76.4,7.2,4.8,539.6,47,250000,637,59,0
CUST-1879,6425.7,20974.1,200.0,50094.81,0.919,2281.55,33842.92,14.83,1,14,-0.022,56.5,At Risk,"{'transactionFrequency': 18.5, 'digitalUsage': 14.3, 'productUsage': 4.0, 'recency': 19.7, 'servicePenalty': 0.0}",1,False,False,False,False,1,0,0,32.0,57.3,1.3,0.3,515.0,22,250000,686,38,0
CUST-1880,7799.78,11334.58,200.0,52699.16,1.275,2069.06,22759.61,11.0,1,1,-0.692,57.5,At Risk,"{'transactionFrequency': 13.8, 'digitalUsage': 23.1, 'productUsage': 8.0, 'recency': 19.7, 'servicePenalty': 7.0}",2,True,False,False,False,1,1,1,0.0,92.4,2.8,4.8,521.8,40,471464,736,10,1
CUST-1881,8930.58,6136.27,200.0,22514.23,0.817,2945.34,16690.29,5.67,52,0,-0.667,27.5,Dormant,"{'transactionFrequency': 7.1, 'digitalUsage': 11.8, 'productUsage': 8.0, 'recency': 2.7, 'servicePenalty': 2.0}",2,False,True,False,False,1,1,0,48.0,47.1,0.3,0.5,255.7,47,470637,766,88,1
CUST-1882,1262.44,1129.83,200.0,10748.9,1.502,2261.76,22994.59,10.17,58,0,-0.425,43.1,At Risk,"{'transactionFrequency': 12.7, 'digitalUsage': 21.7, 'productUsage': 8.0, 'recency': 0.7, 'servicePenalty': 0.0}",2,False,False,True,False,1,0,0,37.0,86.9,6.7,1.8,465.5,34,396613,584,32,1
CUST-1883,200.0,920.87,200.0,7475.66,1.701,2370.61,19359.94,8.17,1,1,-0.111,49.3,At Risk,"{'transactionFrequency': 10.2, 'digitalUsage': 20.4, 'productUsage': 4.0, 'recency': 19.7, 'servicePenalty': 5.0}",1,False,False,False,False,1,0,1,0.0,81.6,7.3,1.5,405.6,21,429482,611,14,1
CUST-1884,200.0,28605.62,200.0,89534.41,0.977,2280.5,53211.59,23.33,1,20,0.088,78.3,Engaged,"{'transactionFrequency': 25.0, 'digitalUsage': 21.6, 'productUsage': 12.0, 'recency': 19.7, 'servicePenalty': 0.0}",3,False,True,False,True,0,0,0,0.0,86.4,9.7,4.0,433.2,42,511356,636,128,0
CUST-1885,200.0,43371.06,200.0,79767.58,0.534,2338.12,33123.42,14.17,2,9,-0.023,64.7,Engaged,"{'transactionFrequency': 17.7, 'digitalUsage': 19.7, 'productUsage': 8.0, 'recency': 19.3, 'servicePenalty': 0.0}",2,False,True,False,False,0,0,0,0.0,78.8,7.5,1.8,615.7,41,1312891,752,24,0
CUST-1886,19314.11,48408.68,12720.68,104830.56,0.542,2648.47,26926.12,10.17,2,4,-0.342,64.5,Engaged,"{'transactionFrequency': 12.7, 'digitalUsage': 20.5, 'productUsage': 12.0, 'recency': 19.3, 'servicePenalty': 0.0}",3,False,True,True,False,0,0,0,0.0,82.0,8.2,2.7,492.2,44,305581,675,14,0
CUST-1887,26251.7,98954.79,26251.7,150495.68,0.382,1907.74,36247.06,19.0,1,12,0.275,78.7,Engaged,"{'transactionFrequency': 23.8, 'digitalUsage': 19.3, 'productUsage': 16.0, 'recency': 19.7, 'servicePenalty': 0.0}",4,True,True,True,False,0,0,0,0.0,77.2,6.7,2.3,526.4,34,382665,629,72,0
CUST-1888,1991.86,10945.08,200.0,62870.73,1.501,2624.75,54244.88,20.67,2,15,-0.2,72.7,Engaged,"{'transactionFrequency': 25.0, 'digitalUsage': 16.3, 'productUsage': 12.0, 'recency': 19.3, 'servicePenalty': 0.0}",3,True,False,False,True,1,0,0,43.0,65.3,4.8,0.8,580.5,40,656957,712,43,0
CUST-1889,69692.2,144907.52,69692.2,212096.08,0.288,2129.11,41872.59,19.67,6,13,0.222,65.4,Engaged,"{'transactionFrequency': 24.6, 'digitalUsage': 14.8, 'productUsage': 8.0, 'recency': 18.0, 'servicePenalty': 0.0}",2,False,True,False,False,0,0,0,0.0,59.3,0.7,0.0,550.5,47,527089,672,52,0
CUST-1890,1663.02,20446.19,200.0,79249.14,1.244,2131.47,47957.98,22.5,1,14,-0.07,76.4,Engaged,"{'transactionFrequency': 25.0, 'digitalUsage': 15.8, 'productUsage': 16.0, 'recency': 19.7, 'servicePenalty': 0.0}",4,True,True,False,True,0,0,0,0.0,63.0,5.3,0.5,508.7,51,1581645,705,32,0
CUST-1891,669754.15,790046.63,669216.06,926700.66,0.09,2652.85,60573.48,22.83,1,20,-0.096,69.6,Engaged,"{'transactionFrequency': 25.0, 'digitalUsage': 17.0, 'productUsage': 8.0, 'recency': 19.7, 'servicePenalty': 0.0}",2,True,False,False,False,0,0,0,0.0,67.9,4.8,1.8,525.1,38,547282,760,23,0
CUST-1892,200.0,1183.82,200.0,9092.47,1.9,2597.56,19048.81,7.33,38,0,-0.467,34.4,Dormant,"{'transactionFrequency': 9.2, 'digitalUsage': 19.9, 'productUsage': 8.0, 'recency': 7.3, 'servicePenalty': 10.0}",2,False,True,False,False,2,0,2,0.0,79.5,5.8,2.5,626.6,35,1882713,701,38,1
CUST-1893,3252.51,15113.49,200.0,60338.25,1.353,2198.21,30408.55,13.83,2,8,0.237,71.0,Engaged,"{'transactionFrequency': 17.3, 'digitalUsage': 18.4, 'productUsage': 16.0, 'recency': 19.3, 'servicePenalty': 0.0}",4,False,True,True,True,0,0,0,0.0,73.5,5.3,1.2,631.8,48,370658,610,12,0
CUST-1894,172201.47,244183.92,172201.47,326936.34,0.185,3248.03,38976.33,12.0,1,8,-0.391,63.8,Engaged,"{'transactionFrequency': 15.0, 'digitalUsage': 21.2, 'productUsage': 8.0, 'recency': 19.7, 'servicePenalty': 0.0}",2,False,True,False,False,0,0,0,0.0,84.7,4.3,2.8,579.3,32,918536,818,15,0
CUST-1895,1121.75,74387.43,200.0,127422.83,0.562,2562.52,60219.11,23.5,2,15,0.167,74.8,Engaged,"{'transactionFrequency': 25.0, 'digitalUsage': 18.4, 'productUsage': 12.0, 'recency': 19.3, 'servicePenalty': 0.0}",3,False,False,True,True,0,0,0,0.0,73.8,3.3,2.7,534.4,44,741024,729,3,0
CUST-1896,1148.65,15125.7,1148.65,37385.57,0.862,2557.44,12787.18,5.0,54,0,-0.316,31.4,Dormant,"{'transactionFrequency': 6.2, 'digitalUsage': 19.2, 'productUsage': 4.0, 'recency': 2.0, 'servicePenalty': 0.0}",1,False,False,False,False,0,0,0,0.0,76.7,6.0,3.5,538.6,51,498703,714,3,1
CUST-1897,53279.19,70038.69,53279.19,93467.76,0.202,2624.25,30178.89,11.5,54,0,-0.58,43.6,At Risk,"{'transactionFrequency': 14.4, 'digitalUsage': 19.2, 'productUsage': 8.0, 'recency': 2.0, 'servicePenalty': 0.0}",2,True,False,False,False,0,0,0,0.0,76.8,3.5,1.2,482.4,39,503885,699,3,1
CUST-1898,185221.0,205354.22,185221.0,240779.7,0.073,2024.52,15521.29,7.67,9,4,-0.629,54.0,At Risk,"{'transactionFrequency': 9.6, 'digitalUsage': 11.4, 'productUsage': 16.0, 'recency': 17.0, 'servicePenalty': 0.0}",4,False,True,True,True,0,0,0,0.0,45.7,1.0,0.8,642.2,57,498245,556,56,0
CUST-1899,1357.61,9229.44,200.0,34847.09,0.866,3051.95,37640.68,12.33,2,6,-0.383,64.3,Engaged,"{'transactionFrequency': 15.4, 'digitalUsage': 17.6, 'productUsage': 12.0, 'recency': 19.3, 'servicePenalty': 0.0}",3,True,True,False,False,0,0,0,0.0,70.3,7.0,1.7,508.2,29,250000,721,11,0
CUST-1900,512.85,20482.01,200.0,69656.95,1.104,2372.81,46269.79,19.5,1,14,-0.275,83.3,Highly Engaged,"{'transactionFrequency': 24.4, 'digitalUsage': 23.3, 'productUsage': 16.0, 'recency': 19.7, 'servicePenalty': 0.0}",4,True,True,False,True,1,0,0,98.0,93.2,7.0,4.5,488.2,37,1127175,786,140,0
CUST-1901,174891.14,212662.85,173620.67,261621.73,0.109,2368.92,40271.71,17.0,4,8,-0.295,72.5,Engaged,"{'transactionFrequency': 21.2, 'digitalUsage': 20.6, 'productUsage': 12.0, 'recency': 18.7, 'servicePenalty': 0.0}",3,True,True,False,False,0,0,0,0.0,82.4,4.7,2.8,432.6,58,1021011,759,41,0
CUST-1902,290659.06,375081.43,286738.65,442231.21,0.135,2218.37,43627.87,19.67,4,13,0.0,73.9,Engaged,"{'transactionFrequency': 24.6, 'digitalUsage': 22.7, 'productUsage': 8.0, 'recency': 18.7, 'servicePenalty': 0.0}",2,False,True,False,False,0,0,0,0.0,90.7,7.7,7.7,543.5,32,476204,666,50,0
CUST-1903,263.14,4416.48,200.0,30676.49,1.411,2113.02,20425.86,9.67,43,0,-0.636,32.5,Dormant,"{'transactionFrequency': 12.1, 'digitalUsage': 20.7, 'productUsage': 4.0, 'recency': 5.7, 'servicePenalty': 10.0}",1,False,False,False,False,4,2,2,101.5,82.8,8.2,0.5,475.2,39,389709,672,4,1
CUST-1904,45613.93,84579.63,44304.52,120923.25,0.309,1911.46,28034.72,14.67,7,11,0.045,71.3,Engaged,"{'transactionFrequency': 18.3, 'digitalUsage': 23.3, 'productUsage': 12.0, 'recency': 17.7, 'servicePenalty': 0.0}",3,False,False,True,True,0,0,0,0.0,93.2,13.7,2.7,457.3,23,276721,639,8,0
CUST-1905,1811.35,3588.94,200.0,18161.49,1.193,2174.17,34786.68,16.0,8,1,-0.711,56.5,At Risk,"{'transactionFrequency': 20.0, 'digitalUsage': 17.2, 'productUsage': 12.0, 'recency': 17.3, 'servicePenalty': 10.0}",3,True,False,False,True,3,0,2,96.0,68.7,3.2,0.5,415.9,34,368214,697,3,1
CUST-1906,241607.87,285673.03,241607.87,323994.56,0.073,2294.5,41301.07,18.0,4,8,0.34,71.8,Engaged,"{'transactionFrequency': 22.5, 'digitalUsage': 22.7, 'productUsage': 8.0, 'recency': 18.7, 'servicePenalty': 0.0}",2,False,False,False,True,0,0,0,0.0,90.7,5.0,2.2,473.6,21,250000,616,10,0
CUST-1907,36086.89,82297.71,33480.17,125865.85,0.335,2401.05,30013.14,12.5,3,10,0.406,63.0,Engaged,"{'transactionFrequency': 15.6, 'digitalUsage': 16.3, 'productUsage': 12.0, 'recency': 19.0, 'servicePenalty': 0.0}",3,True,False,False,True,0,0,0,0.0,65.3,1.5,3.8,515.7,41,1497094,690,13,0
CUST-1908,120427.58,132726.24,113550.14,155966.05,0.103,1817.92,18179.16,10.0,7,7,-0.176,67.8,Engaged,"{'transactionFrequency': 12.5, 'digitalUsage': 21.7, 'productUsage': 16.0, 'recency': 17.7, 'servicePenalty': 0.0}",4,True,False,True,True,1,0,0,117.0,86.7,8.2,3.3,433.8,23,1155449,663,19,0
CUST-1909,4278.37,35624.23,200.0,77733.53,0.603,2679.78,56275.28,21.0,1,19,0.032,86.9,Highly Engaged,"{'transactionFrequency': 25.0, 'digitalUsage': 22.2, 'productUsage': 20.0, 'recency': 19.7, 'servicePenalty': 0.0}",5,True,True,True,True,0,0,0,0.0,88.9,4.8,4.3,574.4,57,401219,687,33,0
CUST-1910,200.0,43863.68,200.0,143557.68,0.978,2504.4,51340.29,20.5,1,11,-0.239,72.0,Engaged,"{'transactionFrequency': 25.0, 'digitalUsage': 23.4, 'productUsage': 4.0, 'recency': 19.7, 'servicePenalty': 0.0}",1,False,False,False,False,0,0,0,0.0,93.5,8.8,4.7,472.4,30,479912,618,26,0
CUST-1911,200.0,16041.5,200.0,81931.05,1.601,2479.85,57449.76,23.17,3,19,0.074,82.1,Highly Engaged,"{'transactionFrequency': 25.0, 'digitalUsage': 22.1, 'productUsage': 16.0, 'recency': 19.0, 'servicePenalty': 0.0}",4,True,False,True,True,0,0,0,0.0,88.5,12.8,3.0,540.8,43,589224,715,7,0
CUST-1912,200.0,662.87,200.0,9437.55,1.715,2370.59,35163.79,14.83,25,2,-0.621,58.2,At Risk,"{'transactionFrequency': 18.5, 'digitalUsage': 19.9, 'productUsage': 8.0, 'recency': 11.7, 'servicePenalty': 0.0}",2,False,True,False,False,0,0,0,0.0,79.8,4.5,3.2,447.0,21,961666,632,11,1
CUST-1913,257493.15,289647.84,250622.91,315607.07,0.063,2341.45,32780.33,14.0,2,13,0.774,67.7,Engaged,"{'transactionFrequency': 17.5, 'digitalUsage': 20.8, 'productUsage': 12.0, 'recency': 19.3, 'servicePenalty': 2.0}",3,True,False,True,False,3,1,0,79.3,83.3,6.2,4.2,520.3,32,250000,728,135,0
CUST-1914,53728.19,123197.36,53728.19,192109.6,0.31,2302.81,41066.74,17.83,3,13,-0.088,66.8,Engaged,"{'transactionFrequency': 22.3, 'digitalUsage': 21.5, 'productUsage': 4.0, 'recency': 19.0, 'servicePenalty': 0.0}",1,False,False,False,False,0,0,0,0.0,86.0,5.7,3.2,534.4,21,250000,648,66,0
CUST-1915,6897.1,49218.35,6897.1,73620.81,0.266,2344.64,31652.67,13.5,1,14,0.371,69.8,Engaged,"{'transactionFrequency': 16.9, 'digitalUsage': 17.3, 'productUsage': 16.0, 'recency': 19.7, 'servicePenalty': 0.0}",4,True,True,True,False,1,0,0,76.0,69.1,6.8,3.8,494.3,22,392962,663,61,0
CUST-1916,2722.05,7637.98,200.0,33930.98,1.228,2868.12,54494.23,19.0,1,10,-0.067,73.2,Engaged,"{'transactionFrequency': 23.8, 'digitalUsage': 13.8, 'productUsage': 16.0, 'recency': 19.7, 'servicePenalty': 0.0}",4,True,True,True,False,0,0,0,0.0,55.3,0.8,2.8,517.9,54,689860,728,113,0
CUST-1917,6180.42,91171.8,6180.42,186346.24,0.52,2400.41,74812.67,31.17,2,25,0.1,74.7,Engaged,"{'transactionFrequency': 25.0, 'digitalUsage': 20.3, 'productUsage': 12.0, 'recency': 19.3, 'servicePenalty': 2.0}",3,True,False,True,False,1,1,0,57.0,81.3,7.5,2.7,505.0,52,449816,850,4,0
CUST-1918,185043.13,259018.69,185043.13,301974.4,0.146,2251.5,31896.29,14.17,2,11,0.719,68.2,Engaged,"{'transactionFrequency': 17.7, 'digitalUsage': 19.1, 'productUsage': 12.0, 'recency': 19.3, 'servicePenalty': 0.0}",3,False,False,True,True,1,0,0,23.0,76.5,3.0,0.7,454.7,49,2845284,653,14,0
CUST-1919,200.0,10721.29,200.0,36608.73,1.13,2180.45,33796.96,15.5,1,13,0.209,71.7,Engaged,"{'transactionFrequency': 19.4, 'digitalUsage': 16.7, 'productUsage': 16.0, 'recency': 19.7, 'servicePenalty': 0.0}",4,True,True,True,False,0,0,0,0.0,66.7,4.5,2.3,497.1,46,255351,720,30,0
CUST-1920,27181.5,107349.91,25934.71,148768.47,0.314,2369.02,46195.89,19.5,1,14,0.125,69.8,Engaged,"{'transactionFrequency': 24.4, 'digitalUsage': 21.8, 'productUsage': 4.0, 'recency': 19.7, 'servicePenalty': 0.0}",1,False,False,False,False,0,0,0,0.0,87.2,8.3,2.3,461.7,41,806490,600,48,0
CUST-1921,1129.23,66844.29,1129.23,129139.81,0.566,2545.5,49637.25,19.5,2,13,-0.197,67.9,Engaged,"{'transactionFrequency': 24.4, 'digitalUsage': 18.1, 'productUsage': 8.0, 'recency': 19.3, 'servicePenalty': 2.0}",2,True,False,False,False,1,1,0,40.0,72.6,8.2,1.7,437.7,36,643157,783,69,0
CUST-1922,1226.08,1599.01,200.0,14242.43,2.03,2517.78,16365.55,6.5,3,1,-0.536,44.6,At Risk,"{'transactionFrequency': 8.1, 'digitalUsage': 20.5, 'productUsage': 4.0, 'recency': 19.0, 'servicePenalty': 7.0}",1,False,False,False,False,1,1,1,0.0,82.1,3.5,4.8,452.0,32,1045636,569,90,1
CUST-1923,108939.82,204881.0,106693.19,302144.55,0.263,2381.68,57557.3,24.17,1,16,-0.25,73.7,Engaged,"{'transactionFrequency': 25.0, 'digitalUsage': 21.0, 'productUsage': 8.0, 'recency': 19.7, 'servicePenalty': 0.0}",2,True,False,False,False,0,0,0,0.0,84.1,9.7,2.7,505.7,26,250000,708,103,0
CUST-1924,200.0,1177.03,200.0,3777.14,1.1,2303.0,12282.67,5.33,64,0,-0.522,33.4,Dormant,"{'transactionFrequency': 6.7, 'digitalUsage': 18.8, 'productUsage': 8.0, 'recency': 0.0, 'servicePenalty': 0.0}",2,True,False,False,False,0,0,0,0.0,75.0,2.8,0.7,307.8,45,376396,748,59,1
CUST-1925,38420.91,73721.5,36802.2,110134.55,0.301,2105.92,26674.96,12.67,3,10,0.229,62.6,Engaged,"{'transactionFrequency': 15.8, 'digitalUsage': 15.8, 'productUsage': 12.0, 'recency': 19.0, 'servicePenalty': 0.0}",3,False,False,True,True,0,0,0,0.0,63.2,2.7,1.3,510.2,49,425306,608,23,0
CUST-1926,14195.83,28065.37,200.0,79963.29,0.886,2502.38,38369.81,15.33,3,12,0.41,68.4,Engaged,"{'transactionFrequency': 19.2, 'digitalUsage': 22.3, 'productUsage': 8.0, 'recency': 19.0, 'servicePenalty': 0.0}",2,False,False,True,False,2,0,0,62.0,89.1,7.5,4.0,493.1,30,581687,636,22,0
CUST-1927,200.0,12856.91,200.0,65213.3,1.539,2615.79,52751.78,20.17,1,15,-0.048,75.5,Engaged,"{'transactionFrequency': 25.0, 'digitalUsage': 18.8, 'productUsage': 12.0, 'recency': 19.7, 'servicePenalty': 0.0}",3,True,True,False,False,0,0,0,0.0,75.2,4.8,2.2,452.8,42,1433747,741,97,0
CUST-1928,93290.73,144966.15,93290.73,220682.05,0.231,2220.85,39605.2,17.83,2,12,-0.018,74.9,Engaged,"{'transactionFrequency': 22.3, 'digitalUsage': 21.2, 'productUsage': 12.0, 'recency': 19.3, 'servicePenalty': 0.0}",3,True,True,False,False,0,0,0,0.0,85.0,10.5,5.3,539.2,21,890271,685,4,0
CUST-1929,363341.07,476360.42,356843.3,574674.21,0.145,2504.91,58030.49,23.17,1,14,0.169,75.5,Engaged,"{'transactionFrequency': 25.0, 'digitalUsage': 20.9, 'productUsage': 12.0, 'recency': 19.7, 'servicePenalty': 2.0}",3,True,False,True,False,1,1,0,18.0,83.5,6.7,3.0,523.7,24,250000,593,46,0
CUST-1930,200.0,13186.81,200.0,69518.1,1.432,2435.81,36131.21,14.83,12,1,-0.578,61.6,Engaged,"{'transactionFrequency': 18.5, 'digitalUsage': 23.0, 'productUsage': 4.0, 'recency': 16.0, 'servicePenalty': 0.0}",1,False,False,False,False,0,0,0,0.0,92.1,4.8,1.5,468.1,34,498004,604,3,1
CUST-1931,443.23,2089.96,200.0,15227.7,1.795,2419.96,31862.77,13.17,3,10,-0.071,65.8,Engaged,"{'transactionFrequency': 16.5, 'digitalUsage': 18.4, 'productUsage': 12.0, 'recency': 19.0, 'servicePenalty': 0.0}",3,True,False,True,False,0,0,0,0.0,73.4,6.0,1.7,534.5,35,1119738,820,3,0
CUST-1932,200.0,5175.53,200.0,28220.22,1.37,2111.25,21816.22,10.33,7,1,-0.476,59.9,At Risk,"{'transactionFrequency': 12.9, 'digitalUsage': 15.3, 'productUsage': 16.0, 'recency': 17.7, 'servicePenalty': 2.0}",4,True,True,False,True,1,1,0,46.0,61.3,1.8,1.0,433.4,58,314960,709,32,1
CUST-1933,119132.34,166524.37,119132.34,187797.72,0.074,2047.31,32074.55,15.67,1,15,0.341,67.5,Engaged,"{'transactionFrequency': 19.6, 'digitalUsage': 16.2, 'productUsage': 12.0, 'recency': 19.7, 'servicePenalty': 0.0}",3,False,True,False,True,0,0,0,0.0,64.9,2.8,1.7,518.6,47,318128,611,30,0
CUST-1934,200.0,6164.26,200.0,21206.23,0.926,2625.3,30628.47,11.67,1,6,0.182,64.0,Engaged,"{'transactionFrequency': 14.6, 'digitalUsage': 21.8, 'productUsage': 8.0, 'recency': 19.7, 'servicePenalty': 0.0}",2,False,False,False,True,1,0,0,35.0,87.1,5.2,1.8,518.9,22,439135,647,47,0
CUST-1935,20297.13,17719.56,200.0,52256.74,0.674,3193.79,23421.13,7.33,49,0,-0.467,37.3,Dormant,"{'transactionFrequency': 9.2, 'digitalUsage': 16.5, 'productUsage': 8.0, 'recency': 3.7, 'servicePenalty': 0.0}",2,True,False,False,False,0,0,0,0.0,65.9,2.5,1.5,302.3,58,758744,560,22,1
CUST-1936,2081.33,74312.67,200.0,215947.48,0.883,2485.83,94875.76,38.17,1,27,0.119,73.1,Engaged,"{'transactionFrequency': 25.0, 'digitalUsage': 16.5, 'productUsage': 12.0, 'recency': 19.7, 'servicePenalty': 0.0}",3,True,True,False,False,0,0,0,0.0,65.9,3.7,1.2,496.3,52,466271,755,3,0
CUST-1937,208153.26,230833.86,208153.26,249602.98,0.057,2181.94,12727.99,5.83,11,6,0.312,51.3,At Risk,"{'transactionFrequency': 7.3, 'digitalUsage': 15.7, 'productUsage': 12.0, 'recency': 16.3, 'servicePenalty': 0.0}",3,False,True,True,False,1,0,0,89.0,62.9,5.0,3.7,515.9,36,288287,729,82,0
CUST-1938,2027.82,7650.88,200.0,32453.68,1.028,2206.84,32734.74,14.83,3,6,0.116,66.3,Engaged,"{'transactionFrequency': 18.5, 'digitalUsage': 20.8, 'productUsage': 8.0, 'recency': 19.0, 'servicePenalty': 0.0}",2,True,False,False,False,0,0,0,0.0,83.1,8.5,3.8,479.2,31,662554,691,6,0
CUST-1939,508951.1,516741.04,508951.1,522057.36,0.008,1092.19,2184.38,2.0,6,2,0.333,45.2,At Risk,"{'transactionFrequency': 2.5, 'digitalUsage': 16.7, 'productUsage': 8.0, 'recency': 18.0, 'servicePenalty': 0.0}",2,True,False,False,False,0,0,0,0.0,66.7,6.2,2.3,394.1,26,598042,684,3,0
CUST-1940,5163.94,4903.11,200.0,13117.22,0.783,2492.54,29910.45,12.0,29,1,-0.63,54.5,At Risk,"{'transactionFrequency': 15.0, 'digitalUsage': 21.2, 'productUsage': 8.0, 'recency': 10.3, 'servicePenalty': 0.0}",2,False,False,True,False,0,0,0,0.0,84.7,7.5,5.2,530.0,37,3010351,514,34,1
CUST-1941,31456.53,102321.43,30169.55,156048.2,0.356,2897.99,42020.93,14.5,2,16,0.342,65.0,Engaged,"{'transactionFrequency': 18.1, 'digitalUsage': 19.6, 'productUsage': 8.0, 'recency': 19.3, 'servicePenalty': 0.0}",2,False,False,True,False,0,0,0,0.0,78.2,7.5,2.3,516.4,39,250000,850,8,0
CUST-1942,4237.97,3609.55,200.0,9340.35,0.864,2102.63,13316.64,6.33,31,0,-0.519,39.7,Dormant,"{'transactionFrequency': 7.9, 'digitalUsage': 19.1, 'productUsage': 8.0, 'recency': 9.7, 'servicePenalty': 5.0}",2,False,False,True,False,1,0,1,0.0,76.3,2.7,1.5,590.8,45,684470,695,3,1
CUST-1943,200.0,24511.93,200.0,78134.26,1.077,2500.8,47932.01,19.17,3,15,0.017,76.3,Engaged,"{'transactionFrequency': 24.0, 'digitalUsage': 19.4, 'productUsage': 16.0, 'recency': 19.0, 'servicePenalty': 2.0}",4,False,True,True,True,3,1,0,56.0,77.4,7.8,2.3,599.5,42,904871,714,19,0
CUST-1944,161253.36,246197.82,161253.36,316895.2,0.193,2074.41,45982.67,22.17,1,19,-0.043,68.8,Engaged,"{'transactionFrequency': 25.0, 'digitalUsage': 22.2, 'productUsage': 8.0, 'recency': 19.7, 'servicePenalty': 6.0}",2,True,False,False,False,3,3,0,63.0,88.7,10.5,4.0,518.0,42,752189,687,50,0
CUST-1945,200.0,2644.42,200.0,14978.78,1.494,2299.15,33337.68,14.5,1,5,-0.22,62.5,Engaged,"{'transactionFrequency': 18.1, 'digitalUsage': 20.7, 'productUsage': 4.0, 'recency': 19.7, 'servicePenalty': 0.0}",1,False,False,False,False,1,0,0,113.0,82.8,9.8,4.5,516.3,35,811987,658,43,0
CUST-1946,51560.9,87513.88,42163.39,127194.95,0.249,2138.25,26371.7,12.33,1,12,0.452,73.4,Engaged,"{'transactionFrequency': 15.4, 'digitalUsage': 22.3, 'productUsage': 16.0, 'recency': 19.7, 'servicePenalty': 0.0}",4,False,True,True,True,0,0,0,0.0,89.2,4.7,2.8,550.9,25,481213,687,5,0
CUST-1947,200.0,7191.24,200.0,27019.16,1.084,2371.29,46240.25,19.5,1,15,0.088,76.6,Engaged,"{'transactionFrequency': 24.4, 'digitalUsage': 20.5, 'productUsage': 12.0, 'recency': 19.7, 'servicePenalty': 0.0}",3,False,False,True,True,0,0,0,0.0,82.1,6.0,3.2,490.5,39,291572,653,3,0
CUST-1948,200.0,7497.74,200.0,35175.2,1.415,2547.33,43304.65,17.0,1,13,0.0,64.8,Engaged,"{'transactionFrequency': 21.2, 'digitalUsage': 15.9, 'productUsage': 8.0, 'recency': 19.7, 'servicePenalty': 0.0}",2,False,False,False,True,0,0,0,0.0,63.7,3.0,1.8,576.0,25,1561127,837,59,0
CUST-1949,1300.5,18248.4,200.0,106646.1,1.553,2646.69,84253.03,31.83,1,23,-0.031,73.3,Engaged,"{'transactionFrequency': 25.0, 'digitalUsage': 20.7, 'productUsage': 8.0, 'recency': 19.7, 'servicePenalty': 0.0}",2,False,False,True,False,2,0,0,114.0,82.7,3.3,1.5,481.1,45,548471,845,31,0
CUST-1950,200.0,6447.25,200.0,42146.82,1.594,2942.36,37269.89,12.67,3,9,0.108,66.2,Engaged,"{'transactionFrequency': 15.8, 'digitalUsage': 19.4, 'productUsage': 12.0, 'recency': 19.0, 'servicePenalty': 0.0}",3,True,False,True,False,0,0,0,0.0,77.6,3.2,2.7,500.6,46,498091,784,3,0
CUST-1951,200.0,1839.11,200.0,19054.4,1.997,2473.92,47416.77,19.17,1,13,-0.05,76.2,Engaged,"{'transactionFrequency': 24.0, 'digitalUsage': 16.5, 'productUsage': 16.0, 'recency': 19.7, 'servicePenalty': 0.0}",4,False,True,True,True,1,0,0,90.0,66.1,2.5,1.0,628.6,72,383460,639,44,0
CUST-1952,2378.65,1845.87,200.0,11855.39,1.205,2586.88,22419.66,8.67,55,0,-0.683,39.9,Dormant,"{'transactionFrequency': 10.8, 'digitalUsage': 16.4, 'productUsage': 16.0, 'recency': 1.7, 'servicePenalty': 5.0}",4,True,True,True,False,1,0,1,0.0,65.4,1.5,0.5,656.5,38,516194,791,6,1
CUST-1953,6280.49,61767.28,6280.49,144508.53,0.673,2305.48,56484.3,24.5,4,16,0.159,74.4,Engaged,"{'transactionFrequency': 25.0, 'digitalUsage': 18.7, 'productUsage': 12.0, 'recency': 18.7, 'servicePenalty': 0.0}",3,False,False,True,True,0,0,0,0.0,74.8,4.7,1.0,583.9,46,465916,732,8,0
CUST-1954,200.0,21503.51,200.0,94701.17,1.49,2477.48,56982.05,23.0,2,17,0.059,75.2,Engaged,"{'transactionFrequency': 25.0, 'digitalUsage': 18.9, 'productUsage': 12.0, 'recency': 19.3, 'servicePenalty': 0.0}",3,False,True,True,False,0,0,0,0.0,75.4,2.7,1.2,465.0,23,622284,659,11,0
CUST-1955,126988.27,192061.08,126988.27,253748.31,0.209,2843.39,35542.42,12.5,2,7,-0.289,60.0,Engaged,"{'transactionFrequency': 15.6, 'digitalUsage': 15.0, 'productUsage': 12.0, 'recency': 19.3, 'servicePenalty': 2.0}",3,True,True,False,False,1,1,0,105.0,60.0,7.3,4.3,395.0,21,681793,580,6,0
CUST-1956,3058.84,2044.77,200.0,16140.5,1.313,2418.45,19750.68,8.17,55,0,-0.543,36.7,Dormant,"{'transactionFrequency': 10.2, 'digitalUsage': 16.8, 'productUsage': 8.0, 'recency': 1.7, 'servicePenalty': 0.0}",2,False,True,False,False,0,0,0,0.0,67.3,3.5,1.0,363.2,41,944011,658,63,1
CUST-1957,200.0,4849.98,200.0,24667.61,1.408,2280.72,26608.4,11.67,1,9,0.25,62.3,Engaged,"{'transactionFrequency': 14.6, 'digitalUsage': 20.0, 'productUsage': 8.0, 'recency': 19.7, 'servicePenalty': 0.0}",2,True,False,False,False,0,0,0,0.0,80.0,5.8,3.2,501.6,40,585256,683,29,0
CUST-1958,2479.21,2403.66,200.0,16033.68,1.487,2570.63,31704.45,12.33,21,1,-0.593,57.6,At Risk,"{'transactionFrequency': 15.4, 'digitalUsage': 17.2, 'productUsage': 12.0, 'recency': 13.0, 'servicePenalty': 0.0}",3,True,False,False,True,0,0,0,0.0,68.9,3.2,0.2,372.5,34,310669,690,7,1
CUST-1959,200.0,15018.23,200.0,82583.34,1.744,2466.04,68638.24,27.83,2,15,-0.163,84.1,Highly Engaged,"{'transactionFrequency': 25.0, 'digitalUsage': 23.8, 'productUsage': 16.0, 'recency': 19.3, 'servicePenalty': 0.0}",4,True,True,True,False,2,0,0,64.0,95.2,7.2,4.2,453.6,35,250000,738,21,0
CUST-1960,80211.02,124007.65,77304.68,194094.89,0.286,2526.79,33269.35,13.17,4,11,0.25,67.4,Engaged,"{'transactionFrequency': 16.5, 'digitalUsage': 20.2, 'productUsage': 12.0, 'recency': 18.7, 'servicePenalty': 0.0}",3,False,True,True,False,0,0,0,0.0,81.0,7.8,3.2,408.6,42,600899,617,26,0
CUST-1961,7440.62,4581.36,200.0,26312.07,1.574,1855.4,17935.52,9.67,18,1,-0.723,45.8,At Risk,"{'transactionFrequency': 12.1, 'digitalUsage': 17.7, 'productUsage': 12.0, 'recency': 14.0, 'servicePenalty': 10.0}",3,True,False,False,True,2,1,2,0.0,70.7,5.3,2.2,435.6,41,599961,690,9,1
CUST-1962,200.0,18094.52,200.0,60479.39,1.044,2858.1,34297.21,12.0,3,9,0.242,66.8,Engaged,"{'transactionFrequency': 15.0, 'digitalUsage': 20.8, 'productUsage': 12.0, 'recency': 19.0, 'servicePenalty': 0.0}",3,True,False,False,True,0,0,0,0.0,83.3,6.3,4.8,381.8,45,1468215,691,37,0
CUST-1963,44077.44,105469.03,44077.44,159184.26,0.314,2954.79,35457.49,12.0,5,6,-0.195,73.5,Engaged,"{'transactionFrequency': 15.0, 'digitalUsage': 20.1, 'productUsage': 20.0, 'recency': 18.3, 'servicePenalty': 0.0}",5,True,True,True,True,0,0,0,0.0,80.6,7.5,2.0,419.5,26,641298,668,13,0
CUST-1964,819.79,5816.12,200.0,36980.73,1.388,2301.18,52927.24,23.0,1,20,0.188,76.6,Engaged,"{'transactionFrequency': 25.0, 'digitalUsage': 19.9, 'productUsage': 12.0, 'recency': 19.7, 'servicePenalty': 0.0}",3,True,True,False,False,0,0,0,0.0,79.7,8.3,1.7,518.6,33,659066,762,23,0
CUST-1965,6468.93,6259.77,200.0,29492.48,1.295,2421.35,43584.34,18.0,1,13,0.075,71.8,Engaged,"{'transactionFrequency': 22.5, 'digitalUsage': 17.6, 'productUsage': 12.0, 'recency': 19.7, 'servicePenalty': 0.0}",3,True,True,False,False,0,0,0,0.0,70.4,6.0,2.5,479.3,46,684770,748,47,0
CUST-1966,419.65,69335.37,200.0,147362.27,0.806,2525.48,61874.33,24.5,2,14,0.014,75.6,Engaged,"{'transactionFrequency': 25.0, 'digitalUsage': 23.3, 'productUsage': 8.0, 'recency': 19.3, 'servicePenalty': 0.0}",2,False,False,True,False,0,0,0,0.0,93.2,10.3,5.2,463.6,44,1053321,692,92,0
CUST-1967,14149.56,60604.62,14149.56,96470.53,0.308,2296.14,29849.86,13.0,1,12,1.2,66.1,Engaged,"{'transactionFrequency': 16.2, 'digitalUsage': 20.2, 'productUsage': 12.0, 'recency': 19.7, 'servicePenalty': 2.0}",3,True,True,False,False,1,1,0,91.0,80.8,5.2,2.0,461.3,43,444814,771,36,0
CUST-1968,252300.75,319368.29,251359.58,411014.79,0.152,2196.98,42108.74,19.17,5,11,-0.254,72.3,Engaged,"{'transactionFrequency': 24.0, 'digitalUsage': 20.0, 'productUsage': 12.0, 'recency': 18.3, 'servicePenalty': 2.0}",3,False,False,True,True,3,1,0,83.7,80.0,5.3,1.5,619.2,26,254472,697,23,0
CUST-1969,113034.44,185962.28,113034.44,246286.58,0.166,2795.29,44258.75,15.83,1,14,-0.06,66.9,Engaged,"{'transactionFrequency': 19.8, 'digitalUsage': 23.4, 'productUsage': 4.0, 'recency': 19.7, 'servicePenalty': 0.0}",1,False,False,False,False,0,0,0,0.0,93.7,8.3,5.2,605.5,44,900708,742,114,0
CUST-1970,34949.9,55367.59,34949.9,67319.53,0.149,2095.42,15715.65,7.5,5,5,-0.433,52.3,At Risk,"{'transactionFrequency': 9.4, 'digitalUsage': 20.6, 'productUsage': 4.0, 'recency': 18.3, 'servicePenalty': 0.0}",1,False,False,False,False,0,0,0,0.0,82.2,9.2,5.2,547.8,35,1535731,695,18,0
CUST-1971,636489.28,714910.86,633376.49,776414.7,0.063,2307.92,42696.52,18.5,7,11,0.354,69.0,Engaged,"{'transactionFrequency': 23.1, 'digitalUsage': 16.2, 'productUsage': 12.0, 'recency': 17.7, 'servicePenalty': 0.0}",3,True,False,False,True,0,0,0,0.0,64.9,2.3,1.2,409.4,29,348118,822,3,0
CUST-1972,200.0,5359.95,200.0,27384.52,1.555,2565.44,65846.27,25.67,1,17,0.08,66.8,Engaged,"{'transactionFrequency': 25.0, 'digitalUsage': 18.2, 'productUsage': 4.0, 'recency': 19.7, 'servicePenalty': 0.0}",1,False,False,False,False,0,0,0,0.0,72.7,5.0,1.5,596.9,30,622353,607,73,0
CUST-1973,35859.61,92691.27,35859.61,129503.8,0.288,2456.52,27431.17,11.17,4,7,-0.184,64.3,Engaged,"{'transactionFrequency': 14.0, 'digitalUsage': 15.7, 'productUsage': 16.0, 'recency': 18.7, 'servicePenalty': 0.0}",4,True,True,False,True,0,0,0,0.0,62.7,3.3,3.0,551.5,54,1104199,709,27,0
CUST-1974,200.0,3841.49,200.0,16181.59,1.101,2566.83,18823.41,7.33,4,4,-0.516,47.5,At Risk,"{'transactionFrequency': 9.2, 'digitalUsage': 13.6, 'productUsage': 8.0, 'recency': 18.7, 'servicePenalty': 2.0}",2,False,True,False,False,2,1,0,59.0,54.5,1.8,0.3,295.7,29,306144,716,45,1
CUST-1975,200.0,70691.78,200.0,132678.26,0.689,2304.84,48401.7,21.0,1,16,0.0,82.5,Highly Engaged,"{'transactionFrequency': 25.0, 'digitalUsage': 21.8, 'productUsage': 16.0, 'recency': 19.7, 'servicePenalty': 0.0}",4,True,True,True,False,1,0,0,62.0,87.3,11.5,3.3,497.9,40,250000,765,50,0
CUST-1976,200.0,12921.41,200.0,44491.32,1.145,2272.21,37491.46,16.5,2,14,0.061,72.2,Engaged,"{'transactionFrequency': 20.6, 'digitalUsage': 22.2, 'productUsage': 12.0, 'recency': 19.3, 'servicePenalty': 2.0}",3,True,False,False,True,1,1,0,45.0,88.9,8.0,2.0,472.3,38,727563,667,140,0
CUST-1977,200.0,6257.33,200.0,21083.16,1.041,2234.15,45427.8,20.33,1,14,0.296,74.9,Engaged,"{'transactionFrequency': 25.0, 'digitalUsage': 20.3, 'productUsage': 12.0, 'recency': 19.7, 'servicePenalty': 2.0}",3,True,False,True,False,2,1,0,91.5,81.1,6.3,1.8,442.7,40,1327765,695,17,0
CUST-1978,906.58,7896.38,200.0,39595.38,1.386,2374.5,23745.03,10.0,1,6,-0.324,56.0,At Risk,"{'transactionFrequency': 12.5, 'digitalUsage': 15.8, 'productUsage': 8.0, 'recency': 19.7, 'servicePenalty': 0.0}",2,False,False,False,True,0,0,0,0.0,63.3,6.2,1.7,405.2,43,489963,758,10,0
CUST-1979,1143.87,6621.13,200.0,25948.62,1.264,2420.37,29044.48,12.0,2,12,0.312,62.7,Engaged,"{'transactionFrequency': 15.0, 'digitalUsage': 16.3, 'productUsage': 12.0, 'recency': 19.3, 'servicePenalty': 0.0}",3,True,False,True,False,0,0,0,0.0,65.3,2.2,1.8,395.0,52,250000,707,12,0
CUST-1980,39481.06,120005.38,11622.51,262379.15,0.571,2863.2,74920.49,26.17,1,19,-0.013,80.4,Highly Engaged,"{'transactionFrequency': 25.0, 'digitalUsage': 19.8, 'productUsage': 16.0, 'recency': 19.7, 'servicePenalty': 0.0}",4,True,True,True,False,0,0,0,0.0,79.0,3.3,4.8,466.2,51,2564666,706,133,0
CUST-1981,87197.63,101543.62,87197.63,121342.28,0.085,1986.14,10923.8,5.5,3,2,-0.25,45.1,At Risk,"{'transactionFrequency': 6.9, 'digitalUsage': 21.2, 'productUsage': 8.0, 'recency': 19.0, 'servicePenalty': 10.0}",2,False,False,True,False,2,2,2,0.0,84.8,3.7,2.0,467.3,47,1369743,667,6,1
CUST-1982,200.0,1559.18,200.0,11576.65,1.732,2168.86,21688.62,10.0,12,1,-0.45,55.0,At Risk,"{'transactionFrequency': 12.5, 'digitalUsage': 22.5, 'productUsage': 4.0, 'recency': 16.0, 'servicePenalty': 0.0}",1,False,False,False,False,1,0,0,99.0,90.0,4.5,5.0,527.7,42,250000,654,3,1
CUST-1983,210298.82,284951.35,210298.82,340962.13,0.131,2328.47,43076.61,18.5,3,13,0.055,75.2,Engaged,"{'transactionFrequency': 23.1, 'digitalUsage': 17.1, 'productUsage': 16.0, 'recency': 19.0, 'servicePenalty': 0.0}",4,False,True,True,True,0,0,0,0.0,68.5,5.7,1.5,464.3,43,250000,847,27,0
CUST-1984,733.52,6300.78,200.0,26255.3,1.265,2446.98,28140.23,11.5,30,1,-0.551,47.8,At Risk,"{'transactionFrequency': 14.4, 'digitalUsage': 17.4, 'productUsage': 16.0, 'recency': 10.0, 'servicePenalty': 10.0}",4,True,True,True,False,2,0,2,0.0,69.6,4.0,0.8,668.3,48,513024,493,29,1
CUST-1985,200.0,1038.94,200.0,19553.28,2.345,2361.44,64546.13,27.33,2,22,-0.024,74.6,Engaged,"{'transactionFrequency': 25.0, 'digitalUsage': 22.2, 'productUsage': 8.0, 'recency': 19.3, 'servicePenalty': 0.0}",2,False,False,False,True,0,0,0,0.0,89.0,7.2,5.2,481.2,31,250000,628,27,0
CUST-1986,1276.73,18958.42,200.0,57310.94,1.035,2545.73,53035.99,20.83,1,18,0.228,71.5,Engaged,"{'transactionFrequency': 25.0, 'digitalUsage': 14.8, 'productUsage': 12.0, 'recency': 19.7, 'servicePenalty': 0.0}",3,False,True,True,False,0,0,0,0.0,59.2,2.0,0.0,466.0,48,299721,650,45,0
CUST-1987,61773.86,124872.08,57476.94,178937.08,0.28,2266.86,37781.01,16.67,1,10,0.267,71.5,Engaged,"{'transactionFrequency': 20.8, 'digitalUsage': 19.0, 'productUsage': 12.0, 'recency': 19.7, 'servicePenalty': 0.0}",3,False,True,True,False,0,0,0,0.0,76.0,5.0,3.8,487.3,37,456998,641,140,0
CUST-1988,3342.66,5759.63,200.0,54116.76,1.943,2421.07,54877.6,22.67,1,15,-0.11,83.1,Highly Engaged,"{'transactionFrequency': 25.0, 'digitalUsage': 22.4, 'productUsage': 16.0, 'recency': 19.7, 'servicePenalty': 0.0}",4,False,True,True,True,0,0,0,0.0,89.7,8.2,3.8,423.2,37,446392,816,20,0
CUST-1989,1934.59,6582.59,200.0,53978.83,1.909,2357.48,65616.47,27.83,1,16,-0.276,69.9,Engaged,"{'transactionFrequency': 25.0, 'digitalUsage': 17.2, 'productUsage': 12.0, 'recency': 19.7, 'servicePenalty': 4.0}",3,False,False,True,True,3,2,0,56.3,68.9,2.3,1.3,501.7,43,2875033,850,116,0
CUST-1990,112269.54,209936.12,112269.54,304889.69,0.26,2613.7,52273.96,20.0,1,19,0.259,66.9,Engaged,"{'transactionFrequency': 25.0, 'digitalUsage': 16.2, 'productUsage': 8.0, 'recency': 19.7, 'servicePenalty': 2.0}",2,True,False,False,False,1,1,0,28.0,65.0,2.7,0.3,542.3,62,693258,776,80,0
CUST-1991,15131.95,12604.29,200.0,42835.48,0.859,2193.04,24488.95,11.17,45,0,-0.395,45.4,At Risk,"{'transactionFrequency': 14.0, 'digitalUsage': 22.4, 'productUsage': 4.0, 'recency': 5.0, 'servicePenalty': 0.0}",1,False,False,False,False,0,0,0,0.0,89.6,9.3,2.8,472.0,38,1240570,589,15,1
CUST-1992,44600.11,78312.44,38809.69,125372.01,0.29,2095.54,32830.08,15.67,1,13,0.133,65.3,Engaged,"{'transactionFrequency': 19.6, 'digitalUsage': 18.1, 'productUsage': 8.0, 'recency': 19.7, 'servicePenalty': 0.0}",2,False,True,False,False,0,0,0,0.0,72.3,5.5,3.0,482.8,46,1020175,677,28,0
CUST-1993,200.0,26866.74,200.0,62598.24,0.86,2243.04,29159.53,13.0,10,6,-0.14,61.1,Engaged,"{'transactionFrequency': 16.2, 'digitalUsage': 20.2, 'productUsage': 8.0, 'recency': 16.7, 'servicePenalty': 0.0}",2,False,False,True,False,1,0,0,110.0,80.8,12.3,2.5,500.9,31,967323,729,16,0
CUST-1994,792719.56,859175.25,792719.56,922049.91,0.045,2064.63,37851.47,18.33,3,15,0.435,68.1,Engaged,"{'transactionFrequency': 22.9, 'digitalUsage': 18.2, 'productUsage': 8.0, 'recency': 19.0, 'servicePenalty': 0.0}",2,False,False,True,False,0,0,0,0.0,72.7,5.5,2.7,517.4,46,329269,617,4,0
CUST-1995,200.0,60166.41,200.0,110755.46,0.584,2327.85,54704.37,23.5,1,14,0.234,71.5,Engaged,"{'transactionFrequency': 25.0, 'digitalUsage': 18.8, 'productUsage': 8.0, 'recency': 19.7, 'servicePenalty': 0.0}",2,False,True,False,False,0,0,0,0.0,75.2,4.2,2.0,537.4,29,718775,664,52,0
CUST-1996,200.0,7675.25,200.0,34942.07,1.14,2167.49,31067.4,14.33,4,13,0.378,65.4,Engaged,"{'transactionFrequency': 17.9, 'digitalUsage': 16.9, 'productUsage': 12.0, 'recency': 18.7, 'servicePenalty': 0.0}",3,True,False,True,False,0,0,0,0.0,67.4,2.3,2.8,402.8,24,607524,690,23,0
CUST-1997,3909.46,2839.31,200.0,28220.27,1.726,2474.78,60219.54,24.33,2,13,-0.173,80.4,Highly Engaged,"{'transactionFrequency': 25.0, 'digitalUsage': 20.0, 'productUsage': 16.0, 'recency': 19.3, 'servicePenalty': 0.0}",4,True,False,True,True,0,0,0,0.0,80.1,5.8,3.2,593.6,24,1244525,792,13,0
CUST-1998,200.0,2587.74,200.0,30318.58,2.715,2557.11,13211.74,5.17,59,0,-0.68,30.9,Dormant,"{'transactionFrequency': 6.5, 'digitalUsage': 20.1, 'productUsage': 4.0, 'recency': 0.3, 'servicePenalty': 0.0}",1,False,False,False,False,0,0,0,0.0,80.6,5.2,1.3,418.6,26,403814,850,6,1
CUST-1999,85490.24,147242.35,71970.02,220336.72,0.295,2544.16,40706.6,16.0,6,9,-0.185,58.7,At Risk,"{'transactionFrequency': 20.0, 'digitalUsage': 16.7, 'productUsage': 4.0, 'recency': 18.0, 'servicePenalty': 0.0}",1,False,False,False,False,0,0,0,0.0,66.7,5.7,3.3,445.6,46,250000,755,16,0
CUST-2000,3591.17,9072.11,200.0,39423.5,1.282,2157.9,36684.34,17.0,2,12,0.261,65.7,Engaged,"{'transactionFrequency': 21.2, 'digitalUsage': 17.1, 'productUsage': 8.0, 'recency': 19.3, 'servicePenalty': 0.0}",2,False,True,False,False,0,0,0,0.0,68.6,1.5,5.3,459.4,48,900449,770,21,0
CUST-2001,83309.07,167271.2,81759.05,251819.56,0.305,2595.98,64899.49,25.0,3,23,0.269,82.2,Highly Engaged,"{'transactionFrequency': 25.0, 'digitalUsage': 22.2, 'productUsage': 16.0, 'recency': 19.0, 'servicePenalty': 0.0}",4,False,True,True,True,2,0,0,37.0,88.7,7.2,2.8,536.8,21,458087,669,13,0
CUST-2002,2586.33,4943.02,200.0,28866.9,1.472,2480.09,34721.27,14.0,2,15,0.0,55.5,At Risk,"{'transactionFrequency': 17.5, 'digitalUsage': 16.7, 'productUsage': 4.0, 'recency': 19.3, 'servicePenalty': 2.0}",1,False,False,False,False,1,1,0,85.0,66.7,1.8,3.3,476.6,24,250000,601,89,0
CUST-2003,151281.46,240898.67,151281.46,312254.29,0.198,2021.98,48864.49,24.17,2,19,0.262,74.3,Engaged,"{'transactionFrequency': 25.0, 'digitalUsage': 20.0, 'productUsage': 12.0, 'recency': 19.3, 'servicePenalty': 2.0}",3,False,True,True,False,1,1,0,82.0,80.0,7.3,4.0,554.3,21,395102,815,26,0
CUST-2004,200.0,10221.2,200.0,88076.59,1.794,2232.01,52452.22,23.5,1,22,0.043,77.4,Engaged,"{'transactionFrequency': 25.0, 'digitalUsage': 20.8, 'productUsage': 12.0, 'recency': 19.7, 'servicePenalty': 0.0}",3,True,False,False,True,0,0,0,0.0,83.0,7.0,1.2,579.4,27,1711541,769,25,0
CUST-2005,200.0,16026.61,200.0,42205.53,1.008,2265.06,40016.14,17.67,1,16,0.16,71.7,Engaged,"{'transactionFrequency': 22.1, 'digitalUsage': 17.9, 'productUsage': 12.0, 'recency': 19.7, 'servicePenalty': 0.0}",3,True,False,False,True,0,0,0,0.0,71.7,3.0,0.7,489.3,21,406305,740,40,0
CUST-2006,141325.4,190155.61,135203.03,245770.83,0.165,2050.85,49220.38,24.0,1,17,0.028,83.8,Highly Engaged,"{'transactionFrequency': 25.0, 'digitalUsage': 19.1, 'productUsage': 20.0, 'recency': 19.7, 'servicePenalty': 0.0}",5,True,True,True,True,0,0,0,0.0,76.4,5.8,0.8,460.7,41,603702,836,8,0
CUST-2007,93415.93,118177.85,68441.83,188855.65,0.231,2796.83,41952.52,15.0,1,11,-0.122,63.9,Engaged,"{'transactionFrequency': 18.8, 'digitalUsage': 17.5, 'productUsage': 8.0, 'recency': 19.7, 'servicePenalty': 0.0}",2,False,True,False,False,0,0,0,0.0,70.0,6.5,1.2,495.2,52,496176,642,18,0
CUST-2008,304276.32,417050.22,298573.59,548419.61,0.187,2748.37,60922.3,22.17,1,16,0.077,82.1,Highly Engaged,"{'transactionFrequency': 25.0, 'digitalUsage': 21.4, 'productUsage': 16.0, 'recency': 19.7, 'servicePenalty': 0.0}",4,True,False,True,True,0,0,0,0.0,85.7,8.3,3.2,530.9,39,647714,750,14,0
CUST-2009,200.0,1294.15,200.0,11625.76,2.034,2604.6,26914.25,10.33,26,1,-0.745,47.2,At Risk,"{'transactionFrequency': 12.9, 'digitalUsage': 14.9, 'productUsage': 8.0, 'recency': 11.3, 'servicePenalty': 0.0}",2,False,False,True,False,0,0,0,0.0,59.7,1.3,0.0,547.6,26,1007894,599,3,1
CUST-2010,2647.46,6541.15,200.0,52173.1,1.75,2333.8,54066.29,23.17,2,17,-0.042,78.1,Engaged,"{'transactionFrequency': 25.0, 'digitalUsage': 23.8, 'productUsage': 12.0, 'recency': 19.3, 'servicePenalty': 2.0}",3,False,True,True,False,1,1,0,16.0,95.0,7.7,5.8,504.8,30,555014,585,58,0
CUST-2011,10569.91,3222.57,200.0,10569.91,0.895,2473.12,7419.36,3.0,9,2,-0.571,40.0,At Risk,"{'transactionFrequency': 3.8, 'digitalUsage': 22.2, 'productUsage': 4.0, 'recency': 17.0, 'servicePenalty': 7.0}",1,False,False,False,False,2,1,1,38.0,88.9,3.2,0.5,567.3,51,1708845,680,25,1
CUST-2012,200.0,15963.19,200.0,37747.44,0.881,2484.11,33121.42,13.33,6,1,-0.217,66.8,Engaged,"{'transactionFrequency': 16.7, 'digitalUsage': 23.1, 'productUsage': 16.0, 'recency': 18.0, 'servicePenalty': 7.0}",4,False,True,True,True,2,1,1,50.0,92.5,6.7,1.7,480.8,37,656072,631,37,1
CUST-2013,200.0,39393.13,200.0,82586.84,0.679,2007.35,19738.97,9.83,3,10,0.103,61.5,Engaged,"{'transactionFrequency': 12.3, 'digitalUsage': 18.2, 'productUsage': 12.0, 'recency': 19.0, 'servicePenalty': 0.0}",3,True,True,False,False,1,0,0,53.0,72.9,8.0,2.7,446.9,35,789956,701,55,0
CUST-2014,24492.58,39781.74,24492.58,61509.71,0.341,2232.77,8186.81,3.67,50,0,-0.737,26.0,Dormant,"{'transactionFrequency': 4.6, 'digitalUsage': 17.1, 'productUsage': 8.0, 'recency': 3.3, 'servicePenalty': 7.0}",2,False,True,False,False,1,1,1,0.0,68.2,6.7,0.0,553.1,21,992334,592,41,1
CUST-2015,200.0,5802.87,200.0,35238.95,1.578,2156.35,34142.2,15.83,5,11,-0.204,74.9,Engaged,"{'transactionFrequency': 19.8, 'digitalUsage': 20.8, 'productUsage': 16.0, 'recency': 18.3, 'servicePenalty': 0.0}",4,True,True,True,False,0,0,0,0.0,83.2,8.7,3.3,390.3,37,533457,742,3,0
CUST-2016,162997.9,250287.5,159694.99,317161.98,0.192,1894.06,57137.39,30.17,1,21,0.346,69.0,Engaged,"{'transactionFrequency': 25.0, 'digitalUsage': 16.3, 'productUsage': 8.0, 'recency': 19.7, 'servicePenalty': 0.0}",2,False,False,False,True,0,0,0,0.0,65.2,2.7,0.3,495.3,45,947351,850,66,0
CUST-2017,5007.39,3333.98,200.0,13909.41,0.879,2644.28,29968.53,11.33,28,1,-0.571,41.5,At Risk,"{'transactionFrequency': 14.2, 'digitalUsage': 14.7, 'productUsage': 4.0, 'recency': 10.7, 'servicePenalty': 2.0}",1,False,False,False,False,1,1,0,47.0,58.8,2.3,1.2,451.3,46,1171260,765,23,1
CUST-2018,373354.85,417679.28,373354.85,466555.94,0.071,2090.82,31710.72,15.17,1,13,-0.14,66.8,Engaged,"{'transactionFrequency': 19.0, 'digitalUsage': 18.1, 'productUsage': 12.0, 'recency': 19.7, 'servicePenalty': 2.0}",3,False,True,True,False,1,1,0,12.0,72.5,7.0,3.0,489.1,59,798506,708,48,0
CUST-2019,11665.54,6448.88,200.0,42573.93,1.293,2275.76,31481.37,13.83,18,2,-0.672,48.3,At Risk,"{'transactionFrequency': 17.3, 'digitalUsage': 15.0, 'productUsage': 12.0, 'recency': 14.0, 'servicePenalty': 10.0}",3,True,False,True,False,4,3,3,51.0,60.2,2.3,1.7,526.4,44,331857,617,3,1
CUST-2020,200.0,3153.24,200.0,26122.34,1.769,2226.31,45639.25,20.5,1,17,-0.077,77.2,Engaged,"{'transactionFrequency': 25.0, 'digitalUsage': 20.5, 'productUsage': 12.0, 'recency': 19.7, 'servicePenalty': 0.0}",3,True,True,False,False,0,0,0,0.0,82.1,8.8,2.2,545.5,33,468178,783,5,0
CUST-2021,200.0,63427.79,200.0,149649.52,0.745,2223.95,41513.73,18.67,1,16,0.151,77.1,Engaged,"{'transactionFrequency': 23.3, 'digitalUsage': 22.1, 'productUsage': 12.0, 'recency': 19.7, 'servicePenalty': 0.0}",3,True,False,False,True,0,0,0,0.0,88.4,8.8,5.2,588.2,50,385349,717,21,0
CUST-2022,200.0,15924.98,200.0,48844.88,0.849,1985.94,27472.22,13.83,2,12,-0.068,68.0,Engaged,"{'transactionFrequency': 17.3, 'digitalUsage': 21.4, 'productUsage': 12.0, 'recency': 19.3, 'servicePenalty': 2.0}",3,True,False,True,False,3,1,0,73.7,85.5,5.5,3.7,457.6,37,250000,812,3,0
CUST-2023,200.0,3910.6,200.0,23214.94,1.847,2186.48,10932.39,5.0,46,0,-0.476,35.6,Dormant,"{'transactionFrequency': 6.2, 'digitalUsage': 16.7, 'productUsage': 8.0, 'recency': 4.7, 'servicePenalty': 0.0}",2,True,False,False,False,1,0,0,108.0,66.7,5.0,1.3,389.0,47,250000,582,51,1
CUST-2024,382932.39,420063.91,382932.39,448798.33,0.04,2146.46,22895.59,10.67,2,10,-0.167,59.4,At Risk,"{'transactionFrequency': 13.3, 'digitalUsage': 18.8, 'productUsage': 8.0, 'recency': 19.3, 'servicePenalty': 0.0}",2,False,False,False,True,0,0,0,0.0,75.0,6.5,3.3,536.9,37,337503,617,48,0
CUST-2025,6042.95,13890.39,200.0,66021.6,1.237,2233.26,38709.9,17.33,3,11,-0.29,62.7,Engaged,"{'transactionFrequency': 21.7, 'digitalUsage': 18.0, 'productUsage': 4.0, 'recency': 19.0, 'servicePenalty': 0.0}",1,False,False,False,False,0,0,0,0.0,72.1,10.2,2.0,538.1,26,250000,685,16,0
CUST-2026,200.0,6797.74,200.0,53179.27,1.88,2341.77,52299.54,22.33,2,13,-0.111,71.0,Engaged,"{'transactionFrequency': 25.0, 'digitalUsage': 18.6, 'productUsage': 8.0, 'recency': 19.3, 'servicePenalty': 0.0}",2,True,False,False,False,0,0,0,0.0,74.6,6.3,1.3,396.8,24,250000,805,13,0
CUST-2027,49460.63,65341.25,47779.3,82944.05,0.142,2029.83,14547.14,7.17,5,9,-0.125,49.3,At Risk,"{'transactionFrequency': 9.0, 'digitalUsage': 18.0, 'productUsage': 4.0, 'recency': 18.3, 'servicePenalty': 0.0}",1,False,False,False,False,0,0,0,0.0,72.1,6.5,3.3,473.7,36,250000,551,74,0
CUST-2028,376055.17,407498.05,372829.21,478888.8,0.068,2481.24,37218.57,15.0,1,9,0.19,61.9,Engaged,"{'transactionFrequency': 18.8, 'digitalUsage': 17.5, 'productUsage': 8.0, 'recency': 19.7, 'servicePenalty': 2.0}",2,True,False,False,False,1,1,0,103.0,70.0,2.0,1.8,512.3,42,250000,752,14,0
CUST-2029,2855.12,13201.74,200.0,41449.75,1.16,2082.06,17350.54,8.33,4,5,0.0,55.6,At Risk,"{'transactionFrequency': 10.4, 'digitalUsage': 18.5, 'productUsage': 8.0, 'recency': 18.7, 'servicePenalty': 0.0}",2,True,False,False,False,0,0,0,0.0,74.0,7.2,2.3,516.1,31,250000,741,29,0
CUST-2030,200.0,22186.45,200.0,106470.7,1.468,2280.76,49036.36,21.5,1,17,-0.045,72.2,Engaged,"{'transactionFrequency': 25.0, 'digitalUsage': 19.6, 'productUsage': 12.0, 'recency': 19.7, 'servicePenalty': 4.0}",3,True,False,False,True,2,2,0,79.0,78.3,5.3,1.5,446.1,47,1532978,701,140,0
CUST-2031,200.0,2650.37,200.0,20391.22,1.365,2444.85,44822.26,18.33,9,11,-0.25,72.4,Engaged,"{'transactionFrequency': 22.9, 'digitalUsage': 22.5, 'productUsage': 16.0, 'recency': 17.0, 'servicePenalty': 6.0}",4,True,False,True,True,3,3,0,77.7,90.0,5.5,3.5,560.2,25,677302,783,94,0
CUST-2032,6266.63,9001.76,200.0,32725.8,0.694,1810.0,10558.32,5.83,7,1,-0.724,51.5,At Risk,"{'transactionFrequency': 7.3, 'digitalUsage': 18.6, 'productUsage': 8.0, 'recency': 17.7, 'servicePenalty': 0.0}",2,False,False,True,False,0,0,0,0.0,74.3,1.3,1.7,562.0,48,310647,533,140,1
CUST-2033,16886.25,15087.94,200.0,61607.0,1.274,2332.71,57929.08,24.83,1,18,0.068,67.1,Engaged,"{'transactionFrequency': 25.0, 'digitalUsage': 16.4, 'productUsage': 8.0, 'recency': 19.7, 'servicePenalty': 2.0}",2,False,False,True,False,1,1,0,69.0,65.8,3.8,1.3,475.0,25,1256140,783,41,0
CUST-2034,200.0,1612.18,200.0,9804.2,1.095,2110.06,28485.75,13.5,3,2,-0.593,55.4,At Risk,"{'transactionFrequency': 16.9, 'digitalUsage': 22.5, 'productUsage': 4.0, 'recency': 19.0, 'servicePenalty': 7.0}",1,False,False,False,False,2,1,1,64.0,90.1,5.2,2.5,572.8,37,250000,633,3,1
CUST-2035,200.0,13543.02,200.0,52529.86,1.067,2497.34,22476.06,9.0,6,9,-0.069,63.8,Engaged,"{'transactionFrequency': 11.2, 'digitalUsage': 18.5, 'productUsage': 16.0, 'recency': 18.0, 'servicePenalty': 0.0}",4,True,True,False,True,0,0,0,0.0,74.1,3.3,2.0,484.9,23,1097759,673,13,0
CUST-2036,178687.06,209226.25,178687.06,241405.8,0.077,2444.33,30146.75,12.33,1,10,-0.051,55.6,At Risk,"{'transactionFrequency': 15.4, 'digitalUsage': 12.5, 'productUsage': 8.0, 'recency': 19.7, 'servicePenalty': 0.0}",2,True,False,False,False,0,0,0,0.0,50.0,0.3,0.8,614.0,21,250000,773,45,0
CUST-2037,200.0,2298.25,200.0,15414.8,1.749,2636.48,38668.39,14.67,2,13,0.0,63.6,Engaged,"{'transactionFrequency': 18.3, 'digitalUsage': 17.9, 'productUsage': 8.0, 'recency': 19.3, 'servicePenalty': 0.0}",2,True,False,False,False,0,0,0,0.0,71.6,3.5,1.0,616.4,21,507556,753,20,0
CUST-2038,5294.42,40843.11,200.0,75131.79,0.569,2373.07,62490.89,26.33,2,19,-0.049,78.6,Engaged,"{'transactionFrequency': 25.0, 'digitalUsage': 20.2, 'productUsage': 16.0, 'recency': 19.3, 'servicePenalty': 2.0}",4,True,True,True,False,1,1,0,17.0,81.0,9.8,2.7,528.2,47,1087990,850,24,0
CUST-2039,200.0,2782.36,200.0,20602.32,1.553,3171.07,35938.84,11.33,31,0,-0.627,48.0,At Risk,"{'transactionFrequency': 14.2, 'digitalUsage': 16.2, 'productUsage': 8.0, 'recency': 9.7, 'servicePenalty': 0.0}",2,False,True,False,False,0,0,0,0.0,64.7,0.3,0.3,484.5,46,356564,689,11,1
CUST-2040,97578.1,161864.5,97578.1,223496.09,0.214,2527.55,41283.24,16.33,1,14,-0.148,77.3,Engaged,"{'transactionFrequency': 20.4, 'digitalUsage': 21.2, 'productUsage': 16.0, 'recency': 19.7, 'servicePenalty': 0.0}",4,True,True,True,False,0,0,0,0.0,84.7,6.2,1.7,463.7,56,606238,729,74,0
CUST-2041,21086.77,46807.01,21086.77,66080.48,0.258,2536.28,25785.51,10.17,1,5,0.1,70.1,Engaged,"{'transactionFrequency': 12.7, 'digitalUsage': 21.7, 'productUsage': 16.0, 'recency': 19.7, 'servicePenalty': 0.0}",4,True,True,False,True,0,0,0,0.0,86.9,9.3,6.0,547.8,42,632133,712,8,0
CUST-2042,200.0,24881.09,200.0,74392.84,0.869,2237.42,43256.87,19.33,2,13,0.0,76.6,Engaged,"{'transactionFrequency': 24.2, 'digitalUsage': 21.1, 'productUsage': 12.0, 'recency': 19.3, 'servicePenalty': 0.0}",3,True,False,True,False,0,0,0,0.0,84.5,7.3,3.5,522.5,42,308845,641,22,0
CUST-2043,7344.65,21647.51,200.0,74746.48,1.097,2640.67,29047.34,11.0,17,4,-0.419,56.9,At Risk,"{'transactionFrequency': 13.8, 'digitalUsage': 20.8, 'productUsage': 8.0, 'recency': 14.3, 'servicePenalty': 0.0}",2,False,True,False,False,0,0,0,0.0,83.3,11.0,1.2,451.1,26,596980,668,25,0
CUST-2044,200.0,1791.52,200.0,17015.95,1.886,2205.59,22423.45,10.17,12,3,-0.63,51.4,At Risk,"{'transactionFrequency': 12.7, 'digitalUsage': 21.7, 'productUsage': 8.0, 'recency': 16.0, 'servicePenalty': 7.0}",2,False,True,False,False,1,1,1,0.0,86.9,9.7,2.0,515.1,42,1500352,609,26,1
CUST-2045,179158.26,207820.21,179158.26,237052.11,0.082,2328.77,15136.98,6.5,1,6,0.562,54.2,At Risk,"{'transactionFrequency': 8.1, 'digitalUsage': 22.4, 'productUsage': 4.0, 'recency': 19.7, 'servicePenalty': 0.0}",1,False,False,False,False,0,0,0,0.0,89.7,7.7,4.5,431.6,51,353702,841,46,0
CUST-2046,200.0,970.83,200.0,7165.37,1.512,2415.68,15701.89,6.5,61,0,-0.633,30.1,Dormant,"{'transactionFrequency': 8.1, 'digitalUsage': 17.9, 'productUsage': 4.0, 'recency': 0.0, 'servicePenalty': 0.0}",1,False,False,False,False,0,0,0,0.0,71.8,3.3,0.5,317.1,42,1374039,753,3,1
CUST-2047,11288.05,4460.26,200.0,33695.64,1.563,2494.28,103096.88,41.33,2,28,-0.162,81.7,Highly Engaged,"{'transactionFrequency': 25.0, 'digitalUsage': 21.4, 'productUsage': 16.0, 'recency': 19.3, 'servicePenalty': 0.0}",4,True,True,True,False,0,0,0,0.0,85.5,7.5,4.2,513.9,34,1165123,677,23,0
CUST-2048,13852.86,24131.9,7198.63,60248.65,0.68,2161.77,16933.84,7.83,50,0,-0.639,36.6,Dormant,"{'transactionFrequency': 9.8, 'digitalUsage': 16.5, 'productUsage': 12.0, 'recency': 3.3, 'servicePenalty': 5.0}",3,True,False,True,False,2,0,1,21.0,66.0,2.7,2.8,538.5,44,250000,735,31,1
CUST-2049,31260.93,58061.98,31260.93,98343.49,0.289,2047.2,33437.57,16.33,2,11,-0.214,61.6,Engaged,"{'transactionFrequency': 20.4, 'digitalUsage': 17.9, 'productUsage': 4.0, 'recency': 19.3, 'servicePenalty': 0.0}",1,False,False,False,False,0,0,0,0.0,71.4,4.2,2.2,485.8,46,571720,667,17,0
CUST-2050,200.0,2079.88,200.0,17851.1,1.172,1932.71,21259.81,11.0,4,2,-0.583,56.2,At Risk,"{'transactionFrequency': 13.8, 'digitalUsage': 20.8, 'productUsage': 8.0, 'recency': 18.7, 'servicePenalty': 5.0}",2,False,False,False,True,1,0,1,0.0,83.3,6.8,2.5,468.3,26,543681,830,3,1
CUST-2051,16558.75,11529.12,200.0,23667.62,0.636,2902.66,22737.54,7.83,36,0,-0.367,44.3,At Risk,"{'transactionFrequency': 9.8, 'digitalUsage': 16.5, 'productUsage': 20.0, 'recency': 8.0, 'servicePenalty': 10.0}",5,True,True,True,True,2,1,2,0.0,66.0,5.3,2.0,530.3,50,608575,586,6,1
CUST-2052,82696.77,130186.76,81653.15,163053.53,0.156,2241.56,35865.03,16.0,1,15,0.042,71.8,Engaged,"{'transactionFrequency': 20.0, 'digitalUsage': 16.1, 'productUsage': 16.0, 'recency': 19.7, 'servicePenalty': 0.0}",4,True,True,False,True,1,0,0,36.0,64.6,3.7,2.5,422.1,47,344405,849,74,0
CUST-2053,200.0,24029.46,200.0,82088.7,1.26,2502.39,51716.11,20.67,1,16,0.211,68.2,Engaged,"{'transactionFrequency': 25.0, 'digitalUsage': 19.6, 'productUsage': 4.0, 'recency': 19.7, 'servicePenalty': 0.0}",1,False,False,False,False,0,0,0,0.0,78.2,4.0,2.2,425.9,25,643243,698,40,0
CUST-2054,200.0,55971.11,200.0,129780.14,0.779,2689.11,42129.38,15.67,1,12,0.462,67.7,Engaged,"{'transactionFrequency': 19.6, 'digitalUsage': 20.5, 'productUsage': 8.0, 'recency': 19.7, 'servicePenalty': 0.0}",2,True,False,False,False,0,0,0,0.0,81.9,6.0,0.3,462.5,41,831614,718,140,0
CUST-2055,2540.88,3682.1,200.0,15320.46,1.118,2154.48,18313.06,8.5,7,2,-0.528,52.5,At Risk,"{'transactionFrequency': 10.6, 'digitalUsage': 16.2, 'productUsage': 8.0, 'recency': 17.7, 'servicePenalty': 0.0}",2,False,False,True,False,0,0,0,0.0,64.7,5.3,1.2,473.8,44,559818,622,7,1
CUST-2056,278147.74,364150.02,276906.3,436493.02,0.122,2404.44,44081.32,18.33,2,15,0.333,80.3,Highly Engaged,"{'transactionFrequency': 22.9, 'digitalUsage': 24.1, 'productUsage': 16.0, 'recency': 19.3, 'servicePenalty': 2.0}",4,False,True,True,True,1,1,0,23.0,96.4,11.3,4.3,474.3,36,269137,667,37,0
CUST-2057,674.24,104404.91,200.0,253477.46,0.796,2559.64,83188.41,32.5,1,24,-0.106,74.7,Engaged,"{'transactionFrequency': 25.0, 'digitalUsage': 18.1, 'productUsage': 12.0, 'recency': 19.7, 'servicePenalty': 0.0}",3,False,True,True,False,0,0,0,0.0,72.3,5.5,0.2,557.0,48,443526,772,90,0
CUST-2058,2800.52,29643.13,200.0,102378.24,1.043,2065.19,58513.81,28.33,2,18,-0.067,73.5,Engaged,"{'transactionFrequency': 25.0, 'digitalUsage': 17.2, 'productUsage': 12.0, 'recency': 19.3, 'servicePenalty': 0.0}",3,False,True,True,False,1,0,0,20.0,68.8,5.7,3.0,417.1,46,938952,797,25,0
CUST-2059,44988.85,65911.36,44988.85,90450.19,0.194,2378.71,42816.75,18.0,3,9,-0.036,73.1,Engaged,"{'transactionFrequency': 22.5, 'digitalUsage': 23.6, 'productUsage': 8.0, 'recency': 19.0, 'servicePenalty': 0.0}",2,True,False,False,False,1,0,0,42.0,94.4,11.3,4.5,480.8,29,775856,755,41,0
CUST-2060,16104.09,55926.8,1008.45,139900.1,0.744,2199.34,39221.64,17.83,3,13,-0.297,63.0,Engaged,"{'transactionFrequency': 22.3, 'digitalUsage': 17.8, 'productUsage': 4.0, 'recency': 19.0, 'servicePenalty': 0.0}",1,False,False,False,False,0,0,0,0.0,71.0,0.3,0.2,343.3,44,348426,668,87,0
CUST-2061,200.0,9066.79,200.0,52396.83,1.526,2160.4,57250.5,26.5,1,19,-0.037,70.3,Engaged,"{'transactionFrequency': 25.0, 'digitalUsage': 17.6, 'productUsage': 8.0, 'recency': 19.7, 'servicePenalty': 0.0}",2,False,True,False,False,0,0,0,0.0,70.4,6.3,2.8,350.8,49,921664,718,30,0
CUST-2062,3457.73,55454.75,200.0,128823.88,0.664,2367.58,50508.42,21.33,1,13,0.031,72.2,Engaged,"{'transactionFrequency': 25.0, 'digitalUsage': 17.6, 'productUsage': 12.0, 'recency': 19.7, 'servicePenalty': 2.0}",3,False,True,True,False,1,1,0,43.0,70.3,6.8,2.3,545.5,21,646080,662,61,0
CUST-2063,107981.54,198376.18,107509.94,295893.29,0.309,2648.31,49435.18,18.67,1,15,-0.034,73.8,Engaged,"{'transactionFrequency': 23.3, 'digitalUsage': 22.8, 'productUsage': 12.0, 'recency': 19.7, 'servicePenalty': 4.0}",3,False,True,True,False,3,2,0,81.3,91.1,10.2,6.2,462.3,30,1248077,782,34,0
CUST-2064,244.49,29926.02,200.0,105770.7,1.022,2458.44,61460.89,25.0,4,15,-0.1,77.8,Engaged,"{'transactionFrequency': 25.0, 'digitalUsage': 22.2, 'productUsage': 12.0, 'recency': 18.7, 'servicePenalty': 0.0}",3,True,False,True,False,0,0,0,0.0,88.7,9.0,6.0,567.9,35,269130,702,15,0
CUST-2065,200.0,35587.69,200.0,89390.03,0.941,2271.06,36715.53,16.17,5,10,-0.322,73.7,Engaged,"{'transactionFrequency': 20.2, 'digitalUsage': 23.2, 'productUsage': 12.0, 'recency': 18.3, 'servicePenalty': 0.0}",3,True,True,False,False,2,0,0,67.5,92.8,8.7,6.0,533.4,37,1049681,694,82,0
CUST-2066,200.0,83549.95,200.0,183709.72,0.613,2724.83,56313.18,20.67,1,14,-0.062,74.0,Engaged,"{'transactionFrequency': 25.0, 'digitalUsage': 19.4, 'productUsage': 12.0, 'recency': 19.7, 'servicePenalty': 2.0}",3,False,True,False,True,2,1,0,40.0,77.4,5.2,2.0,334.5,22,915941,625,73,0
CUST-2067,481.15,29941.91,200.0,72331.58,0.786,2390.14,46607.64,19.5,5,18,0.479,67.4,Engaged,"{'transactionFrequency': 24.4, 'digitalUsage': 16.7, 'productUsage': 8.0, 'recency': 18.3, 'servicePenalty': 0.0}",2,True,False,False,False,0,0,0,0.0,66.7,4.8,2.2,401.5,44,795813,782,28,0
CUST-2068,1487.62,42086.84,1487.62,75561.35,0.478,2306.86,21530.66,9.33,1,10,0.0,65.2,Engaged,"{'transactionFrequency': 11.7, 'digitalUsage': 21.9, 'productUsage': 12.0, 'recency': 19.7, 'servicePenalty': 0.0}",3,True,True,False,False,0,0,0,0.0,87.5,10.8,5.8,510.4,36,250000,781,3,0
CUST-2069,200.0,1751.27,200.0,7028.84,1.29,2183.25,10916.24,5.0,61,0,-0.609,30.1,Dormant,"{'transactionFrequency': 6.2, 'digitalUsage': 15.8, 'productUsage': 8.0, 'recency': 0.0, 'servicePenalty': 0.0}",2,True,False,False,False,0,0,0,0.0,63.3,6.5,4.2,586.5,49,2738139,732,3,1
CUST-2070,1711.08,8607.01,200.0,40454.74,1.378,2457.76,61034.45,24.83,1,22,-0.064,79.8,Engaged,"{'transactionFrequency': 25.0, 'digitalUsage': 23.1, 'productUsage': 12.0, 'recency': 19.7, 'servicePenalty': 0.0}",3,True,True,False,False,1,0,0,82.0,92.6,12.2,4.5,479.4,21,369343,807,22,0
CUST-2071,14634.71,63034.92,14634.71,116995.58,0.383,2560.45,39260.23,15.33,1,12,0.089,70.8,Engaged,"{'transactionFrequency': 19.2, 'digitalUsage': 23.9, 'productUsage': 8.0, 'recency': 19.7, 'servicePenalty': 0.0}",2,True,False,False,False,0,0,0,0.0,95.7,6.0,2.3,517.5,37,250000,707,8,0
CUST-2072,5358.49,17524.82,200.0,46935.25,0.899,2604.69,42977.46,16.5,2,12,-0.02,67.4,Engaged,"{'transactionFrequency': 20.6, 'digitalUsage': 15.4, 'productUsage': 12.0, 'recency': 19.3, 'servicePenalty': 0.0}",3,False,False,True,True,0,0,0,0.0,61.6,2.7,2.3,444.5,33,580582,516,44,0
CUST-2073,745281.26,834453.39,745281.26,917898.9,0.071,2526.0,62729.04,24.83,5,13,-0.181,76.0,Engaged,"{'transactionFrequency': 25.0, 'digitalUsage': 18.6, 'productUsage': 16.0, 'recency': 18.3, 'servicePenalty': 2.0}",4,True,True,True,False,2,1,0,41.0,74.5,6.2,3.0,547.8,21,1400304,667,62,0
CUST-2074,200.0,833.14,200.0,8248.68,1.761,2453.79,13904.8,5.67,7,1,-0.286,49.4,At Risk,"{'transactionFrequency': 7.1, 'digitalUsage': 20.6, 'productUsage': 4.0, 'recency': 17.7, 'servicePenalty': 0.0}",1,False,False,False,False,0,0,0,0.0,82.4,3.3,2.8,503.7,34,371150,640,8,1
CUST-2075,2843.93,25969.4,200.0,70454.98,0.905,2250.8,42765.14,19.0,2,13,-0.098,73.9,Engaged,"{'transactionFrequency': 23.8, 'digitalUsage': 18.9, 'productUsage': 12.0, 'recency': 19.3, 'servicePenalty': 0.0}",3,False,True,True,False,0,0,0,0.0,75.4,5.2,1.2,478.8,25,585769,623,18,0
CUST-2076,149300.79,170568.02,140942.22,198205.76,0.084,2280.78,21287.26,9.33,1,12,0.522,58.1,At Risk,"{'transactionFrequency': 11.7, 'digitalUsage': 18.8, 'productUsage': 8.0, 'recency': 19.7, 'servicePenalty': 0.0}",2,False,True,False,False,0,0,0,0.0,75.0,5.7,4.7,449.1,35,250000,609,15,0
CUST-2077,839.99,66983.07,839.99,131990.36,0.534,2535.59,47331.04,18.67,1,12,0.073,70.0,Engaged,"{'transactionFrequency': 23.3, 'digitalUsage': 19.0, 'productUsage': 8.0, 'recency': 19.7, 'servicePenalty': 0.0}",2,True,False,False,False,0,0,0,0.0,75.9,5.2,1.2,449.1,38,344672,749,32,0
CUST-2078,977.35,18010.35,200.0,78864.59,1.571,2244.12,36279.89,16.17,5,12,0.475,69.1,Engaged,"{'transactionFrequency': 20.2, 'digitalUsage': 18.6, 'productUsage': 12.0, 'recency': 18.3, 'servicePenalty': 0.0}",3,True,False,True,False,0,0,0,0.0,74.2,4.8,1.8,500.7,50,411119,633,7,0
CUST-2079,83426.15,117712.7,81690.34,128630.33,0.088,2333.9,22172.0,9.5,1,11,0.269,54.9,At Risk,"{'transactionFrequency': 11.9, 'digitalUsage': 15.3, 'productUsage': 8.0, 'recency': 19.7, 'servicePenalty': 0.0}",2,False,True,False,False,0,0,0,0.0,61.4,0.0,0.8,524.5,43,908446,628,42,0
CUST-2080,200.0,2010.4,200.0,10572.52,1.346,2550.07,21675.59,8.5,19,2,-0.486,44.0,At Risk,"{'transactionFrequency': 10.6, 'digitalUsage': 15.7, 'productUsage': 4.0, 'recency': 13.7, 'servicePenalty': 0.0}",1,False,False,False,False,0,0,0,0.0,62.7,1.7,0.7,545.0,60,433192,705,10,1
CUST-2081,577435.0,658812.28,577435.0,695124.95,0.051,2726.47,46804.44,17.17,1,12,0.1,76.4,Engaged,"{'transactionFrequency': 21.5, 'digitalUsage': 23.3, 'productUsage': 12.0, 'recency': 19.7, 'servicePenalty': 0.0}",3,True,True,False,False,0,0,0,0.0,93.2,8.7,3.7,515.7,51,250000,714,4,0
CUST-2082,447545.54,477730.46,440764.0,546604.1,0.065,2136.27,40945.13,19.17,2,13,0.017,70.5,Engaged,"{'transactionFrequency': 24.0, 'digitalUsage': 15.2, 'productUsage': 12.0, 'recency': 19.3, 'servicePenalty': 0.0}",3,False,True,True,False,0,0,0,0.0,60.9,5.8,0.8,404.9,23,921636,715,36,0
CUST-2083,200.0,8045.42,200.0,26047.87,0.968,2637.94,32094.88,12.17,5,2,-0.558,50.0,At Risk,"{'transactionFrequency': 15.2, 'digitalUsage': 18.5, 'productUsage': 8.0, 'recency': 18.3, 'servicePenalty': 10.0}",2,False,True,False,False,2,1,2,0.0,74.0,1.7,1.0,446.5,38,2684636,765,18,1
CUST-2084,101838.13,150888.87,99351.5,216468.24,0.221,2100.06,35701.02,17.0,1,11,0.167,76.8,Engaged,"{'transactionFrequency': 21.2, 'digitalUsage': 19.9, 'productUsage': 16.0, 'recency': 19.7, 'servicePenalty': 0.0}",4,True,True,True,False,1,0,0,50.0,79.4,7.3,2.3,480.8,45,596670,619,49,0
CUST-2085,324257.72,359641.32,311753.37,427953.76,0.078,2590.07,56981.54,22.0,1,13,-0.029,73.9,Engaged,"{'transactionFrequency': 25.0, 'digitalUsage': 21.2, 'productUsage': 8.0, 'recency': 19.7, 'servicePenalty': 0.0}",2,False,False,True,False,0,0,0,0.0,84.8,8.5,2.5,427.6,49,2500649,617,39,0
CUST-2086,10503.59,7584.28,200.0,35239.43,1.075,2428.29,23878.15,9.83,61,0,-0.614,38.2,Dormant,"{'transactionFrequency': 12.3, 'digitalUsage': 19.9, 'productUsage': 8.0, 'recency': 0.0, 'servicePenalty': 2.0}",2,False,False,False,True,1,1,0,14.0,79.7,6.7,1.0,433.2,43,400151,666,22,1
CUST-2087,2464.29,3909.81,200.0,13266.05,1.109,2089.09,21935.4,10.5,4,6,0.031,60.9,Engaged,"{'transactionFrequency': 13.1, 'digitalUsage': 17.1, 'productUsage': 12.0, 'recency': 18.7, 'servicePenalty': 0.0}",3,True,True,False,False,1,0,0,55.0,68.3,6.2,3.3,442.2,25,250000,684,38,0
CUST-2088,13521.27,42753.36,200.0,100125.07,0.93,2648.64,41936.73,15.83,1,14,0.021,67.7,Engaged,"{'transactionFrequency': 19.8, 'digitalUsage': 20.3, 'productUsage': 8.0, 'recency': 19.7, 'servicePenalty': 0.0}",2,True,False,False,False,0,0,0,0.0,81.1,8.2,5.8,562.2,34,876308,744,15,0
CUST-2089,10465.24,5113.41,200.0,26935.31,1.412,2758.67,45518.1,16.5,1,12,0.59,65.9,Engaged,"{'transactionFrequency': 20.6, 'digitalUsage': 13.6, 'productUsage': 12.0, 'recency': 19.7, 'servicePenalty': 0.0}",3,True,True,False,False,0,0,0,0.0,54.5,1.7,1.2,408.3,47,560672,704,16,0
CUST-2090,435075.01,485930.62,435075.01,519816.3,0.05,3093.56,25264.04,8.17,4,6,0.429,53.3,At Risk,"{'transactionFrequency': 10.2, 'digitalUsage': 22.4, 'productUsage': 4.0, 'recency': 18.7, 'servicePenalty': 2.0}",1,False,False,False,False,1,1,0,71.0,89.8,7.7,3.8,558.6,44,1170082,773,84,0
CUST-2091,200.0,33923.07,200.0,69472.29,0.767,2156.81,25522.22,11.83,1,10,-0.175,67.0,Engaged,"{'transactionFrequency': 14.8, 'digitalUsage': 22.5, 'productUsage': 12.0, 'recency': 19.7, 'servicePenalty': 2.0}",3,True,False,False,True,3,1,0,36.3,90.1,11.8,6.5,520.8,25,633408,700,3,0
CUST-2092,235564.66,261678.88,217649.66,338813.04,0.126,2379.68,35695.23,15.0,1,9,-0.16,77.5,Engaged,"{'transactionFrequency': 18.8, 'digitalUsage': 23.1, 'productUsage': 16.0, 'recency': 19.7, 'servicePenalty': 0.0}",4,False,True,True,True,0,0,0,0.0,92.2,13.7,3.3,496.8,44,633086,684,14,0
CUST-2093,5737.22,22648.96,200.0,77210.36,1.068,2428.2,40874.7,16.83,3,14,-0.057,67.9,Engaged,"{'transactionFrequency': 21.0, 'digitalUsage': 15.8, 'productUsage': 12.0, 'recency': 19.0, 'servicePenalty': 0.0}",3,True,False,True,False,0,0,0,0.0,63.4,4.3,0.5,423.9,36,1190589,757,92,0
CUST-2094,33114.54,117488.7,33114.54,189763.43,0.391,2756.15,33533.18,12.17,3,10,0.206,62.1,Engaged,"{'transactionFrequency': 15.2, 'digitalUsage': 19.9, 'productUsage': 8.0, 'recency': 19.0, 'servicePenalty': 0.0}",2,False,True,False,False,0,0,0,0.0,79.5,2.7,1.7,524.2,55,590706,732,24,0
CUST-2095,200.0,40265.05,200.0,97762.54,0.678,2495.86,32030.25,12.83,4,11,0.026,57.5,At Risk,"{'transactionFrequency': 16.0, 'digitalUsage': 18.8, 'productUsage': 4.0, 'recency': 18.7, 'servicePenalty': 0.0}",1,False,False,False,False,1,0,0,40.0,75.3,5.0,1.5,540.8,53,530665,811,59,0
CUST-2096,200.0,689.95,200.0,6937.04,2.023,2575.69,28332.63,11.0,16,1,-0.341,43.4,At Risk,"{'transactionFrequency': 13.8, 'digitalUsage': 14.0, 'productUsage': 8.0, 'recency': 14.7, 'servicePenalty': 7.0}",2,False,True,False,False,1,1,1,0.0,56.1,0.7,0.0,552.0,42,1424210,610,40,1
CUST-2097,200.0,9345.49,200.0,47478.98,1.432,2618.55,62408.84,23.83,1,16,-0.067,74.3,Engaged,"{'transactionFrequency': 25.0, 'digitalUsage': 21.7, 'productUsage': 8.0, 'recency': 19.7, 'servicePenalty': 0.0}",2,False,False,False,True,0,0,0,0.0,86.7,10.5,4.2,515.3,42,582606,677,59,0
CUST-2098,67725.04,117441.86,67725.04,145201.58,0.191,2494.9,31602.0,12.67,2,8,0.229,60.8,Engaged,"{'transactionFrequency': 15.8, 'digitalUsage': 23.7, 'productUsage': 4.0, 'recency': 19.3, 'servicePenalty': 2.0}",1,False,False,False,False,2,1,0,42.0,94.7,10.7,6.3,517.6,37,271366,781,28,0
CUST-2099,200.0,22171.57,200.0,83095.76,0.937,2264.08,41130.75,18.17,5,11,-0.266,79.1,Engaged,"{'transactionFrequency': 22.7, 'digitalUsage': 22.0, 'productUsage': 16.0, 'recency': 18.3, 'servicePenalty': 0.0}",4,True,True,False,True,0,0,0,0.0,88.1,7.0,4.8,453.3,31,250000,708,13,0
CUST-2100,200.0,20308.84,200.0,78943.51,1.181,2531.75,47681.36,18.83,4,11,-0.017,68.4,Engaged,"{'transactionFrequency': 23.5, 'digitalUsage': 18.1, 'productUsage': 8.0, 'recency': 18.7, 'servicePenalty': 0.0}",2,False,False,False,True,0,0,0,0.0,72.6,7.2,0.2,469.7,25,319998,635,73,0
CUST-2101,200.0,5684.61,200.0,24356.71,1.143,2784.86,51055.68,18.33,4,14,0.435,70.0,Engaged,"{'transactionFrequency': 22.9, 'digitalUsage': 20.4, 'productUsage': 8.0, 'recency': 18.7, 'servicePenalty': 0.0}",2,False,False,False,True,0,0,0,0.0,81.8,7.5,4.5,471.9,35,669464,671,52,0
CUST-2102,8541.37,14282.45,200.0,24078.26,0.409,3075.64,17428.64,5.67,19,1,-0.714,43.3,At Risk,"{'transactionFrequency': 7.1, 'digitalUsage': 23.5, 'productUsage': 4.0, 'recency': 13.7, 'servicePenalty': 5.0}",1,False,False,False,False,2,0,1,83.0,94.1,8.2,3.7,477.3,33,807510,708,4,1
CUST-2103,200.0,16181.33,200.0,45602.37,0.913,2737.16,27827.83,10.17,32,0,-0.425,40.3,At Risk,"{'transactionFrequency': 12.7, 'digitalUsage': 17.2, 'productUsage': 8.0, 'recency': 9.3, 'servicePenalty': 7.0}",2,True,False,False,False,1,1,1,0.0,68.9,4.5,3.5,523.1,28,250000,732,29,1
CUST-2104,461.28,17333.97,200.0,67419.67,1.021,2286.28,35056.27,15.33,6,8,0.043,67.6,Engaged,"{'transactionFrequency': 19.2, 'digitalUsage': 18.5, 'productUsage': 12.0, 'recency': 18.0, 'servicePenalty': 0.0}",3,True,False,True,False,0,0,0,0.0,73.9,8.5,3.8,471.7,21,391596,711,3,0
CUST-2105,200.0,2523.27,200.0,15656.54,1.591,2440.47,26438.47,10.83,6,1,-0.66,51.0,At Risk,"{'transactionFrequency': 13.5, 'digitalUsage': 18.4, 'productUsage': 8.0, 'recency': 18.0, 'servicePenalty': 7.0}",2,True,False,False,False,1,1,1,0.0,73.8,4.5,1.7,492.9,32,971767,741,13,1
CUST-2106,3102.3,3672.39,200.0,26692.53,1.441,2306.58,24219.13,10.5,2,9,0.031,61.5,Engaged,"{'transactionFrequency': 13.1, 'digitalUsage': 21.0, 'productUsage': 8.0, 'recency': 19.3, 'servicePenalty': 0.0}",2,False,True,False,False,1,0,0,35.0,84.1,8.2,4.3,534.7,42,1431887,685,19,0
CUST-2107,238959.14,299829.08,232094.44,380543.34,0.156,2423.89,52517.65,21.67,2,18,-0.141,73.1,Engaged,"{'transactionFrequency': 25.0, 'digitalUsage': 20.8, 'productUsage': 8.0, 'recency': 19.3, 'servicePenalty': 0.0}",2,True,False,False,False,0,0,0,0.0,83.1,5.5,2.8,505.5,30,469961,801,79,0
CUST-2108,4852.71,3533.75,200.0,23110.35,1.629,2463.86,54204.92,22.0,3,13,-0.113,76.1,Engaged,"{'transactionFrequency': 25.0, 'digitalUsage': 20.1, 'productUsage': 12.0, 'recency': 19.0, 'servicePenalty': 0.0}",3,False,True,False,True,0,0,0,0.0,80.3,5.8,1.7,482.1,35,1816274,701,55,0
CUST-2109,16579.07,6300.13,200.0,26760.84,1.152,2658.5,37662.09,14.17,1,8,-0.294,63.6,Engaged,"{'transactionFrequency': 17.7, 'digitalUsage': 18.2, 'productUsage': 8.0, 'recency': 19.7, 'servicePenalty': 0.0}",2,False,False,False,True,0,0,0,0.0,72.9,4.8,3.2,446.5,37,364000,615,49,0
CUST-2110,200.0,29876.49,200.0,86893.73,1.115,2736.05,50161.0,18.33,1,15,-0.102,76.4,Engaged,"{'transactionFrequency': 22.9, 'digitalUsage': 21.8, 'productUsage': 12.0, 'recency': 19.7, 'servicePenalty': 0.0}",3,False,False,True,True,0,0,0,0.0,87.3,11.7,4.0,473.7,35,250000,730,5,0
CUST-2111,7144.33,49604.43,7144.33,91334.05,0.581,2138.34,25303.69,11.83,5,7,-0.175,60.1,Engaged,"{'transactionFrequency': 14.8, 'digitalUsage': 19.0, 'productUsage': 8.0, 'recency': 18.3, 'servicePenalty': 0.0}",2,True,False,False,False,0,0,0,0.0,76.1,11.2,2.2,529.0,21,678772,748,19,0
CUST-2112,337.04,4342.66,200.0,32335.02,1.43,2340.58,31207.75,13.33,1,8,-0.048,62.4,Engaged,"{'transactionFrequency': 16.7, 'digitalUsage': 14.1, 'productUsage': 12.0, 'recency': 19.7, 'servicePenalty': 0.0}",3,True,True,False,False,0,0,0,0.0,56.2,3.8,0.8,480.2,23,733609,712,97,0
CUST-2113,30294.87,102852.32,30294.87,215495.93,0.521,2760.81,62578.3,22.67,1,15,-0.184,75.6,Engaged,"{'transactionFrequency': 25.0, 'digitalUsage': 23.0, 'productUsage': 8.0, 'recency': 19.7, 'servicePenalty': 0.0}",2,True,False,False,False,0,0,0,0.0,91.9,9.8,1.7,456.7,38,250000,612,28,0
CUST-2114,5713.79,21459.69,200.0,73725.2,1.124,1985.36,34743.76,17.5,3,7,-0.274,74.0,Engaged,"{'transactionFrequency': 21.9, 'digitalUsage': 23.1, 'productUsage': 12.0, 'recency': 19.0, 'servicePenalty': 2.0}",3,True,True,False,False,1,1,0,100.0,92.4,11.5,7.3,524.2,34,742830,727,3,0
CUST-2115,186711.61,207390.72,182943.62,228247.8,0.065,2629.96,18848.04,7.17,3,4,-0.269,48.2,At Risk,"{'transactionFrequency': 9.0, 'digitalUsage': 16.3, 'productUsage': 4.0, 'recency': 19.0, 'servicePenalty': 0.0}",1,False,False,False,False,0,0,0,0.0,65.1,3.8,1.2,499.2,30,455910,646,17,0
CUST-2116,200.0,35139.82,200.0,71765.41,0.779,2475.2,23514.37,9.5,6,9,0.36,61.6,Engaged,"{'transactionFrequency': 11.9, 'digitalUsage': 19.7, 'productUsage': 12.0, 'recency': 18.0, 'servicePenalty': 0.0}",3,True,True,False,False,0,0,0,0.0,78.9,10.0,2.0,515.1,36,362162,751,11,0
CUST-2117,205451.75,261666.88,204776.94,332949.75,0.14,2064.12,36810.1,17.83,1,14,0.057,75.7,Engaged,"{'transactionFrequency': 22.3, 'digitalUsage': 21.7, 'productUsage': 12.0, 'recency': 19.7, 'servicePenalty': 0.0}",3,True,True,False,False,0,0,0,0.0,86.9,8.8,4.8,436.3,43,393304,748,14,0
CUST-2118,4156.37,13823.86,200.0,78463.73,1.582,2310.3,56217.39,24.33,2,18,-0.053,78.8,Engaged,"{'transactionFrequency': 25.0, 'digitalUsage': 22.4, 'productUsage': 12.0, 'recency': 19.3, 'servicePenalty': 0.0}",3,True,False,True,False,0,0,0,0.0,89.7,8.7,3.3,408.4,39,1665382,720,13,0
CUST-2119,5021.85,30125.2,3874.64,60145.41,0.717,2320.71,22046.78,9.5,5,4,-0.033,58.0,At Risk,"{'transactionFrequency': 11.9, 'digitalUsage': 15.8, 'productUsage': 12.0, 'recency': 18.3, 'servicePenalty': 0.0}",3,True,False,True,False,1,0,0,16.0,63.2,3.5,2.2,486.4,66,250000,715,6,0
CUST-2120,39407.11,54636.22,31547.13,92604.85,0.273,2085.76,14252.7,6.83,6,5,-0.208,47.6,At Risk,"{'transactionFrequency': 8.5, 'digitalUsage': 17.1, 'productUsage': 4.0, 'recency': 18.0, 'servicePenalty': 0.0}",1,False,False,False,False,0,0,0,0.0,68.3,10.2,2.3,517.2,68,1025134,678,71,0
CUST-2121,203093.58,301942.26,203093.58,381912.04,0.175,2228.62,57201.17,25.67,3,20,0.053,79.0,Engaged,"{'transactionFrequency': 25.0, 'digitalUsage': 23.1, 'productUsage': 12.0, 'recency': 19.0, 'servicePenalty': 0.0}",3,True,False,True,False,0,0,0,0.0,92.2,9.5,3.8,453.1,21,250000,762,3,0
CUST-2122,4306.1,13655.88,200.0,52851.17,1.186,2434.4,30429.97,12.5,1,5,-0.209,61.3,Engaged,"{'transactionFrequency': 15.6, 'digitalUsage': 18.0, 'productUsage': 8.0, 'recency': 19.7, 'servicePenalty': 0.0}",2,False,False,True,False,0,0,0,0.0,72.0,8.2,3.3,481.8,44,619644,757,7,0
CUST-2123,200.0,9817.85,200.0,58066.23,1.549,2575.94,94451.06,36.67,2,25,-0.086,77.8,Engaged,"{'transactionFrequency': 25.0, 'digitalUsage': 17.5, 'productUsage': 16.0, 'recency': 19.3, 'servicePenalty': 0.0}",4,True,True,False,True,0,0,0,0.0,70.0,4.2,0.8,561.4,30,489795,784,57,0
CUST-2124,5722.45,72675.54,5722.45,139812.6,0.515,2443.8,55800.15,22.83,1,14,0.106,72.7,Engaged,"{'transactionFrequency': 25.0, 'digitalUsage': 18.1, 'productUsage': 16.0, 'recency': 19.7, 'servicePenalty': 6.0}",4,True,True,True,False,3,3,0,50.0,72.3,6.5,1.5,446.6,51,292969,850,105,0
CUST-2125,29831.1,106623.39,27282.13,176254.61,0.376,2326.25,43035.69,18.5,3,13,-0.018,77.3,Engaged,"{'transactionFrequency': 23.1, 'digitalUsage': 23.2, 'productUsage': 12.0, 'recency': 19.0, 'servicePenalty': 0.0}",3,True,False,True,False,0,0,0,0.0,92.8,8.3,6.5,441.1,35,426768,710,3,0
CUST-2126,3098.15,2430.8,200.0,23838.8,1.635,2492.94,33239.22,13.33,1,6,0.0,57.8,At Risk,"{'transactionFrequency': 16.7, 'digitalUsage': 13.4, 'productUsage': 8.0, 'recency': 19.7, 'servicePenalty': 0.0}",2,False,False,False,True,0,0,0,0.0,53.7,3.5,0.3,579.6,45,1263169,695,70,0
CUST-2127,242998.9,304562.12,239837.69,366277.62,0.121,2672.84,46329.18,17.33,6,10,-0.037,70.7,Engaged,"{'transactionFrequency': 21.7, 'digitalUsage': 17.1, 'productUsage': 16.0, 'recency': 18.0, 'servicePenalty': 2.0}",4,True,False,True,True,1,1,0,116.0,68.3,5.0,1.5,489.1,58,1679472,821,67,0
CUST-2128,161726.24,200483.21,161726.24,242185.69,0.073,2358.34,48739.06,20.67,2,14,0.066,78.7,Engaged,"{'transactionFrequency': 25.0, 'digitalUsage': 18.4, 'productUsage': 16.0, 'recency': 19.3, 'servicePenalty': 0.0}",4,True,False,True,True,0,0,0,0.0,73.4,4.5,1.3,455.9,50,528844,763,9,0
CUST-2129,200.0,1584.48,200.0,14298.65,1.617,2449.89,40423.14,16.5,7,3,-0.536,68.0,Engaged,"{'transactionFrequency': 20.6, 'digitalUsage': 20.7, 'productUsage': 16.0, 'recency': 17.7, 'servicePenalty': 7.0}",4,False,True,True,True,2,1,1,28.0,82.8,4.2,1.2,481.1,21,278423,634,8,1
CUST-2130,3124.65,13403.74,200.0,75721.94,1.666,2296.19,66972.13,29.17,1,21,-0.033,73.5,Engaged,"{'transactionFrequency': 25.0, 'digitalUsage': 16.9, 'productUsage': 12.0, 'recency': 19.7, 'servicePenalty': 0.0}",3,True,False,True,False,0,0,0,0.0,67.4,4.0,1.8,509.4,42,250000,696,40,0
CUST-2131,15906.66,1865.83,200.0,15906.66,1.336,2576.08,40787.89,15.83,1,14,-0.06,66.4,Engaged,"{'transactionFrequency': 19.8, 'digitalUsage': 18.9, 'productUsage': 8.0, 'recency': 19.7, 'servicePenalty': 0.0}",2,False,False,True,False,0,0,0,0.0,75.8,6.5,4.0,492.4,33,1837977,670,21,0
CUST-2132,5157.6,36751.89,200.0,84567.34,0.809,2105.68,37551.35,17.83,1,15,0.18,77.6,Engaged,"{'transactionFrequency': 22.3, 'digitalUsage': 19.6, 'productUsage': 16.0, 'recency': 19.7, 'servicePenalty': 0.0}",4,True,False,True,True,0,0,0,0.0,78.5,6.5,2.5,499.5,49,250000,729,37,0
CUST-2133,200.0,18253.72,200.0,51220.34,1.066,2446.06,28945.05,11.83,1,8,0.086,71.2,Engaged,"{'transactionFrequency': 14.8, 'digitalUsage': 20.8, 'productUsage': 16.0, 'recency': 19.7, 'servicePenalty': 0.0}",4,True,True,True,False,1,0,0,46.0,83.1,4.7,3.2,475.6,21,250000,709,16,0
CUST-2134,200.0,4380.43,200.0,36206.18,1.859,2250.28,69758.82,31.0,3,21,0.0,74.6,Engaged,"{'transactionFrequency': 25.0, 'digitalUsage': 22.6, 'productUsage': 8.0, 'recency': 19.0, 'servicePenalty': 0.0}",2,True,False,False,False,0,0,0,0.0,90.3,5.3,3.5,495.7,32,541590,681,15,0
CUST-2135,17998.41,23066.01,15403.03,40867.59,0.314,2283.03,20166.76,8.83,28,1,-0.625,45.1,At Risk,"{'transactionFrequency': 11.0, 'digitalUsage': 19.4, 'productUsage': 4.0, 'recency': 10.7, 'servicePenalty': 0.0}",1,False,False,False,False,0,0,0,0.0,77.4,7.3,1.2,483.8,25,519058,730,6,1
CUST-2136,314878.09,400416.0,313177.32,455337.0,0.09,2840.19,71951.47,25.33,1,20,-0.122,69.2,Engaged,"{'transactionFrequency': 25.0, 'digitalUsage': 20.6, 'productUsage': 8.0, 'recency': 19.7, 'servicePenalty': 4.0}",2,True,False,False,False,2,2,0,103.5,82.2,5.8,2.8,525.8,21,621601,758,140,0
CUST-2137,6079.53,7377.9,200.0,32693.93,1.2,1872.52,25903.21,13.83,2,9,0.179,70.4,Engaged,"{'transactionFrequency': 17.3, 'digitalUsage': 23.8, 'productUsage': 12.0, 'recency': 19.3, 'servicePenalty': 2.0}",3,True,False,True,False,1,1,0,12.0,95.2,13.0,5.0,508.0,25,507230,817,67,0
CUST-2138,21500.95,96531.98,19681.88,155026.75,0.437,2283.34,37675.16,16.5,1,12,0.405,65.5,Engaged,"{'transactionFrequency': 20.6, 'digitalUsage': 17.2, 'productUsage': 8.0, 'recency': 19.7, 'servicePenalty': 0.0}",2,False,False,False,True,2,0,0,74.5,68.7,5.8,3.8,413.6,47,884081,614,119,0
CUST-2139,2189.08,12681.94,200.0,43928.06,1.116,2525.7,19363.74,7.67,54,0,-0.286,41.0,At Risk,"{'transactionFrequency': 9.6, 'digitalUsage': 17.4, 'productUsage': 12.0, 'recency': 2.0, 'servicePenalty': 0.0}",3,False,False,True,True,0,0,0,0.0,69.6,2.7,0.3,451.3,58,1344084,663,9,1
CUST-2140,12933.7,32524.21,12933.7,52403.26,0.357,2487.77,24048.43,9.67,15,1,-0.286,43.2,At Risk,"{'transactionFrequency': 12.1, 'digitalUsage': 15.1, 'productUsage': 8.0, 'recency': 15.0, 'servicePenalty': 7.0}",2,False,False,True,False,1,1,1,0.0,60.3,1.7,0.0,579.0,49,852298,744,36,1
CUST-2141,169753.67,260139.25,167692.76,357870.81,0.24,2535.0,51545.08,20.33,2,12,0.067,71.0,Engaged,"{'transactionFrequency': 25.0, 'digitalUsage': 18.6, 'productUsage': 8.0, 'recency': 19.3, 'servicePenalty': 0.0}",2,False,True,False,False,0,0,0,0.0,74.6,7.5,2.5,517.4,41,843357,782,7,0
CUST-2142,200.0,6865.69,200.0,29055.27,1.258,2589.32,46176.25,17.83,1,18,0.096,71.5,Engaged,"{'transactionFrequency': 22.3, 'digitalUsage': 21.5, 'productUsage': 8.0, 'recency': 19.7, 'servicePenalty': 0.0}",2,False,True,False,False,0,0,0,0.0,86.0,9.2,2.5,400.6,33,250000,718,17,0
CUST-2143,17999.27,83252.89,17877.08,140490.08,0.449,2350.37,50924.67,21.67,2,19,-0.03,74.2,Engaged,"{'transactionFrequency': 25.0, 'digitalUsage': 17.9, 'productUsage': 12.0, 'recency': 19.3, 'servicePenalty': 0.0}",3,False,True,False,True,0,0,0,0.0,71.5,2.7,2.8,406.5,50,434350,752,64,0
CUST-2144,200.0,1245.63,200.0,7739.46,1.599,2792.46,19547.22,7.0,28,1,-0.429,43.7,At Risk,"{'transactionFrequency': 8.8, 'digitalUsage': 20.2, 'productUsage': 4.0, 'recency': 10.7, 'servicePenalty': 0.0}",1,False,False,False,False,0,0,0,0.0,81.0,6.0,3.0,506.8,25,250000,761,7,1
CUST-2145,200.0,5772.07,200.0,34875.86,1.763,2814.3,43621.67,15.5,1,12,0.159,67.2,Engaged,"{'transactionFrequency': 19.4, 'digitalUsage': 20.1, 'productUsage': 8.0, 'recency': 19.7, 'servicePenalty': 0.0}",2,False,False,False,True,0,0,0,0.0,80.6,6.0,5.5,591.7,42,934221,690,25,0
CUST-2146,7570.82,4552.13,200.0,17256.2,0.939,2264.3,23775.12,10.5,35,0,-0.587,40.3,At Risk,"{'transactionFrequency': 13.1, 'digitalUsage': 17.9, 'productUsage': 8.0, 'recency': 8.3, 'servicePenalty': 7.0}",2,False,False,True,False,1,1,1,0.0,71.4,4.8,2.0,475.9,30,1768631,712,6,1
CUST-2147,200.0,17015.56,200.0,47435.59,0.855,2742.78,37484.7,13.67,2,13,0.471,75.9,Engaged,"{'transactionFrequency': 17.1, 'digitalUsage': 23.5, 'productUsage': 16.0, 'recency': 19.3, 'servicePenalty': 0.0}",4,True,True,False,True,0,0,0,0.0,93.9,7.7,3.3,486.8,41,593888,850,3,0
CUST-2148,34237.47,81164.28,21784.97,138074.97,0.404,2360.29,41698.45,17.67,4,16,-0.2,67.0,Engaged,"{'transactionFrequency': 22.1, 'digitalUsage': 20.3, 'productUsage': 8.0, 'recency': 18.7, 'servicePenalty': 2.0}",2,False,False,True,False,3,1,0,58.3,81.1,5.0,1.7,432.0,40,902261,725,3,0
CUST-2149,200.0,558.6,200.0,7965.77,1.897,2405.72,12830.53,5.33,28,1,-0.786,35.6,Dormant,"{'transactionFrequency': 6.7, 'digitalUsage': 20.3, 'productUsage': 8.0, 'recency': 10.7, 'servicePenalty': 10.0}",2,False,False,True,False,4,2,3,28.0,81.2,4.8,1.8,522.3,33,584284,670,68,1
CUST-2150,14502.09,5139.94,200.0,14502.09,1.017,2724.22,34960.82,12.83,13,3,-0.638,58.4,At Risk,"{'transactionFrequency': 16.0, 'digitalUsage': 22.7, 'productUsage': 4.0, 'recency': 15.7, 'servicePenalty': 0.0}",1,False,False,False,False,0,0,0,0.0,90.9,2.2,2.2,454.3,35,250000,724,4,1
CUST-2151,200.0,29616.53,200.0,89415.27,0.975,2665.3,33316.3,12.5,2,6,-0.167,73.3,Engaged,"{'transactionFrequency': 15.6, 'digitalUsage': 22.3, 'productUsage': 16.0, 'recency': 19.3, 'servicePenalty': 0.0}",4,True,True,True,False,0,0,0,0.0,89.3,10.3,4.3,499.6,21,377755,727,27,0
CUST-2152,200.0,22054.27,200.0,66899.87,1.09,2292.81,34392.21,15.0,1,10,0.091,67.0,Engaged,"{'transactionFrequency': 18.8, 'digitalUsage': 18.6, 'productUsage': 12.0, 'recency': 19.7, 'servicePenalty': 2.0}",3,False,True,True,False,2,1,0,46.0,74.4,5.3,4.0,551.4,21,501072,665,83,0
CUST-2153,200.0,42447.3,200.0,103016.52,0.866,2661.0,31488.55,11.83,16,1,-0.596,54.7,At Risk,"{'transactionFrequency': 14.8, 'digitalUsage': 17.2, 'productUsage': 8.0, 'recency': 14.7, 'servicePenalty': 0.0}",2,True,False,False,False,0,0,0,0.0,69.0,4.8,1.2,601.8,25,293863,550,3,1
CUST-2154,2893.97,33298.49,2893.97,73210.82,0.851,2511.09,18833.17,7.5,34,0,-0.576,42.6,At Risk,"{'transactionFrequency': 9.4, 'digitalUsage': 20.6, 'productUsage': 4.0, 'recency': 8.7, 'servicePenalty': 0.0}",1,False,False,False,False,0,0,0,0.0,82.2,7.2,5.2,569.8,47,350352,658,15,1
CUST-2155,31130.43,81808.28,30017.99,127769.69,0.38,2244.52,29926.92,13.33,4,9,0.562,69.5,Engaged,"{'transactionFrequency': 16.7, 'digitalUsage': 22.2, 'productUsage': 12.0, 'recency': 18.7, 'servicePenalty': 0.0}",3,True,False,True,False,0,0,0,0.0,88.7,5.7,3.0,418.7,35,361880,698,3,0
CUST-2156,200.0,47125.41,200.0,151278.97,0.974,2739.25,58437.37,21.33,2,19,0.063,74.0,Engaged,"{'transactionFrequency': 25.0, 'digitalUsage': 21.7, 'productUsage': 8.0, 'recency': 19.3, 'servicePenalty': 0.0}",2,False,False,True,False,1,0,0,11.0,86.7,8.7,5.0,488.6,60,258976,762,50,0
CUST-2157,681.11,40163.69,200.0,93487.66,0.876,2613.64,57064.49,21.83,1,17,0.046,71.7,Engaged,"{'transactionFrequency': 25.0, 'digitalUsage': 19.1, 'productUsage': 8.0, 'recency': 19.7, 'servicePenalty': 0.0}",2,False,True,False,False,0,0,0,0.0,76.3,3.8,2.7,460.6,37,488057,657,3,0
CUST-2158,3832.36,40003.91,200.0,69886.69,0.705,3000.17,26001.45,8.67,26,1,-0.457,49.4,At Risk,"{'transactionFrequency': 10.8, 'digitalUsage': 19.2, 'productUsage': 8.0, 'recency': 11.3, 'servicePenalty': 0.0}",2,False,True,False,False,0,0,0,0.0,76.9,4.7,1.2,462.5,21,476946,692,5,1
CUST-2159,200.0,21974.44,200.0,91310.75,1.086,2155.01,54234.39,25.17,2,20,0.04,71.7,Engaged,"{'transactionFrequency': 25.0, 'digitalUsage': 21.4, 'productUsage': 8.0, 'recency': 19.3, 'servicePenalty': 2.0}",2,True,False,False,False,1,1,0,78.0,85.4,6.5,0.7,446.2,21,323456,780,14,0
CUST-2160,200.0,23209.82,200.0,64458.52,0.912,2622.9,23606.08,9.0,14,2,-0.564,42.2,At Risk,"{'transactionFrequency': 11.2, 'digitalUsage': 17.6, 'productUsage': 8.0, 'recency': 15.3, 'servicePenalty': 10.0}",2,False,False,True,False,3,2,2,6.0,70.4,9.7,0.7,531.5,59,658305,670,4,1
CUST-2161,200.0,10226.23,200.0,55645.5,1.502,2678.77,55807.62,20.83,4,20,0.396,68.3,Engaged,"{'transactionFrequency': 25.0, 'digitalUsage': 20.6, 'productUsage': 4.0, 'recency': 18.7, 'servicePenalty': 0.0}",1,False,False,False,False,0,0,0,0.0,82.4,9.7,3.5,474.3,34,795588,762,140,0
CUST-2162,105767.88,124800.68,105767.88,149623.14,0.083,2359.41,23594.12,10.0,3,8,0.138,60.6,Engaged,"{'transactionFrequency': 12.5, 'digitalUsage': 17.1, 'productUsage': 12.0, 'recency': 19.0, 'servicePenalty': 0.0}",3,True,False,False,True,0,0,0,0.0,68.3,7.5,1.0,567.4,21,250000,815,3,0
CUST-2163,41104.2,66092.31,31335.39,95626.98,0.263,2223.1,28900.24,13.0,1,10,1.077,60.3,Engaged,"{'transactionFrequency': 16.2, 'digitalUsage': 14.4, 'productUsage': 12.0, 'recency': 19.7, 'servicePenalty': 2.0}",3,True,True,False,False,1,1,0,118.0,57.7,2.0,0.2,449.1,44,811070,708,102,0
CUST-2164,64361.58,77520.42,63897.27,104984.4,0.173,1913.72,10525.49,5.5,24,1,-0.75,37.0,Dormant,"{'transactionFrequency': 6.9, 'digitalUsage': 15.2, 'productUsage': 8.0, 'recency': 12.0, 'servicePenalty': 5.0}",2,False,True,False,False,1,0,1,0.0,60.6,2.5,0.0,687.2,65,949333,652,3,1
CUST-2165,3789.72,29374.43,200.0,129045.3,1.391,2376.89,79229.74,33.33,1,20,-0.228,79.7,Engaged,"{'transactionFrequency': 25.0, 'digitalUsage': 23.0, 'productUsage': 12.0, 'recency': 19.7, 'servicePenalty': 0.0}",3,True,False,True,False,0,0,0,0.0,92.0,9.8,3.7,470.2,42,250000,770,52,0
CUST-2166,438.45,30303.11,200.0,89244.62,0.979,2331.16,66438.18,28.5,1,21,-0.12,76.2,Engaged,"{'transactionFrequency': 25.0, 'digitalUsage': 21.5, 'productUsage': 12.0, 'recency': 19.7, 'servicePenalty': 2.0}",3,True,True,False,False,2,1,0,78.0,86.0,11.7,2.2,504.2,31,495225,663,19,0
CUST-2167,200.0,28042.12,200.0,46784.76,0.39,2794.91,30743.98,11.0,5,8,-0.057,51.8,At Risk,"{'transactionFrequency': 13.8, 'digitalUsage': 19.7, 'productUsage': 4.0, 'recency': 18.3, 'servicePenalty': 4.0}",1,False,False,False,False,4,2,0,73.8,78.8,7.5,2.2,394.3,24,1155130,702,15,0
CUST-2168,229626.34,355565.01,229626.34,442414.98,0.171,2584.13,57281.55,22.17,1,14,0.015,70.9,Engaged,"{'transactionFrequency': 25.0, 'digitalUsage': 18.2, 'productUsage': 8.0, 'recency': 19.7, 'servicePenalty': 0.0}",2,False,False,True,False,0,0,0,0.0,72.9,2.5,1.2,466.6,43,1081875,793,60,0
CUST-2169,542.74,2100.49,200.0,12587.21,1.243,1843.71,24890.14,13.5,23,1,-0.491,56.0,At Risk,"{'transactionFrequency': 16.9, 'digitalUsage': 18.8, 'productUsage': 8.0, 'recency': 12.3, 'servicePenalty': 0.0}",2,False,True,False,False,0,0,0,0.0,75.3,1.3,1.2,370.4,41,385308,594,11,1
CUST-2170,143246.65,189793.53,130285.99,242635.65,0.181,2700.92,45015.35,16.67,3,14,0.833,66.3,Engaged,"{'transactionFrequency': 20.8, 'digitalUsage': 22.5, 'productUsage': 4.0, 'recency': 19.0, 'servicePenalty': 0.0}",1,False,False,False,False,0,0,0,0.0,90.0,10.3,6.7,503.2,42,504378,824,11,0
CUST-2171,200.0,2765.61,200.0,23449.48,1.417,2349.46,44639.69,19.0,7,11,-0.067,72.0,Engaged,"{'transactionFrequency': 23.8, 'digitalUsage': 22.6, 'productUsage': 12.0, 'recency': 17.7, 'servicePenalty': 4.0}",3,True,True,False,False,3,2,0,95.3,90.4,8.2,3.0,553.1,41,549108,755,26,0
CUST-2172,200.0,8454.0,200.0,47004.82,1.732,2512.43,53179.79,21.17,1,17,0.048,72.3,Engaged,"{'transactionFrequency': 25.0, 'digitalUsage': 19.7, 'productUsage': 8.0, 'recency': 19.7, 'servicePenalty': 0.0}",2,False,False,True,False,0,0,0,0.0,78.7,4.2,0.3,485.9,40,457681,820,34,0
CUST-2173,45304.56,126080.26,39108.48,223891.86,0.459,2730.66,59164.24,21.67,1,13,-0.141,77.5,Engaged,"{'transactionFrequency': 25.0, 'digitalUsage': 18.9, 'productUsage': 16.0, 'recency': 19.7, 'servicePenalty': 2.0}",4,False,True,True,True,1,1,0,34.0,75.4,4.8,2.7,596.9,48,295887,636,56,0
CUST-2174,2581.78,39385.07,200.0,112581.93,0.903,2796.74,38222.11,13.67,9,2,-0.645,59.2,At Risk,"{'transactionFrequency': 17.1, 'digitalUsage': 17.1, 'productUsage': 8.0, 'recency': 17.0, 'servicePenalty': 0.0}",2,False,False,True,False,0,0,0,0.0,68.3,3.5,2.3,484.4,70,679899,660,3,1
CUST-2175,207059.44,218689.47,200407.63,253265.51,0.064,2731.62,12747.55,4.67,15,3,-0.235,50.0,At Risk,"{'transactionFrequency': 5.8, 'digitalUsage': 15.2, 'productUsage': 16.0, 'recency': 15.0, 'servicePenalty': 2.0}",4,True,False,True,True,1,1,0,19.0,60.7,3.7,3.0,401.2,45,1186732,693,5,0
CUST-2176,9253.79,12759.36,200.0,72940.01,1.643,2710.97,54219.32,20.0,4,16,-0.032,77.0,Engaged,"{'transactionFrequency': 25.0, 'digitalUsage': 19.4, 'productUsage': 16.0, 'recency': 18.7, 'servicePenalty': 2.0}",4,True,True,True,False,1,1,0,93.0,77.5,5.7,1.3,469.1,60,490369,850,48,0
CUST-2177,60699.62,64228.89,48242.93,84444.63,0.163,2755.35,18828.24,6.83,9,5,0.15,51.6,At Risk,"{'transactionFrequency': 8.5, 'digitalUsage': 14.0, 'productUsage': 12.0, 'recency': 17.0, 'servicePenalty': 0.0}",3,True,False,False,True,0,0,0,0.0,56.1,8.5,0.8,473.6,35,452990,665,92,0
CUST-2178,90740.02,137129.63,88225.05,193086.24,0.238,3100.08,26350.67,8.5,12,8,-0.172,53.2,At Risk,"{'transactionFrequency': 10.6, 'digitalUsage': 18.6, 'productUsage': 8.0, 'recency': 16.0, 'servicePenalty': 0.0}",2,False,False,False,True,0,0,0,0.0,74.5,2.8,2.3,467.5,51,250000,736,9,0
CUST-2179,1871.98,11287.58,200.0,54064.08,1.227,2615.67,37055.34,14.17,58,0,-0.641,38.3,Dormant,"{'transactionFrequency': 17.7, 'digitalUsage': 20.9, 'productUsage': 4.0, 'recency': 0.7, 'servicePenalty': 5.0}",1,False,False,False,False,1,0,1,0.0,83.5,7.3,1.5,487.1,30,250000,682,12,1
CUST-2180,9733.44,9606.25,200.0,24265.72,0.858,2399.33,15595.63,6.5,47,0,-0.481,28.3,Dormant,"{'transactionFrequency': 8.1, 'digitalUsage': 21.8, 'productUsage': 4.0, 'recency': 4.3, 'servicePenalty': 10.0}",1,False,False,False,False,3,1,3,0.0,87.2,4.7,0.8,469.4,27,349870,643,105,1
CUST-2181,200.0,6432.12,200.0,26186.18,1.095,2188.32,57990.44,26.5,3,13,0.013,71.9,Engaged,"{'transactionFrequency': 25.0, 'digitalUsage': 15.9, 'productUsage': 12.0, 'recency': 19.0, 'servicePenalty': 0.0}",3,False,True,True,False,0,0,0,0.0,63.5,3.5,2.0,497.2,58,346219,687,20,0
CUST-2182,399786.99,482045.53,399786.99,540726.82,0.089,2438.18,45512.65,18.67,1,19,0.192,72.9,Engaged,"{'transactionFrequency': 23.3, 'digitalUsage': 19.9, 'productUsage': 16.0, 'recency': 19.7, 'servicePenalty': 6.0}",4,True,False,True,True,4,3,0,79.8,79.5,3.5,0.7,425.7,58,2372368,756,121,0
CUST-2183,3542.18,9377.77,200.0,39704.45,1.326,2316.53,33589.64,14.5,2,10,-0.146,58.1,At Risk,"{'transactionFrequency': 18.1, 'digitalUsage': 16.7, 'productUsage': 4.0, 'recency': 19.3, 'servicePenalty': 0.0}",1,False,False,False,False,0,0,0,0.0,66.7,6.2,1.3,424.3,21,626363,677,14,0
CUST-2184,72809.54,101652.87,72414.72,115335.31,0.123,1938.92,13249.31,6.83,2,8,0.263,48.2,At Risk,"{'transactionFrequency': 8.5, 'digitalUsage': 18.3, 'productUsage': 8.0, 'recency': 19.3, 'servicePenalty': 6.0}",2,True,False,False,False,4,3,0,45.8,73.2,5.8,0.0,515.7,56,766707,782,6,0
CUST-2185,200.0,11533.31,200.0,40381.4,0.916,2823.28,43760.83,15.5,2,11,-0.173,70.6,Engaged,"{'transactionFrequency': 19.4, 'digitalUsage': 19.9, 'productUsage': 12.0, 'recency': 19.3, 'servicePenalty': 0.0}",3,False,False,True,True,0,0,0,0.0,79.6,7.7,2.3,540.7,37,485436,715,59,0
CUST-2186,200.0,43247.07,200.0,98805.42,0.724,2542.06,43638.67,17.17,1,12,-0.091,72.6,Engaged,"{'transactionFrequency': 21.5, 'digitalUsage': 19.4, 'productUsage': 12.0, 'recency': 19.7, 'servicePenalty': 0.0}",3,False,False,True,True,0,0,0,0.0,77.7,6.0,3.5,540.6,44,507701,658,15,0
CUST-2187,857.86,3310.93,200.0,16499.52,1.345,2366.9,61539.3,26.0,1,21,0.164,76.4,Engaged,"{'transactionFrequency': 25.0, 'digitalUsage': 19.7, 'productUsage': 12.0, 'recency': 19.7, 'servicePenalty': 0.0}",3,True,False,True,False,0,0,0,0.0,78.8,4.5,3.5,465.9,37,728364,771,23,0
CUST-2188,200.0,44103.5,200.0,139375.37,1.089,2541.69,66507.51,26.17,2,18,-0.013,76.2,Engaged,"{'transactionFrequency': 25.0, 'digitalUsage': 19.9, 'productUsage': 12.0, 'recency': 19.3, 'servicePenalty': 0.0}",3,False,True,True,False,0,0,0,0.0,79.6,5.0,1.7,489.7,42,501304,800,140,0
CUST-2189,698442.21,751843.74,698442.21,780037.01,0.029,2514.72,30595.77,12.17,8,10,0.027,63.8,Engaged,"{'transactionFrequency': 15.2, 'digitalUsage': 21.2, 'productUsage': 12.0, 'recency': 17.3, 'servicePenalty': 2.0}",3,False,False,True,True,1,1,0,52.0,84.9,9.2,3.5,546.9,34,767146,667,89,0
CUST-2190,1135.49,46063.09,200.0,113993.05,0.775,2498.34,64956.88,26.0,1,19,0.257,70.0,Engaged,"{'transactionFrequency': 25.0, 'digitalUsage': 21.3, 'productUsage': 4.0, 'recency': 19.7, 'servicePenalty': 0.0}",1,False,False,False,False,0,0,0,0.0,85.3,4.8,3.0,508.6,29,1212508,752,78,0
CUST-2191,529606.02,572015.18,529606.02,601702.87,0.039,2393.03,32305.92,13.5,1,11,0.243,65.8,Engaged,"{'transactionFrequency': 16.9, 'digitalUsage': 21.3, 'productUsage': 8.0, 'recency': 19.7, 'servicePenalty': 0.0}",2,False,False,True,False,1,0,0,17.0,85.2,6.8,2.5,374.4,41,843766,630,3,0
CUST-2192,12350.49,11926.38,200.0,44532.86,1.214,2619.63,30562.4,11.67,1,6,-0.244,69.5,Engaged,"{'transactionFrequency': 14.6, 'digitalUsage': 19.3, 'productUsage': 16.0, 'recency': 19.7, 'servicePenalty': 0.0}",4,False,True,True,True,0,0,0,0.0,77.1,6.2,3.5,383.1,21,1527080,809,3,0
CUST-2193,26720.55,95003.03,26720.55,158797.4,0.372,2662.9,55033.32,20.67,2,15,0.211,73.7,Engaged,"{'transactionFrequency': 25.0, 'digitalUsage': 19.4, 'productUsage': 12.0, 'recency': 19.3, 'servicePenalty': 2.0}",3,True,False,True,False,1,1,0,77.0,77.4,7.0,1.7,503.4,45,250000,676,106,0
CUST-2194,200.0,75302.99,200.0,158484.59,0.618,2136.03,48060.64,22.5,1,12,-0.197,77.6,Engaged,"{'transactionFrequency': 25.0, 'digitalUsage': 20.9, 'productUsage': 12.0, 'recency': 19.7, 'servicePenalty': 0.0}",3,True,False,True,False,0,0,0,0.0,83.7,6.0,6.0,549.8,42,759972,693,35,0
CUST-2195,3751.81,21275.34,200.0,75188.3,1.002,2518.65,55830.1,22.17,2,17,-0.099,78.9,Engaged,"{'transactionFrequency': 25.0, 'digitalUsage': 22.6, 'productUsage': 12.0, 'recency': 19.3, 'servicePenalty': 0.0}",3,False,False,True,True,0,0,0,0.0,90.2,10.3,3.2,568.1,34,549314,685,18,0
CUST-2196,26684.07,15670.02,200.0,74723.45,1.307,2747.55,102575.1,37.33,2,26,0.055,69.4,Engaged,"{'transactionFrequency': 25.0, 'digitalUsage': 21.1, 'productUsage': 4.0, 'recency': 19.3, 'servicePenalty': 0.0}",1,False,False,False,False,0,0,0,0.0,84.4,7.5,3.0,451.1,31,430530,802,140,0
CUST-2197,743.54,21839.46,200.0,78936.59,1.155,2479.79,43396.27,17.5,1,14,-0.302,73.0,Engaged,"{'transactionFrequency': 21.9, 'digitalUsage': 21.4, 'productUsage': 12.0, 'recency': 19.7, 'servicePenalty': 2.0}",3,True,False,False,True,1,1,0,75.0,85.7,5.2,4.2,520.2,23,716772,571,140,0
CUST-2198,70085.29,129081.77,54670.57,189855.17,0.324,2686.94,46573.56,17.33,5,10,0.038,69.2,Engaged,"{'transactionFrequency': 21.7, 'digitalUsage': 19.2, 'productUsage': 12.0, 'recency': 18.3, 'servicePenalty': 2.0}",3,True,False,False,True,1,1,0,38.0,76.9,2.8,1.0,625.7,27,497957,752,9,0
CUST-2199,200.0,51078.81,200.0,130334.25,0.815,2453.47,61745.77,25.17,2,14,-0.111,73.5,Engaged,"{'transactionFrequency': 25.0, 'digitalUsage': 21.2, 'productUsage': 8.0, 'recency': 19.3, 'servicePenalty': 0.0}",2,False,False,True,False,0,0,0,0.0,84.8,8.3,0.8,524.1,43,306802,679,29,0
CUST-2200,10395.23,3866.75,200.0,18448.87,1.123,2454.25,36404.68,14.83,2,3,-0.578,54.7,At Risk,"{'transactionFrequency': 18.5, 'digitalUsage': 18.8, 'productUsage': 8.0, 'recency': 19.3, 'servicePenalty': 10.0}",2,False,False,True,False,2,1,2,0.0,75.3,4.5,0.8,434.1,45,306962,632,39,1
